"","p.log","fc.log"
"AcCa(14:0)",2.62740406021882,0.76792
"AcCa(16:0)",1.96233851656469,0.7675
"AcCa(18:0)",4.74697336190189,1.2179
"AcCa(18:1)",2.61127344382922,1.3988
"AcCa(18:2)",2.37300464224139,1.3713
"Cer(d16:0+pO/26:2)",1.70335939023836,0.56413
"Cer(d18:1/25:1)",1.77167551496885,0.34209
"Cer(d50:2+pO)",7.19838110030559,1.2558
"Cer(d52:2+pO)",6.08893969932598,1.2136
"Cer(d18:0+pO/34:3)",6.67226392837922,1.4419
"Cer(d52:4+hO)",6.42164212859565,1.7364
"Cer(d56:2+pO)",6.43555126708313,1.2231
"Cer(d18:0+pO/38:3)",7.21393309707587,1.4199
"Cer(d18:1+hO/38:3)",6.70998808658738,1.8874
"Cer(d57:2+pO)",6.89005583668683,1.3886
"Cer(d18:0+pO/39:3)",7.27167658903366,1.3117
"Cer(d58:2+pO)",7.36094792606063,1.4103
"Cer(d18:0+pO/40:3)",4.95894444523069,1.5665
"Cer(d18:0+pO/40:4)",5.60565343014944,1.3241
"Cer(d59:2+pO)",5.22363377148532,1.0958
"Cer(d59:3+hO)",6.65707513300148,1.3221
"Cer(d59:4+hO)",6.80667229361449,1.5733
"Cer(d60:2+pO)",5.12421996202157,1.0775
"Cer(d60:3+hO)",6.28179892016646,1.3934
"Cer(d60:4+hO)",7.38313677120801,1.5699
"Cer(d60:5+hO)",6.12586410867001,1.628
"Cer(d14:0/19:1)",1.35079686995779,0.40345
"Cer(d34:0)",0.514806748492299,0.2337
"Cer(d16:0/23:1)",2.26751126910638,0.57489
"Cer(d18:2/21:0)",1.86846336504184,0.46458
"Cer(d18:0+pO/22:0)",4.09307407244712,0.88965
"Cer(d18:1/22:2)",2.19453914802251,0.61583
"Cer(d18:0+pO/24:0)",2.04388807255685,1.076
"Cer(d18:0+pO/24:1)",2.46736866979462,0.52792
"Cer(d18:1/16:0+O)",2.38008040050832,0.74899
"Cer(d18:1/16:1)",3.16232425813039,0.8354
"Cer(d18:1/17:0)",2.52454659649861,0.7155
"Cer(d18:0/18:0)",2.31528456784002,0.63441
"Cer(d18:1/22:1)",1.22442431579445,1.0774
"Cer(d18:0/24:1)",1.22551262781598,0.34599
"Cer(d18:1/14:0)",0.495730164299917,0.20113
"Cer(d17:1/16:0)",1.53503600805072,0.45077
"Cer(d18:0/16:0)",1.6693928851971,0.54265
"CerG1(d42:1+pO)",3.48759100404433,0.93868
"CerG1(d30:2)",0.773105877379968,0.23516
"CerG1(d32:1)",0.352756078678843,0.4598
"CerG1(d32:2)",0.413587006101523,0.46034
"CerG1(d18:1/16:0)",0.265992609927202,0.14132
"CerG1(d34:2)",0.583762432271679,0.62544
"CerG1(d18:1/18:0)",3.30123506777388,0.88899
"CerG1(d36:3)",0.292996506706393,0.35066
"CerG1(d36:4)",0.182112288243893,-0.053771
"CerG1(d18:1/20:0)",3.59801724101084,0.855
"CerG1(d18:1/20:0+O)",3.62440711529307,0.93742
"CerG1(d18:1/20:1)",4.70026060755496,1.004
"CerG1(d38:3)",0.222375343285433,0.21477
"CerG1(d38:4)",0.274263832222555,0.30126
"CerG1(d18:1/22:0)",3.49095665492961,0.85277
"CerG1(d18:1/22:0+O)",3.94071916761549,0.95718
"CerG1(d18:1/22:1)",3.91968922961628,0.89579
"CerG1(d18:1/23:0)",2.72526170418016,0.83863
"CerG1(d18:1/23:0+O)",3.75592921699882,0.80016
"CerG1(d18:0/24:0)",2.95150913588649,0.82872
"CerG1(d18:0/24:0+O)",3.54583076533349,0.80242
"CerG1(d18:1/24:0)",2.89414430669976,0.7853
"CerG1(d18:1/24:0+O)",3.15466155319002,0.85931
"CerG1(d18:0+pO/24:2)",4.86142704985735,1.0693
"CerG1(d18:1/24:2)",3.35101881206727,0.82059
"CerG2(d37:4+pO)",3.4388174725975,0.62464
"CL(18:2/18:1/16:0/18:1)",4.77034003147126,2.9885
"CL(18:2/18:2/16:0/18:1)",5.13485307566172,2.6414
"CL(18:2/18:2/18:2/16:0)",4.68180564746261,1.719
"CL(18:2/18:2/18:2/16:1)",4.2794484884557,1.0016
"CL(18:1/16:0/16:0/18:1)",5.48805767040317,2.3052
"CL(18:4/18:2/18:2/18:2)",4.04900134440406,0.92684
"CL(18:2/18:1/18:1/18:1)",3.72325386765429,2.4273
"CL(18:2/18:1/18:1/18:2)",5.50472889569737,1.6076
"CL(18:2/18:2/18:2/18:1)",5.2535924664131,1.3246
"CL(18:2/18:2/18:2/18:2)",4.59694361173353,1.0814
"CL(20:5/18:1/18:2/18:2)",5.15927488114464,1.2542
"CL(20:5/18:2/18:2/18:2)",4.17615347099056,0.97578
"CL(18:2/16:0/16:0/18:1)",5.09191781759826,2.6233
"CL(20:2/18:2/18:2/18:1)",7.4859927799926,1.9063
"CL(20:2/18:2/18:2/18:2)",4.04248429894577,1.5527
"CL(18:2/18:1/20:4/18:2)",5.90103782701271,1.7635
"Co(Q8)",2.8544963359767,0.52325
"DG(14:0/18:2)",1.77129383269142,0.58272
"DG(32:3e)",1.22832035372489,-0.26984
"DG(16:0/18:1)",3.79114532258968,1.1234
"DG(34:2e)",0.282629412659159,0.11704
"DG(16:1/18:2)",1.27524794486687,0.52645
"DG(16:1/18:3)",3.36759913186872,0.63656
"DG(35:1e)",0.638636896154283,0.18133
"DG(35:1p)",0.509025496767576,-0.13002
"DG(18:0/18:1)",4.58645904822831,1.1417
"DG(36:1p)",1.25646350094665,0.36123
"DG(18:1/18:1)",3.35444174727512,1.0681
"DG(36:2e)",0.0544858024963958,-0.040077
"DG(18:0/20:4)",8.00029200340927,1.428
"DG(36:4p)",0.338182630151961,0.27623
"DG(18:3/18:3)",1.97404941034787,-0.73038
"DG(38:1e)",0.544286489703653,-0.25389
"DG(20:1/18:1)",5.11859938600329,1.1104
"DG(38:2p)",0.835105654937793,0.1585
"DG(38:3)",3.00892313791919,0.54314
"DG(20:1/18:2)",5.62943529752713,0.99419
"DG(20:2/18:2)",3.48221588465654,1.2236
"DG(20:3/18:2)",4.11199116870214,0.96261
"DG(18:1/20:4)",3.68289907242782,0.9495
"DG(18:2/20:4)",2.1594048362726,0.53715
"DG(16:0/22:6)",1.52627547136737,0.70613
"DG(20:5/18:2)",0.868411956879176,0.37751
"DG(40:1e)",0.217197944268796,0.1259
"DG(18:1/22:4)",5.62077240953802,1.1796
"DG(18:0/22:6)",2.90298835335632,0.65433
"DG(22:5/18:2)",4.21814796946704,0.91605
"DG(18:1/22:6)",3.18372772198527,0.87447
"DG(18:2/22:6)",3.89094019948189,0.89566
"DG(56:4)",0.177073354135102,-0.22432
"DG(26:0p)",0.107538440485241,0.19731
"DG(28:1p)",0.159457960247772,0.13289
"DG(30:1e)",0.318411349408579,0.071934
"DG(30:1p)",0.426425508333837,0.13887
"DG(31:1p)",1.39760866879653,-0.26519
"DG(16:0/16:1)",2.81334119337111,0.99274
"FA(20:4)",2.9981865789317,0.66433
"LPC(16:0e)",3.03245294556675,0.62813
"LPC(18:0e)",4.20435102574703,0.97978
"LPC(18:0p)",1.4041384520913,0.4416
"LPC(20:1)",1.80454789116471,0.36553
"LPC(22:5)",2.24401461565875,1.437
"LPC(24:0)",2.62620527653137,0.47301
"LPE(18:0p)",2.17005832324439,0.76883
"LPE(18:3)",4.91700746785564,2.0004
"LPE(19:0)",4.60713372875715,1.1435
"LPE(20:3)",2.31750909816729,0.96516
"LPE(20:5)",3.14310540392163,1.1943
"LPE(22:4)",0.757924026488454,0.58526
"LPE(16:0p)",1.96272275190048,0.46819
"LPG(18:1)",2.59014172994953,0.90375
"LPG(18:2)",3.1646403230318,0.74872
"LPI(16:0)",2.38493650486248,1.04
"LPI(18:1)",2.12333815178038,1.1283
"LPI(20:4)",2.70345772594413,0.86972
"LPS(20:4)",0.728556770813256,0.23753
"LPS(22:6)",2.60856748964781,0.676
"MGDG(16:0/16:3)",4.42295239872506,0.6966
"MGDG(16:0/17:3)",2.9026164875362,0.62845
"MGDG(16:0/18:1)",2.37261684447307,0.70801
"MGDG(41:5)",0.151528063628384,0.19898
"MGDG(42:5)",5.39643221342168,0.6633
"MGDG(44:4)",3.0117925291247,0.95042
"MGDG(44:5)",3.96333800044767,1.043
"PA(34:0)",1.19790550035912,0.77438
"PA(18:0/18:1)",0.55867730429683,0.38497
"PA(18:0/18:2)",1.09161103831757,0.71059
"PA(38:2)",0.581478104443128,0.43017
"PA(18:0/20:4)",1.72349513013325,1.0414
"PC(16:0/14:0)",1.92595508104264,0.41674
"PC(16:1/14:0)",2.08389485332598,1.0443
"PC(16:0e/16:0)",0.594393104378893,0.18857
"PC(16:0p/16:0)",2.009530911459,0.47995
"PC(16:0/16:1)",2.16207546534159,0.63071
"PC(16:1/16:1)",4.73380536338899,1.1928
"PC(15:0/18:2)",2.13913936705174,0.60863
"PC(18:0/16:0)",1.16614513932719,0.21723
"PC(18:0e/16:0)",3.91576076209729,0.76864
"PC(18:0p/16:0)",1.20420025018874,0.38443
"PC(16:0/18:1)",3.37784370265472,0.55011
"PC(16:0/18:2)",4.46660591641806,0.6682
"PC(16:0e/18:2)",3.54021961805415,0.81213
"PC(16:1/18:2)",4.55763199318448,1.0245
"PC(14:0/20:4)",2.03288636538522,1.1488
"PC(17:0/18:1)",3.5230780594564,0.49181
"PC(17:0/18:2)",3.71104621870063,0.59007
"PC(20:0e/16:0)",2.97554380509329,0.80112
"PC(18:1/18:1)",6.17165055740417,0.78626
"PC(18:1/18:2)",3.92012523609566,0.67587
"PC(16:0e/20:4)",3.33712694327488,0.70233
"PC(16:0p/20:4)",3.87693592628907,0.74014
"PC(16:1/20:4)",2.15885770734766,1.1402
"PC(16:1/20:5)",2.14631199066511,1.105
"PC(14:0/22:6)",1.38969278293234,1.1967
"PC(19:0/18:1)",1.52666544234243,0.58297
"PC(19:0/18:2)",4.13941173331713,0.6009
"PC(19:1/18:2)",1.71679874510666,0.55534
"PC(17:0/20:4)",4.9224383288434,0.64598
"PC(16:0/22:1)",3.07923229665067,0.7275
"PC(20:0/18:2)",4.40654497788249,0.75384
"PC(18:0/20:3)",6.14915051588481,0.81323
"PC(16:0/22:4)",3.03145970253908,0.80972
"PC(18:0p/20:4)",0.725763192665305,0.36887
"PC(16:0/22:5)",2.0128373463653,0.60274
"PC(18:0/20:5)",4.56796940457755,0.96327
"PC(16:0/22:6)",1.71313070050892,0.99261
"PC(16:0e/22:6)",1.48085386276627,0.96718
"PC(16:1/22:6)",1.23484253037115,1.4071
"PC(19:0/20:4)",3.80562392944709,0.45609
"PC(18:1/22:0)",2.92228629621022,0.92756
"PC(18:0/22:4)",1.79018473527045,0.52481
"PC(18:0/22:5)",2.73277353658678,0.48962
"PC(18:0/22:6)",6.04570357040847,1.0743
"PC(18:1/22:5)",1.74936206440943,0.81908
"PC(18:2/22:6)",5.19305439554019,1.329
"PC(18:1/23:0)",2.245069305247,0.88023
"PC(18:1/24:0)",2.53293069884471,0.76365
"PC(20:4/22:6)",5.46617701112523,1.3117
"PC(24:0/18:2)",2.72649925104225,0.85001
"PC(31:2)",4.9357951476447,1.2224
"PC(32:0)",1.83360856800662,0.3717
"PC(21:4)",0.0338217591500732,0.048803
"PC(28:0)",3.30131608653258,0.83985
"PC(30:0e)",4.57294285573001,1.163
"PC(30:1)",1.91650629696847,0.81992
"PC(31:0)",0.774772785434102,0.29652
"PC(33:3)",4.59618965253928,1.3568
"PC(34:0)",3.57422998803504,0.68829
"PC(32:0e)",3.25291554297091,0.82733
"PC(14:0/18:2)",3.81642786946514,1.0657
"PC(32:2)",4.19594078198926,1.0875
"PC(32:3)",0.777000231832137,0.17688
"PC(33:1)",2.57514779040806,0.78681
"PC(33:4)",5.59116302195977,0.92906
"PC(33:5)",3.50007048036596,1.2058
"PC(34:2)",5.13062350337466,0.68758
"PC(34:0e)",3.07758958699599,0.63082
"PC(34:1e)",2.60879873373663,0.83234
"PC(35:2)",4.49005276475923,1.0351
"PC(34:2e)",4.04830385493512,1.2198
"PC(34:2p)",3.69001995994793,1.545
"PC(36:1)",6.2574489984518,1.4118
"PC(35:1)",4.43530617283677,1.0411
"PC(36:2)",6.63820010082233,0.97645
"PC(36:0)",1.23039058037194,1.0661
"PC(18:0p/18:1)",3.24515737306914,1.2361
"PC(36:2p)",1.73955393081424,0.53605
"PC(38:3)",5.88434293697368,1.467
"PC(36:4e)",4.30320551391366,1.1557
"PC(36:6)",4.28366167911169,1.1928
"PC(37:1)",2.91917397204735,1.1358
"PC(37:2)",3.1540997530263,0.97125
"PC(37:3)",3.43148784157989,0.72851
"PC(37:4)",4.58348645953591,1.1188
"PC(37:6)",0.78466123560998,0.84634
"PC(38:2)",4.76099135221737,0.80268
"PC(18:1/20:4)",0.932825246160831,0.17622
"PC(38:6e)",3.62796315247386,0.94013
"PC(38:8)",3.82821938795974,1.428
"PC(39:4)",4.77137273236432,1.0848
"PC(39:6)",2.57066721507605,0.78812
"PC(39:7)",3.18750330786723,0.58534
"PC(40:1)",2.90356569459959,0.89993
"PC(40:5e)",1.85832691324423,0.95522
"PC(40:6e)",4.24221249867877,1.383
"PC(40:6p)",2.249661603804,0.96463
"PC(40:8)",4.51141336192094,1.2247
"PC(40:9)",2.26709140729832,1.2971
"PC(42:1)",2.43845255942185,0.88991
"PC(42:10)",4.58874438154065,0.96443
"PC(42:2)",3.31956470259953,1.2047
"PC(42:5)",1.03180481150203,0.46596
"PC(42:7)",2.34648573640716,0.70463
"PC(42:8)",1.8005634102693,1.0709
"PE(32:0p)",0.794719324074218,0.22019
"PE(16:0/16:1)",2.8422689409388,0.83429
"PE(32:1p)",4.08367287969693,0.68344
"PE(34:0)",0.759858338999817,0.26052
"PE(18:0/16:0)",2.01487748608827,0.47695
"PE(34:0p)",2.07340907348145,0.66485
"PE(34:1p)",2.71184026461275,0.66124
"PE(16:0/18:2)",4.86305677839154,1.0583
"PE(18:1p/16:1)",3.09807783457816,0.61069
"PE(34:2p)",0.266074828860547,0.20115
"PE(16:1/18:2)",3.94740848950942,1.0752
"PE(17:0/18:1)",2.73254660575493,0.57537
"PE(17:0/18:2)",3.40538707552611,0.7156
"PE(16:0p/20:1)",2.84298209301442,0.86807
"PE(36:2p)",2.23368753314376,0.73032
"PE(36:3p)",3.10649674978598,1.5691
"PE(16:0/20:4)",4.64268269658392,1.1568
"PE(16:0/20:5)",3.30966546272157,0.88471
"PE(16:1/20:5)",3.32792000811584,1.4556
"PE(19:0/18:1)",2.65326174021848,0.54936
"PE(19:0/18:2)",3.3577071266626,0.67862
"PE(18:0/20:1)",2.61781661460263,0.54434
"PE(38:1p)",2.40110501121744,0.66293
"PE(38:2)",5.3001973536277,0.79996
"PE(20:1/18:1)",3.49996085040206,0.72978
"PE(38:2p)",2.22386283714938,0.89588
"PE(18:0/20:3)",4.14340351502372,0.87844
"PE(16:0/22:5)",4.30426705584736,1.0441
"PE(18:0/20:5)",4.98215355370446,1.2264
"PE(18:1/20:5)",4.16279062668863,1.5561
"PE(19:0/20:4)",4.46392922751588,0.80355
"PE(18:1/22:1)",2.5247197031046,1.1829
"PE(20:0e/20:4)",1.74340022577737,0.66577
"PE(18:1/22:5)",5.78176261971849,1.3472
"PE(18:0e/22:6)",2.8401490774951,0.66354
"PE(18:2p/22:6)",2.96860994780921,1.1215
"PE(18:1/24:0)",3.12203260060196,0.82155
"PE(20:0p/22:5)",2.91576307647711,0.71301
"PE(19:1)",0.00977130573622277,0.010773
"PE(19:2)",0.0786490860767784,-0.089171
"PE(20:4e)",3.60053404740646,0.90735
"PE(20:4p)",3.34142456345374,1.1619
"PE(21:2)",0.0264111181179467,0.03208
"PE(21:3)",0.28400735809056,0.27678
"PE(23:4)",0.112438578946623,0.13974
"PE(32:1)",2.90968553767027,0.91998
"PE(16:0p/16:1)",3.53249628616242,0.72312
"PE(32:2)",3.61133082665564,0.97518
"PE(18:0p/16:0)",0.214412345267097,0.19008
"PE(34:1)",4.19332405960563,0.87332
"PE(34:2)",3.61563748539684,0.49608
"PE(34:2e)",3.33975455619635,0.55472
"PE(16:0p/18:2)",3.52221156052709,0.74807
"PE(35:2)",4.20647881913818,1.0486
"PE(35:3)",1.34956872724139,0.28218
"PE(18:0/22:6)",5.72830008005732,1.585
"PE(36:1)",4.5623166441875,0.98973
"PE(18:0p/18:1)",2.8970265203876,0.84524
"PE(36:2e)",3.02791279706789,0.6874
"PE(18:0p/18:2)",2.60562513845099,1.233
"PE(18:0/18:3)",4.90530979549069,0.8121
"PE(36:4)",5.04316016486868,1.5363
"PE(36:4p)",1.5378132943138,0.30666
"PE(18:3/18:2)",4.5090270999309,1.5613
"PE(16:1/20:4)",3.36950810919448,0.83266
"PE(38:4p)",2.50191221762973,0.47175
"PE(18:1p/20:4)",2.60563898468999,1.0796
"PE(18:2p/20:4)",0.973510265283838,0.29449
"PE(40:4)",3.01312636452098,0.85491
"PE(20:1/20:4)",3.19296628700673,0.82195
"PE(20:4/20:4)",4.7483179253257,1.6362
"PE(20:4/22:6)",4.83277140010384,1.4335
"PE(51:6)",2.00741507898776,0.64326
"PG(16:0/18:1)",4.14080339900224,1.9052
"PG(16:0/18:2)",5.13549014312784,1.58
"PG(16:1/18:2)",3.4416349531979,0.85887
"PG(18:1/22:6)",0.740899736115065,0.4508
"PG(18:2/22:6)",1.65184521787265,0.6108
"PG(32:0e)",0.432331648344064,0.16993
"PG(34:0p)",1.92662514174002,0.22643
"PG(34:1)",0.31623274857684,-0.10362
"PG(34:2)",5.81934196964406,1.6501
"PG(28:0/18:2)",5.17546275949758,-0.93194
"PG(47:2)",7.27789838059506,-2.4022
"PG(47:3)",7.40565483595225,-2.1349
"phSM(d35:2+hO)",2.57260284518964,0.82313
"phSM(d37:4+pO)",0.194099957413503,0.03622
"phSM(d37:5+hO)",2.18108297766573,0.43762
"PI(18:0/16:0)",4.61814033393422,0.82593
"PI(16:0/18:2)",3.99724102503503,1.5227
"PI(16:0/18:3)",4.87999093172325,1.0882
"PI(18:1/18:2)",3.4804381422499,1.7475
"PI(18:2/18:2)",3.80154837944312,0.90071
"PI(17:0/20:4)",3.62727808944431,0.676
"PI(18:2/20:4)",3.3066232926223,1.2728
"PI(16:0/22:6)",2.89289680227667,1.0699
"PI(18:0/22:6)",1.37614968528711,1.4046
"PI(18:1/22:6)",1.76208897076413,1.3705
"PI(34:2)",4.79164367297256,1.3513
"PI(36:2)",3.781078015394,1.4221
"PI(38:3)",3.45951317823292,1.1465
"PIP(25:0)",1.78691923423288,0.66829
"PIP(54:6)",2.10920356150482,0.81819
"PS(27:0)",0.0346269139507569,-0.034689
"PS(29:0)",0.253675339333975,0.21666
"PS(16:0/18:2)",4.37922157421092,1.361
"PS(17:0/18:2)",4.43070692970929,1.3368
"PS(18:0/18:2)",3.05739759142528,0.62848
"PS(18:1/18:2)",0.595380203970648,0.44796
"PS(16:0/20:4)",4.80788350841559,1.1325
"PS(18:2/18:2)",3.7004041193265,0.49947
"PS(18:3/18:2)",3.54582478362061,0.93552
"PS(18:0/20:2)",2.28646322159508,0.61064
"PS(18:0/20:3)",4.74237887563443,0.70499
"PS(18:1/20:4)",3.89307299621629,0.72334
"PS(20:3/18:2)",4.42898106367712,0.80127
"PS(39:0)",6.64897572507991,0.95174
"PS(39:3)",4.93811359571181,1.041
"PS(39:4)",2.37672386351358,1.3516
"PS(18:1/22:0)",3.03735668329708,0.80215
"PS(18:1/22:1)",1.54791407945112,0.71985
"PS(40:5)",3.28002052156739,0.79142
"PS(40:7)",2.90151294698486,0.51849
"PS(40:8)",2.87543914502929,0.47828
"PS(18:1/23:0)",1.91950408565763,0.78472
"PS(41:6)",3.91151088432374,1.4099
"PS(20:4/22:6)",4.1688147661036,1.021
"PS(18:1/24:1)",2.62274049984586,0.80789
"PS(18:1/24:2)",2.88012389726181,0.86026
"PS(42:6)",1.08083362745415,0.37506
"PS(43:6)",2.00333980045623,0.62366
"PS(34:2)",4.88063426366893,1.2315
"PS(36:3)",1.77363574412552,0.56982
"PS(38:1)",3.58736111885163,0.81917
"PS(40:6)",1.74665468632789,0.28034
"PS(20:4/20:4)",4.13766414994046,1.1809
"PS(42:9)",0.0964614343308241,-0.037475
"SM(d16:1/18:0)",3.04031320618156,0.3061
"SM(d16:1/18:1)",3.2368022175948,0.56551
"SM(d20:0/16:0)",1.72598324996656,0.33319
"SM(d18:0/18:1)",2.11363030757061,0.39216
"SM(d37:1)",0.932930465629177,0.1759
"SM(d22:1/16:0)",3.49666513381209,0.37897
"SM(d22:1/18:0)",2.57125901427467,0.43471
"SM(d22:1/18:1)",2.02047568288711,0.34471
"SM(d40:3)",0.101015906087219,-0.048667
"SM(d42:1+pO)",3.79900303467242,0.63829
"SM(d22:1/20:1)",3.32599236146065,0.42884
"SM(d22:2/20:1)",3.40292495361712,0.43179
"SM(d43:1)",3.06036182634428,0.47793
"SM(d43:2)",4.04662738883898,0.46817
"SM(d44:2)",1.88836615873505,0.5567
"SM(d40:1)",2.8832014160138,0.57952
"SM(d34:2)",3.20084007151182,0.3489
"SM(d35:1)",0.779002546035995,0.39148
"SM(d35:6+pO)",0.00458691389319196,-0.0013527
"SM(d36:0)",3.30356068646298,0.83984
"SM(d36:2)",3.36059773645509,0.39461
"SM(d36:4)",0.0301833227872864,0.0049663
"SM(d38:0)",3.44070020186864,0.74379
"SM(d38:2)",5.35851666754803,0.71575
"SM(d40:2)",4.42572782241981,0.63274
"SM(d18:1/24:2)",4.77109057554729,0.75758
"SM(d42:3)",3.79998936857964,0.71447
"SM(d18:1/24:3)",2.79773289256148,0.69364
"SM(d42:5)",1.24952172045889,0.29413
"So(d18:1)",2.80598426824347,1.5182
"SQDG(34:0)",1.53726671079414,0.66636
"SQDG(35:3)",2.78597398233921,0.76842
"SQDG(35:6)",0.635963919821118,-0.2019
"TG(4:0/12:0/16:0)",0.18954761850327,-0.22535
"TG(10:0/10:1/12:0)",0.00112584154028075,0.0019662
"TG(4:0/10:0/18:2)",1.35698390555092,0.91454
"TG(34:0)",0.0932260924019648,0.14681
"TG(10:0/12:0/12:1)",0.184864226772677,0.26908
"TG(4:0/12:0/18:1)",0,0
"TG(4:0/15:0/16:0)",0.60536754650417,-0.27302
"TG(4:0/15:0/16:1)",0.0490606052034364,-0.051225
"TG(16:0/10:0/10:0)",0.180463773808136,0.25387
"TG(6:0/12:0/18:1)",0.0370002014273982,-0.058482
"TG(10:0/12:0/14:1)",0.468518131578951,0.15886
"TG(6:0/12:0/18:2)",0.187514157247213,0.087185
"TG(4:0/14:1/18:2)",1.31525889878772,0.40024
"TG(4:0/14:1/18:3)",2.30588339923096,-0.76023
"TG(4:0/16:0/17:0)",0.636227534875375,0.22277
"TG(4:0/15:0/18:1)",0.575393710211167,-0.258
"TG(4:0/15:0/18:2)",0.74705434471067,-0.42917
"TG(4:0/15:0/18:3)",1.44163171555429,-0.36171
"TG(12:0/12:0/14:0)",0.0093380868192901,-0.018789
"TG(16:1/10:0/12:0)",0.0270653859014175,-0.0071421
"TG(4:0/16:0/18:2)",0.574662843327338,-0.10595
"TG(4:0/16:1/18:3)",0.298770208684349,-0.11421
"TG(4:0/16:0/18:4)",0.543634009272635,0.59234
"TG(4:0/16:1/18:4)",2.89013804118465,-0.56457
"TG(4:0/16:0/19:0)",1.76428307145331,0.16993
"TG(12:0/13:0/14:0)",0.348365040721859,-0.37615
"TG(39:1)",0.256284178008534,0.077621
"TG(6:0/15:0/18:1)",0.0613351880733545,0.02435
"TG(4:0/17:0/18:2)",1.00412203027618,0.11477
"TG(4:0/17:1/18:2)",0.169962586843349,-0.15697
"TG(4:0/17:1/18:3)",1.48269827834669,-0.20878
"TG(12:0/14:0/14:0)",0.0334270355718296,0.061973
"TG(16:0/8:0/16:0)",0.0331542581762124,-0.01136
"TG(10:0/12:0/18:1)",0.753746660074701,-0.11754
"TG(6:0/16:0/18:2)",0.371277208323814,0.39713
"TG(10:0/12:0/18:2)",2.13449153517276,-0.37924
"TG(4:0/18:1/18:2)",0.147916852224927,-0.052852
"TG(4:0/16:0/20:4)",0.464059194325858,-1.0311
"TG(4:0/18:2/18:3)",5.76938925494919,-0.72062
"TG(19:0/10:0/12:0)",0.324047881745043,0.38831
"TG(16:0/9:0/16:0)",0.195396841518083,-0.20807
"TG(6:0/16:0/19:1)",0.38769843078024,0.1224
"TG(11:0/12:0/18:1)",0.362143244272939,-0.25035
"TG(6:0/17:0/18:1)",0.693606656412002,0.27367
"TG(4:0/18:1/19:1)",0.0997177339893221,0.028249
"TG(41:2)",2.06684073576107,-0.47592
"TG(41:3)",0.626816069304955,-0.26424
"TG(6:0/17:1/18:2)",0.0504837500280577,-0.010148
"TG(11:0/10:1/20:3)",1.7853718030208,-0.35946
"TG(11:0/12:3/18:2)",2.9686708731848,-0.48017
"TG(41:5)",2.07078219571478,0.39032
"TG(16:0/12:0/14:0)",0.0933683741164722,0.13616
"TG(18:1/12:0/12:0)",0.21402143143154,0.30189
"TG(12:0/12:0/18:2)",0.166661191054493,0.26599
"TG(6:0/18:0/18:2)",0.0168031459435768,-0.0066637
"TG(12:0/12:0/18:3)",0.581998868984145,-0.17264
"TG(6:0/18:1/18:2)",1.14947222446432,-0.23563
"TG(6:0/18:1/18:3)",3.09809024025094,-0.24641
"TG(6:0/18:2/18:2)",3.02265319457928,-0.37737
"TG(6:0/18:2/18:3)",1.17421436981578,0.45568
"TG(4:0/18:1/20:4)",0.358176485754889,0.098564
"TG(4:0/16:0/22:6)",2.52028708539597,0.47839
"TG(4:0/18:2/20:5)",1.30059359579336,-0.38074
"TG(4:0/16:1/22:6)",0.98155460892602,0.44703
"TG(6:0/18:2/19:1)",0.274010931765485,-0.04617
"TG(43:3)",0.311887760123563,0.081061
"TG(43:4)",1.43043707473187,-0.17748
"TG(15:0/10:2/18:2)",1.06075296119719,-0.3836
"TG(16:0/11:4/16:0)",0.642163783309628,-0.23769
"TG(16:1/11:3/16:1)",0.498388156202536,-0.23204
"TG(15:0/10:4/18:2)",0.912974933079161,0.24031
"TG(43:6)",0.0505888486309634,0.019951
"TG(43:7)",1.38969150504845,0.41248
"TG(16:0/14:0/14:0)",0.170561365072365,0.1676
"TG(18:1/12:0/14:0)",0.237139424406352,0.25005
"TG(44:2)",0.303931570523934,0.092582
"TG(16:1/10:0/18:1)",0.466067254241192,0.48191
"TG(44:3)",0,0
"TG(16:0/10:2/18:2)",0.287983318102109,0.42084
"TG(6:0/18:2/20:4)",0.831520720041609,0.36818
"TG(6:0/16:0/22:6)",0.337831725187658,-0.11715
"TG(4:0/18:2/22:5)",1.52663676847938,0.42538
"TG(4:0/18:1/22:6)",3.47593050521987,0.52991
"TG(4:0/18:2/22:6)",4.65530965993222,0.77344
"TG(16:0/12:0/17:1)",0.0237689299465678,-0.026581
"TG(11:0/16:0/18:2)",0.265529208985482,-0.1779
"TG(16:0/11:2/18:1)",1.13437044922451,-0.52533
"TG(9:0/18:1/18:2)",0.81123626143743,-0.25716
"TG(16:0/11:1/18:2)",0.379610366074731,0.34945
"TG(45:3)",0.50674458189771,-0.30084
"TG(16:0/11:4/18:2)",0.28327843311949,-0.11641
"TG(45:6)",1.13039751002714,-0.34494
"TG(16:0/14:0/16:0)",0.942061757673114,0.26303
"TG(16:0/12:0/18:1)",0.239194106111807,0.16257
"TG(10:0/18:1/18:2)",0.445666475406502,0.62803
"TG(18:1/10:1/18:2)",0.113422196970907,0.13594
"TG(18:3/10:1/18:2)",0.116804573354638,0.072376
"TG(16:0/8:0/22:6)",1.50299819362407,0.60039
"TG(6:0/18:2/22:6)",3.6539896242793,0.93831
"TG(15:0/16:0/16:0)",0.437022685488843,0.12608
"TG(19:0/14:0/14:1)",0.326393244047375,0.19717
"TG(16:0/13:0/18:2)",1.02915203613814,0.39435
"TG(15:0/14:0/18:2)",0.167638941931638,-0.075043
"TG(11:0/18:1/18:2)",0.0810159668382334,-0.05115
"TG(11:0/18:2/18:2)",0.85110839903973,-0.39829
"TG(47:4)",0.429170548525586,-0.74235
"TG(16:0/11:2/20:3)",0.612416522916051,-0.17319
"TG(18:2/11:1/18:2)",0.852935444195005,-0.51706
"TG(18:0e/14:0/16:0)",0.146022759174884,0.051867
"TG(18:0p/14:0/16:0)",0.0312177251375363,0.015226
"TG(16:0/14:0/18:1)",0.0664706686040742,0.016488
"TG(16:1/14:0/18:1)",0.444614211968368,0.12928
"TG(16:0/14:0/18:2)",0.0560612986513835,-0.084437
"TG(48:5)",3.86308007401517,0.47484
"TG(18:1/12:2/18:2)",0.0575718149391446,-0.047601
"TG(18:2/12:2/18:2)",0.0197579518515487,-0.018942
"TG(18:2/10:1/20:4)",0.00655861114858751,0.006259
"TG(16:0/16:0/17:0)",1.23161490506415,0.35317
"TG(15:0/13:0/21:1)",0.491873858096251,0.20016
"TG(15:0/16:0/18:1)",2.79124937790766,-0.25251
"TG(20:0/10:2/19:0)",0.476565745708792,0.11548
"TG(15:0/16:0/18:2)",2.25859248158437,-0.25901
"TG(16:0/10:2/23:1)",0.811904023705555,0.21478
"TG(15:0/16:1/18:2)",1.5170267354568,-0.19564
"TG(16:0/14:4/19:0)",0.295767621028792,0.17374
"TG(15:0/16:1/18:3)",0.220576316575916,-0.16636
"TG(18:2/13:0/18:2)",2.31790593819535,-0.45091
"TG(18:0e/16:0/16:0)",0.19940011503972,0.057587
"TG(16:0e/16:0/18:1)",0.437195399687627,0.074001
"TG(16:0e/16:0/18:2)",1.36234539100343,0.28189
"TG(16:0/16:1/18:3)",3.91655241305053,-1.2303
"TG(18:4/16:0/16:0)",5.44680050999445,-1.6431
"TG(14:0/18:2/18:2)",0.503862210227512,0.19572
"TG(16:0/14:0/20:4)",0.540540596205619,-0.47145
"TG(18:4/16:0/16:1)",4.27131085970629,-1.4588
"TG(18:1/14:2/18:2)",0.249579128965723,-0.2002
"TG(16:0/12:0/22:6)",0.123788764485826,0.12301
"TG(16:0e/12:0/22:6)",0.529319822639222,0.51791
"TG(18:3/14:2/18:2)",1.71648747872589,-0.75207
"TG(10:0/18:2/22:6)",0.393537579175669,-0.31179
"TG(16:0/16:0/19:0)",1.63840404481031,0.47782
"TG(16:0/17:0/18:1)",1.56732860175093,-0.13411
"TG(15:0/18:1/18:1)",0.645583845782931,0.13669
"TG(16:0/17:0/18:2)",0.353836038525313,-0.093867
"TG(16:0/17:1/18:2)",1.90763672558766,0.4361
"TG(16:0/17:1/18:3)",0.221008571416954,-0.11189
"TG(15:0/18:3/18:3)",0.935351154304153,-0.33024
"TG(18:4/15:0/18:2)",1.6369540468781,-0.72572
"TG(16:0/13:0/22:6)",0.0501081862389202,-0.0369
"TG(15:0/14:0/22:6)",2.62612295133911,-0.32296
"TG(22:3/11:2/18:2)",1.82162735565653,-0.61123
"TG(20:5/13:0/18:2)",0.500293629038066,-0.37931
"TG(11:0/18:2/22:5)",1.19358355994732,-0.30146
"TG(20:0e/16:0/16:0)",0.446436368518311,0.1289
"TG(18:0e/16:0/18:1)",0,0
"TG(18:0/16:0/18:2)",1.02280430528344,-0.7444
"TG(16:0e/18:1/18:1)",1.67571634229119,0.43217
"TG(18:0p/16:0/18:2)",3.01627082640852,0.40742
"TG(16:0e/18:2/18:2)",1.92267735135755,0.43706
"TG(18:4/16:0/18:1)",7.39367530733593,-1.8989
"TG(52:5)",0.00716848486493548,-0.0023213
"TG(52:6)",0.418999497361027,-0.27219
"TG(16:0/14:0/22:6)",0.0580458776640561,0.025153
"TG(16:0e/14:0/22:6)",0.0961055063154027,0.085836
"TG(18:4/16:1/18:3)",3.93093623592601,-0.79482
"TG(12:0/18:2/22:6)",0.0239069397382425,0.038577
"TG(16:1p/18:3/18:4)",0.588717405380494,-0.26593
"TG(16:1p/18:4/18:4)",0.57563588785105,-0.20958
"TG(16:0/16:0/21:0)",1.86225088375889,0.65869
"TG(16:0/18:1/19:0)",0.0802670489928947,-0.015682
"TG(17:0/18:1/18:1)",0.364794669929583,-0.11736
"TG(19:1/17:1/17:1)",0.406493022115241,0.17195
"TG(17:0/18:2/18:2)",0.300865996785978,-0.071281
"TG(18:1/17:1/18:3)",0.169940415169945,-0.032697
"TG(53:6)",0.319320025847852,-0.21546
"TG(15:0/16:0/22:6)",6.14677825087922,-0.5356
"TG(18:4/17:1/18:2)",3.58310369981953,-0.87507
"TG(18:2/13:0/22:6)",2.59215038781367,-0.91634
"TG(18:0/16:0/20:0)",2.08517870914374,0.73621
"TG(18:0/18:0/18:1)",1.01707400312792,0.14018
"TG(18:2p/18:4/18:4)",0.268817362250542,-0.095101
"TG(20:0e/16:0/18:1)",0.158577080407433,0.038372
"TG(18:0e/18:1/18:1)",0.750118199158968,0.16094
"TG(18:0/18:1/18:2)",0.129705035796628,0.093495
"TG(18:0e/18:1/18:2)",1.63381080536303,0.33304
"TG(18:0e/18:2/18:2)",2.5446651572476,0.4273
"TG(16:0/18:1/20:4)",1.38254768079689,-0.12374
"TG(54:6)",0.0480021412988795,-0.047653
"TG(16:0/16:0/22:6)",0.0777924150776249,-0.024768
"TG(16:0e/16:0/22:6)",0.159145656008124,0.043356
"TG(54:6p)",0.044961921950855,0.023574
"TG(18:2p/18:1/18:3)",0.168919973015516,-0.058299
"TG(16:1p/18:3/20:3)",0.102521492984312,0.071479
"TG(14:0/18:2/22:6)",0.0565166618082367,0.03462
"TG(16:1p/18:3/20:4)",0.336965844501702,-0.065235
"TG(18:2p/18:3/18:4)",0.69040895835267,-0.23924
"TG(16:0/16:0/23:0)",1.38721827073849,0.73571
"TG(16:0/18:1/21:0)",0.367459496376766,0.069263
"TG(55:10)",1.14517580915252,-0.28214
"TG(19:1/18:1/18:1)",0.113325260352051,-0.04256
"TG(19:0/18:1/18:2)",0.0804664179071869,-0.019651
"TG(19:1/18:1/18:2)",1.24312013661612,0.38568
"TG(19:1/18:1/18:3)",0.156907456069844,0.089886
"TG(17:0/18:2/20:4)",0.220331995228675,-0.079727
"TG(16:0/17:0/22:6)",3.65655508669453,-0.48796
"TG(55:7)",1.2100671776105,-0.52167
"TG(18:2/17:1/20:4)",0.243188015816295,-0.060754
"TG(16:0/17:1/22:6)",2.30746321299519,-0.51961
"TG(55:8)",1.05842756703295,-0.36388
"TG(16:0/16:0/24:0)",2.12757139141681,1.0049
"TG(16:0/18:1/22:0)",0.430691931725228,-1.1813
"TG(12:0p/22:5/22:5)",2.0182338700023,-0.20976
"TG(20:0e/18:0/18:1)",0.258434330747234,0.081196
"TG(20:0p/18:0/18:1)",1.28777792842084,0.21488
"TG(20:0/18:1/18:1)",0.119116151900185,0.064317
"TG(18:0/18:1/20:1)",0.118402058838117,-0.089498
"TG(20:0/18:1/18:2)",0.218412059436103,-0.074478
"TG(20:0e/18:1/18:2)",0.804979268591082,0.152
"TG(20:0e/18:2/18:2)",0.941724609238275,0.19817
"TG(18:0/18:1/20:4)",0.362176632756183,-0.070605
"TG(18:1/18:2/20:3)",0.441081315352534,0.084064
"TG(16:0/18:2/22:4)",0.1894968420962,-0.052202
"TG(18:0/16:0/22:6)",1.08970579820586,-0.28414
"TG(18:0e/16:0/22:6)",0.440044645157405,-0.093659
"TG(56:6p)",0.625822500700526,-0.15403
"TG(20:3/18:2/18:2)",0.846828946436776,0.37627
"TG(18:1/18:2/20:4)",1.04092704319085,-0.10497
"TG(16:0/18:2/22:6)",2.22702471253868,0.25192
"TG(16:0e/18:1/22:6)",1.02328291114534,0.16285
"TG(18:1p/18:3/20:3)",0.564186548835528,-0.15717
"TG(20:5/18:2/18:2)",7.34577171545223,-0.74846
"TG(16:0e/18:2/22:6)",0.363191224298452,0.07722
"TG(12:0p/22:4/22:4)",0.0225522902851637,0.0071127
"TG(18:3/18:2/20:4)",1.09269006322882,-0.63905
"TG(16:1/18:2/22:6)",0.558141887437512,0.11407
"TG(16:0/18:3/22:6)",0.867677071049307,-0.1602
"TG(20:1p/18:4/18:4)",0.654311842869496,-0.20136
"TG(25:0/16:0/16:0)",1.59994020124551,0.80735
"TG(16:0/18:1/23:0)",1.2403768933716,0.22146
"TG(18:1/18:1/21:0)",0.931275619429803,0.29653
"TG(18:1/18:2/21:0)",0.0700082248595379,-0.024045
"TG(18:1/18:2/21:1)",0.112339673280633,0.043657
"TG(18:2/18:2/21:1)",0.634052820757013,-0.18091
"TG(19:1/18:1/20:4)",0.0364058137589801,0.022601
"TG(16:0/19:0/22:6)",0.278797144687089,0.13541
"TG(19:0/18:2/20:5)",0.613932456929897,-0.29993
"TG(22:5/17:1/18:2)",0.042200472124304,-0.011405
"TG(18:1/17:1/22:6)",0.00615672184519449,0.0027851
"TG(18:0/16:0/24:0)",2.14128386506996,1.1865
"TG(16:0/18:1/24:0)",1.49795779133597,0.31946
"TG(18:3/20:5/20:5)",0.244229082588054,-0.14636
"TG(16:0/18:1/24:1)",0.358280731893016,0.13662
"TG(20:0e/18:1/20:1)",1.61496165680659,0.41674
"TG(20:1/18:1/20:1)",0.607116906860378,0.16466
"TG(58:3e)",1.69329498005493,0.26679
"TG(58:3p)",0.511471423500772,0.17139
"TG(18:1/18:2/22:2)",0.301500672104957,-0.27877
"TG(18:1/18:1/22:4)",0.995560305922513,0.3061
"TG(18:0/18:0/22:6)",1.34525937508853,-0.29956
"TG(58:6e)",1.87536771568297,-0.42234
"TG(20:1/18:2/22:4)",2.15361242148204,0.54057
"TG(18:0e/18:1/22:6)",0.17905075958192,-0.038208
"TG(18:0p/18:1/22:6)",2.3756088505075,0.39061
"TG(22:4/18:2/18:2)",0.611452746971107,0.3431
"TG(18:1/18:1/22:6)",0.489489062429659,0.25987
"TG(58:9e)",0.420781519000742,0.060626
"TG(14:0p/22:4/22:5)",0.0128725674630922,0.0045583
"TG(25:0/16:0/18:1)",2.14871037252894,0.3887
"TG(18:1/18:1/23:0)",1.32223825877082,0.21365
"TG(18:1/18:2/23:0)",1.32170262443654,0.15335
"TG(18:1/18:2/23:1)",0.473327784512755,-0.26691
"TG(18:2/18:2/23:1)",0.0633372232424589,0.0096502
"TG(18:3/18:2/23:1)",0.733097532842026,0.23232
"TG(19:1/18:2/22:5)",0.0173936343967985,0.0075141
"TG(26:0/16:0/18:0)",3.20718961634353,1.4142
"TG(26:0/16:0/18:1)",2.08686479614668,0.455
"TG(22:4/18:2/20:4)",3.68110222279617,0.48543
"TG(18:2/20:4/22:6)",0.848028951328671,0.20219
"TG(16:0/22:6/22:6)",1.65238119615275,0.31521
"TG(20:5/18:2/22:6)",0.0844861356012473,-0.033947
"TG(18:1/18:1/24:0)",1.38176978479577,0.27528
"TG(18:1/18:1/24:1)",0.288940559039091,0.085021
"TG(18:1/18:2/24:1)",0.259092313871165,0.18471
"TG(18:1/18:2/24:2)",1.24924349777854,0.2303
"TG(24:1/18:2/18:2)",0.265547735323246,0.069963
"TG(24:2/18:2/18:2)",1.04137192587638,0.53051
"TG(20:0e/18:1/22:6)",1.831783003307,-0.29639
"TG(20:1/18:1/22:6)",0.635314624514206,0.46949
"TG(20:3/18:2/22:4)",2.43489729035235,0.41504
"TG(27:0/16:0/18:1)",2.77221133196375,0.51542
"TG(25:0/18:1/18:1)",2.05071609525797,0.36754
"TG(25:0/18:1/18:2)",0.925137270569009,0.24855
"TG(25:1/18:1/18:2)",0.230831471086329,-0.095578
"TG(25:1/18:2/18:2)",1.06925981133081,0.12262
"TG(28:0/16:0/18:1)",2.26322875318214,0.60033
"TG(22:2/18:2/22:6)",4.63488920016464,0.61345
"TG(22:5/18:2/22:6)",4.02343112104506,0.7856
"TG(18:1/22:6/22:6)",2.85921269461391,0.62504
"TG(18:2/22:6/22:6)",1.64552760035164,0.67088
"TG(26:1/18:1/18:1)",2.14369161546214,0.31137
"TG(26:1/18:1/18:2)",0.545968310098347,0.27496
"TG(24:1/18:2/20:3)",0.326988244786551,0.12638
"TG(24:1/18:2/20:4)",0.543036537620836,0.38674
"TG(18:1/22:2/22:5)",1.5441423187991,0.57642
"TG(22:3/18:2/22:4)",1.18433455286537,0.39374
"TG(29:0/16:0/18:1)",3.29544151333707,0.7146
"TG(29:1/16:0/18:1)",1.95005442597198,0.34772
"TG(27:1/18:1/18:1)",2.19856090295518,0.35646
"TG(27:1/18:1/18:2)",1.22348721260156,0.37478
"TG(27:1/18:2/18:2)",0.189655200208606,0.047306
"TG(30:1/16:0/18:1)",1.04603986698102,0.31246
"TG(28:1/18:1/18:1)",2.40824311088456,0.442
"TG(28:1/18:1/18:2)",1.60936957287529,0.22651
"TG(28:1/18:2/18:2)",0.84952689411206,0.17743
"TG(18:1/22:4/24:1)",0.1425947296936,0.10154
"TG(22:4/18:2/24:2)",1.83858105379435,0.603
"TG(29:0/18:0/18:1)",3.79087132668278,1.0134
"TG(29:1/18:1/18:1)",1.33526662800542,0.27951
"TG(29:1/18:1/18:2)",1.15340174737815,0.3444
"TG(29:1/18:2/18:2)",0.557088545253883,0.14923
"TG(30:0/18:0/18:1)",3.40623785839328,1.01
"TG(30:0/18:1/18:1)",3.23757271833717,0.48092
"TG(30:0/18:1/18:2)",0.592514401153667,0.2078
"TG(30:1/18:1/18:1)",1.96032455545517,0.33313
"TG(30:1/18:1/18:2)",0.701341488120555,0.21239
"TG(30:1/18:2/18:2)",0.757820371419843,0.11838
"TG(67:1)",3.92084293404699,1.4984
"TG(67:2)",2.68865327449406,0.48325
"TG(67:3)",1.94005878089163,0.3713
"TG(67:5)",0.477951113911401,0.14958
"TG(68:1)",2.97688681419747,1.2147
"TG(68:2)",3.02011222894273,0.57154
"TG(68:3)",2.55450911867171,0.42768
"TG(68:4)",0.346132375361149,0.11582
"TG(30:1/18:2/20:1)",0.999720874455195,0.2576
"TG(30:1/18:2/20:2)",0.870502061230499,0.20122
"TG(30:1/18:2/20:3)",0.0806533715132939,0.047958
"TG(69:2)",2.42118392678526,0.65896
"TG(69:3)",1.88645829740865,0.39623
"TG(27:1/18:1/24:2)",1.72520240614551,0.40393
"TG(69:5)",0.860212332871283,0.2074
"TG(70:2)",2.93220490060344,0.69515
"TG(70:3)",2.52107620077761,0.57575
"TG(70:4)",1.84395064045798,0.41823
"TG(70:5)",1.59911988220087,0.34445
"TG(30:0/18:2/22:4)",0.937768280848953,0.34104
"TG(71:4)",2.01723736966033,0.51625
"TG(71:5)",1.12729319522499,0.31928
"TG(72:3)",2.47548921287394,0.62149
"TG(72:4)",2.24070179361125,0.5174
"TG(72:5)",1.97224728620536,0.45792
"Cer(d18:1/16:0)",0.834599728194144,0.26495
"Cer(d18:1/18:0)",3.01462092793034,0.9472
"Cer(d18:1/19:0)",2.07737019410373,0.57928
"Cer(d18:1/20:0)",4.392626584668,0.86736
"Cer(d18:1/22:0)",3.70722121895733,0.72549
"Cer(d18:1/23:0)",3.43213096811478,0.61783
"Cer(d18:1/24:0)",3.65023847052358,0.68736
"Cer(d18:1/24:1)",2.95637753501347,0.56171
"Cer(d18:1/24:2)",2.66545991671486,0.57679
"Cer(d18:2/16:0)",1.61270161488533,0.37677
"Cer(d18:2/18:0)",2.94192166745133,0.70884
"Cer(d18:2/20:0)",4.56192578697252,0.79023
"Cer(d18:2/22:0)",2.7168667880459,0.52419
"Cer(d18:2/23:0)",2.94812135656373,0.47596
"Cer(d18:2/24:0)",2.5885936899525,0.50175
"Cer(d18:2/24:2)",1.40397622897683,0.52327
"CerG1(d18:1/24:1)",3.3340149036217,0.83928
"CerG1(d28:1)",0.176704850465418,0.26552
"CerG1(d30:1)",0.894475903426224,0.15768
"Co(Q9)",2.91115806006669,0.59806
"DG(16:0/18:2)",3.58159584089479,0.69636
"DG(18:1/18:2)",3.42483131280213,0.75618
"DG(18:1/22:5)",2.66651126716174,1.3392
"DG(18:2/18:2)",3.41302864050127,0.73368
"DG(18:3/18:2)",0.404754788394283,0.12883
"DG(28:0e)",0.365488044949729,0.22772
"DG(28:0p)",0.360608884185863,0.27441
"DG(32:1p)",0.00652639702616091,-0.0034391
"DG(32:2p)",0.0165823107042815,-0.0033946
"DG(33:1p)",1.38443888304763,-0.21812
"DG(34:1e)",0.769816281068431,0.22277
"DG(34:1p)",0.287957416190181,0.10436
"DG(34:2p)",0.761720737285724,-0.094215
"DG(34:3p)",0.30592214082577,-0.097024
"DG(36:1e)",0.56420113307159,-0.15545
"DG(36:2p)",0.17812946931223,0.041027
"LPC(14:0)",2.49551731177977,0.69681
"LPC(16:0)",3.63958058894584,0.57304
"LPC(16:1)",3.232779863568,0.68167
"LPC(17:0)",2.55384336626274,0.44253
"LPC(18:0)",6.36823959854756,1.0265
"LPC(18:1)",2.55118865237532,0.66976
"LPC(18:2)",2.5654778328959,0.96103
"LPC(18:3)",3.52370270753666,0.55528
"LPC(19:0)",2.64543248984974,0.68716
"LPC(20:0)",1.55029191683479,0.36321
"LPC(20:2)",2.91375605140561,0.71728
"LPC(20:3)",6.20799006914024,0.95897
"LPC(20:4)",2.65359649701834,0.94245
"LPC(22:6)",3.52718896323803,1.1313
"LPE(16:0)",4.10920959467811,0.90689
"LPE(16:1)",2.69759098666374,0.52369
"LPE(17:0)",3.94820829056196,1.184
"LPE(18:0)",5.7183696971916,1.3826
"LPE(18:1)",3.50936723526494,0.77077
"LPE(18:2)",2.16219440243227,1.0501
"LPE(20:1)",2.67827998988525,0.691
"LPE(20:4)",3.29005203021755,1.2021
"LPE(22:5)",0.460748706015794,0.27707
"LPE(22:6)",4.51789031121423,1.1442
"LPI(18:0)",3.6508844919536,1.1292
"LPS(18:0)",0.738759258538017,-0.24163
"PC(16:0/16:0)",1.06529904478926,0.21558
"PC(16:0/18:3)",3.79194022487988,0.9769
"PC(16:0/20:5)",3.14511725642201,1.0369
"PC(18:0/18:0)",3.64284097197767,0.98619
"PC(18:0/20:4)",4.87417199478235,0.77237
"PC(18:0e/18:2)",3.49273694490641,0.81038
"PC(18:2/18:2)",2.3330519117974,0.7217
"PC(18:2/20:4)",3.98100320980506,1.0416
"PC(32:1)",0.887634156032594,0.37197
"PC(32:1e)",3.1189706176797,0.7291
"PC(34:1)",4.30732249200295,0.76725
"PC(34:3)",4.22917701097548,1.1128
"PC(35:3)",2.6380214001408,0.88779
"PC(36:3)",4.27363173330332,0.81969
"PC(36:4)",3.13074043026604,0.74758
"PC(36:4p)",4.25456906509526,1.035
"PC(36:5)",3.20546731332585,1.168
"PC(38:4)",5.91259567657336,1.0088
"PC(38:4e)",4.22934795342419,1.1881
"PC(38:4p)",2.42621972176082,0.96886
"PC(38:5)",2.28693369534171,0.50667
"PC(38:6)",1.87597675328017,1.2348
"PC(39:5)",3.51061916062111,1.004
"PC(40:4)",4.91399301406122,1.1322
"PC(40:5)",4.18174979875208,0.78759
"PC(40:6)",5.65120316149479,1.422
"PC(40:7)",3.11583186339604,0.95566
"PE(16:0/18:1)",4.53155807248901,1.2745
"PE(16:0p/18:1)",3.36914491897712,0.80249
"PE(16:0p/20:3)",3.24587836073667,1.0704
"PE(16:0p/20:4)",2.60449594289271,0.64178
"PE(16:0p/20:5)",2.20361776534858,0.38049
"PE(16:0p/22:5)",2.84835121651042,0.73026
"PE(16:0p/22:6)",3.95192270979881,0.87003
"PE(16:1/22:6)",3.22256445261499,0.88143
"PE(17:0/20:4)",4.94240637416141,1.2023
"PE(17:0/22:6)",4.61626518173544,1.2511
"PE(18:0/18:1)",5.28492106722021,1.4639
"PE(18:0/18:2)",5.13992907015835,1.152
"PE(18:0/20:4)",5.14079252598215,1.1402
"PE(18:0/22:4)",2.19756780688901,0.6158
"PE(18:0/22:5)",2.30405074358594,0.65269
"PE(18:0p/20:4)",3.66127361885125,0.64386
"PE(18:0p/22:4)",3.48641643838389,0.86678
"PE(18:0p/22:5)",3.32880273726654,0.88958
"PE(18:0p/22:6)",3.82244722920653,0.8463
"PE(18:1/18:1)",4.2985970898495,1.1366
"PE(18:1/18:2)",3.61590665797178,0.62769
"PE(18:1/22:6)",3.19339390811074,0.54453
"PE(18:1p/22:6)",3.04983130161172,0.8945
"PE(18:2/18:2)",4.88064570340053,1.5448
"PE(18:2/20:4)",3.82932361738313,1.1599
"PE(18:2/22:6)",4.41927027514795,1.7291
"PE(20:0p/20:4)",2.94578878184709,0.61981
"PE(20:0p/22:6)",3.78604403831236,0.74692
"PE(21:4)",0.082231324677571,-0.11521
"PE(34:3)",4.04843198750044,1.0196
"PE(36:2)",0.25014019726176,0.41527
"PE(38:1)",3.58200288141603,0.59794
"PG(18:1/18:2)",4.45443591554916,1.2147
"PG(18:2/18:2)",3.3263413946883,0.91956
"PG(34:1p)",0.559275179595357,0.14561
"PI(16:0/20:4)",3.97747808406904,0.67531
"PI(16:0/20:5)",3.32662277237675,1.4912
"PI(18:0/20:3)",2.60491309586881,1.1442
"PI(18:0/20:4)",4.1821619501548,0.86687
"PI(18:0/20:5)",4.70659580326463,1.2543
"PI(18:1/18:1)",3.80111066218019,2.1528
"PI(18:1/20:4)",3.12035024756283,0.80856
"PI(36:3)",3.34866695538072,1.5227
"PS(16:0/22:6)",4.47105939415844,0.79215
"PS(18:0/18:1)",3.34537059538328,0.80426
"PS(18:0/20:4)",0.271931864884111,-0.062841
"PS(18:0/22:4)",3.78462730910576,0.89616
"PS(18:0/22:5)",1.85987631983124,0.26129
"PS(18:0/22:6)",4.71928425458855,0.74162
"PS(18:1/18:1)",2.70847596173774,0.46626
"PS(18:1/22:6)",2.74613292080209,0.61958
"PS(18:1/24:0)",2.78039616423031,0.77173
"PS(38:3)",3.19537213011418,0.67164
"PS(38:4p)",0.0805566674329424,0.092532
"PS(40:1)",1.79979695607035,0.46457
"SM(d32:1)",1.6025962387522,0.26038
"SM(d33:1)",2.96898455904078,0.36773
"SM(d34:0)",2.49906066199799,0.26946
"SM(d34:1)",4.70744544920476,0.82208
"SM(d34:1+pO)",4.43858907411767,0.5439
"SM(d36:1)",2.98174708369932,0.68979
"SM(d38:1)",4.80554858295582,0.82241
"SM(d39:1)",2.90732329587089,0.3505
"SM(d40:0)",3.23785873126338,0.53152
"SM(d41:0)",0.692357102302289,-0.10988
"SM(d41:1)",4.38019448108551,0.38014
"SM(d41:2)",0.771972971472738,0.34986
"SM(d42:0)",3.48819050363662,0.60733
"SM(d42:1)",3.26629205777426,0.49456
"SM(d42:2)",3.90060601254704,0.52462
"SM(d42:2+pO)",0.178318871329361,-0.12794
"SQDG(37:6)",0.47413330388452,0.14015
"TG(10:0/10:0/12:0)",0.3521534054689,0.45721
"TG(10:0/12:0/12:0)",0.540401774923905,0.63258
"TG(10:0/12:0/14:0)",0.0587975627019182,-0.019167
"TG(10:0/18:1/18:3)",0.260057387552767,0.35394
"TG(11:0/12:0/18:2)",0.228978887315763,-0.17258
"TG(12:0/14:0/18:2)",0.0984254006411477,0.1371
"TG(12:0/18:2/18:2)",0.0140639839766625,0.014562
"TG(12:0/18:2/18:3)",0.0238139424138601,-0.037281
"TG(12:0/18:2/20:5)",1.1038939113294,-0.6457
"TG(14:0/18:2/18:3)",0.3720798029407,-0.19196
"TG(15:0/14:0/16:0)",0.214664361938373,-0.18281
"TG(15:0/16:0/16:1)",0.381063860900388,-0.13895
"TG(15:0/18:1/18:2)",4.02915214222679,-0.20945
"TG(15:0/18:1/18:3)",2.41764045401561,-0.30514
"TG(15:0/18:2/18:3)",2.17003266071155,-0.39457
"TG(15:0/18:2/20:5)",3.86033562624808,-0.76537
"TG(15:0/18:2/22:6)",0.762896974202064,-0.6898
"TG(16:0/10:1/18:2)",0.233633343768766,-0.3201
"TG(16:0/12:0/18:2)",0.202245971902781,0.16046
"TG(16:0/12:0/18:3)",0.310634352136997,0.29892
"TG(16:0/14:0/18:3)",0.382350091060326,0.17764
"TG(16:0/16:0/16:0)",0.340234482470013,0.54498
"TG(16:0/16:0/18:1)",0.249368935139173,-0.03157
"TG(16:0/16:0/18:2)",0.0861969388177148,-0.070479
"TG(16:0/16:0/18:3)",0.200990843825815,0.018224
"TG(16:0/16:0/24:1)",0.997055192901655,0.19114
"TG(16:0/16:1/18:1)",0.118427093317889,-0.027157
"TG(16:0/18:1/18:1)",2.17940406361599,-0.048094
"TG(16:0/18:1/18:2)",0.0762096229391076,-0.22652
"TG(16:0/18:1/18:3)",1.57361304130494,-0.13112
"TG(16:0/18:1/22:6)",1.25312482793085,0.13878
"TG(16:0/18:2/18:2)",0.356532126671708,0.4024
"TG(16:0/18:2/18:3)",0.588761874519471,-0.26903
"TG(16:0/18:2/20:4)",2.35180292087084,-0.24558
"TG(16:0/9:0/18:1)",0.0655909434268359,-0.046294
"TG(16:0/9:0/18:2)",1.14731710367396,-0.42502
"TG(16:1/18:1/18:2)",0.543180858856357,0.39449
"TG(16:1/18:1/18:3)",1.89091624003973,-0.14095
"TG(16:1/18:2/18:3)",4.62016526629414,-0.47603
"TG(16:1/9:0/18:2)",1.54704277046266,-0.41673
"TG(17:0/18:1/18:2)",1.39895200451667,-0.13006
"TG(17:0/18:1/18:3)",0.153414202619122,0.085509
"TG(17:0/18:1/22:6)",0.207730368532691,0.081942
"TG(18:0/16:0/16:0)",1.7028829139687,0.54314
"TG(18:0/16:0/18:0)",0,0
"TG(18:0/16:0/18:1)",0.26078021035168,-0.059379
"TG(18:0/18:1/18:1)",0.0301906066961881,-0.0032751
"TG(18:1/12:0/18:3)",0.152109050703772,0.16185
"TG(18:1/14:0/18:3)",0.693830634394699,0.2319
"TG(18:1/18:1/18:1)",0.143994885822085,-0.040499
"TG(18:1/18:1/18:2)",0.427328705073071,0.18463
"TG(18:1/18:1/22:5)",1.31296501631227,0.30948
"TG(18:1/18:2/18:2)",0.803582680016101,-0.84521
"TG(18:1/18:2/18:3)",1.73149018738114,1.6273
"TG(18:1/18:2/20:2)",0.276689937563215,0.13237
"TG(18:1/18:2/22:1)",1.17978869507076,-0.31719
"TG(18:1/18:2/22:6)",2.25631588095447,0.22239
"TG(18:2/10:1/18:2)",0.0826059356966604,-0.089917
"TG(18:2/14:2/18:2)",0.153565934989666,-0.10681
"TG(18:2/17:1/18:2)",3.78318146859391,-0.33386
"TG(18:2/17:1/22:6)",2.17434551915248,-0.29999
"TG(18:2/18:2/20:4)",1.40068380911074,-0.25809
"TG(18:2/18:2/22:6)",0.870210704002429,0.13791
"TG(18:3/12:1/18:2)",0.154844619933466,0.15038
"TG(18:3/13:0/18:2)",2.50843864396034,-0.67111
"TG(18:3/17:1/18:2)",3.46320497861958,-0.67905
"TG(18:3/18:2/18:2)",1.50156322041509,-0.34104
"TG(18:3/18:2/18:3)",7.73117283210845,-0.92663
"TG(18:3/18:2/22:6)",1.40782260203759,-0.44672
"TG(18:4/16:0/18:2)",1.4360762978809,-0.31187
"TG(18:4/16:1/18:2)",0.823593722848359,-0.44915
"TG(19:0/18:1/18:1)",0.00993785829413479,-0.0053832
"TG(19:1/18:2/18:2)",0.692357102302289,-0.085576
"TG(19:1/18:2/18:3)",0.544704399561652,-0.25154
"TG(20:1/18:1/18:2)",0.28333230231519,0.095474
"TG(26:0/18:1/18:1)",3.06531440653252,0.47114
"TG(26:1/18:2/18:2)",1.06558299234016,0.25688
"TG(29:0/18:1/18:1)",2.2281857097876,0.5047
"TG(30:0/16:0/18:1)",3.1386737079409,0.81214
"TG(4:0/12:0/18:2)",1.51367350084212,0.84432
"TG(4:0/16:0/18:3)",0.364031749688001,-0.34639
"TG(4:0/18:1/18:3)",1.04377146883723,-0.12623
"TG(4:0/18:2/19:1)",0.854596309954194,-0.45686
"TG(4:0/18:2/20:4)",0.0306538411039771,-0.0092333
"TG(4:0/18:3/18:3)",1.81377451406036,0.49681
"TG(4:0/18:3/19:1)",0.165395348872172,0.038474
"TG(53:4)",0.231127533498067,0.13364
"TG(53:8)",0.267815461494417,-0.10962
"TG(6:0/16:0/16:0)",0.752025388771621,-0.25598
"TG(6:0/16:0/18:1)",0.168983799179029,0.26576
"TG(6:0/16:0/20:4)",0.00442348872285247,0.0027986
"TG(6:0/16:1/18:2)",2.76263673393612,-0.21934
"TG(6:0/18:0/18:1)",0.165245448424897,-0.1368
"TG(6:0/18:2/20:3)",0.284178843550119,-0.11022
"TG(67:4)",0.84639210283351,0.23761
"TG(71:3)",2.55923185272702,0.72915
"TG(8:0/18:2/18:2)",0.0388830452544153,-0.021248
"TG(9:0/12:0/18:2)",3.95828235380555,0.30735
"TG(9:0/18:2/18:2)",0.979895161558882,-0.30849
"TG(9:0/18:2/18:3)",1.96309967241591,-0.47947
