"lipidName","I1_0","I2_0","I3_0","I1_2","I2_2","I3_2","I1_7","I2_7","I3_7"
"BMP 32:6|BMP 16:3_16:3",102230,15049,17590,23451,25184,17800,19123,14478,63465
"BMP 38:7|BMP 16:1_22:6",1212,NA,1136,1142,1139,NA,8163,9591,8515
"BMP 40:6|BMP 18:1_22:5",NA,627,437,NA,NA,1163,4974,3462,16882
"BMP 40:7|BMP 18:1_22:6",663,1212,1384,10833,4812,3800,34736,29290,73262
"BMP 44:11|BMP 22:5_22:6",8583,731,1544,9829,6649,6600,19114,16015,55009
"BMP 44:12|BMP 22:6_22:6",2266,535,NA,13656,3108,7298,25384,16696,99013
"CAR 10:1",96700,74213,98989,102329,96988,80978,81642,74075,79625
"CAR 10:2",49298,55718,42737,47711,56264,34429,56100,36889,35294
"CAR 12:3",58894,16578,20636,31165,35242,38560,76639,46922,60378
"CAR 14:2",22890,41696,17496,47255,29955,29773,23002,44567,10653
"CAR 16:1",22864,29353,29835,60027,49699,48464,34090,28682,34731
"CAR 16:2",50773,37155,33487,76876,50853,57627,34773,32272,26856
"CAR 20:4",21355,1084,4339,902,3159,2278,3942,2063,9105
"CAR 22:2",113640,3098,1191,4158,1093,3255,7666,6267,64429
"CAR 22:5",215889,10456,6006,18445,5633,13487,8842,10439,128006
"CAR 22:7",31822,31535,17149,33772,26377,26948,21938,21597,10668
"CAR 8:1",74103,48211,49790,44655,40956,49148,28975,34538,38595
"CAR 8:2",40240,40474,53934,42524,30056,31854,42684,32551,46761
"CE 20:5",20420,24185,9628,20069,12973,12299,27763,26522,25695
"CE 22:6",14934,19986,18038,20815,22525,24161,32609,38523,30531
"DG 30:0|DG 14:0_16:0",23332,4532,20287,62818,34918,45134,13975,27937,42444
"DG 30:1|DG 14:0_16:1",36063,36201,40201,46890,47642,31405,32774,30103,75193
"DG 30:1|DG 8:0_22:1",21026,53031,6532,13611,28690,14455,7636,24245,36966
"DG 32:0|DG 16:0_16:0",235993,214511,315617,535841,468447,361842,383370,143429,333244
"DG 32:1|DG 14:0_18:1",107813,175503,207840,266355,59718,222021,34819,89207,78264
"DG 32:1|DG 16:0_16:1",141095,31384,126474,84395,360491,179775,199525,86247,161649
"DG 32:2|DG 14:0_18:2",94396,71228,127391,152470,112903,58376,147102,76232,148902
"DG 32:2|DG 16:1_16:1",18229,26337,43802,88776,50708,12377,53999,30500,50471
"DG 32:6|DG 8:0_24:6",6830,6678,6405,21335,17911,20648,7616,5913,6799
"DG 34:0|DG 16:0_18:0",618436,375869,763083,1292310,1287157,771249,911404,636225,1025725
"DG 34:1|DG 16:0_18:1",770437,250700,1437896,3498684,2779929,1754726,2105668,1024802,2080448
"DG 34:1|DG 18:0_16:1",117031,25200,116256,316311,92772,104007,218169,130931,133536
"DG 34:2|DG 16:0_18:2",1568472,732162,1759768,4235705,3459270,990041,2197842,569984,2960596
"DG 34:2|DG 16:1_18:1",428358,390275,482186,1168384,672143,576354,587447,572877,1498119
"DG 34:3|DG 16:0_18:3",169728,55530,70678,60792,13002,6649,31469,71215,54882
"DG 34:3|DG 16:1_18:2",627774,312510,379686,1413642,982387,655552,985342,216689,1343046
"DG 34:4|DG 16:1_18:3",104921,46289,41364,112785,107144,27565,51507,37796,99562
"DG 36:0|DG 18:0_18:0",729793,332624,510867,748068,789046,667009,615107,341247,805671
"DG 36:1|DG 18:0_18:1",940958,608250,856865,1758676,1882116,1048426,1393768,881250,1451519
"DG 36:2|DG 18:0_18:2",731562,575669,865157,1427240,1754129,1178744,981647,809648,885768
"DG 36:2|DG 18:1_18:1",3199518,4903462,5896677,14733104,10524529,7519857,8946627,4595442,10836616
"DG 36:3|DG 18:1_18:2",2132775,1618618,2351968,6440361,3975949,1654331,3568874,1798697,4012717
"DG 36:4|DG 18:1_18:3",351294,142674,151222,354086,251553,151840,136328,73045,133051
"DG 36:4|DG 18:2_18:2",1801160,687156,816924,1664640,1371328,1103690,780724,752749,1560392
"DG 36:5|DG 18:2_18:3",365489,221704,255763,480273,292000,165660,315146,225085,503354
"DG 36:6|DG 18:3_18:3",56336,55927,18383,83840,60032,43002,22102,28500,87696
"DG 38:0|DG 18:0_20:0",175487,80526,61427,130509,95468,47491,101194,96935,93018
"DG 38:1|DG 16:0_22:1",46957,26928,42505,145289,48357,44065,240328,143089,68216
"DG 38:1|DG 22:0_16:1",93911,170929,172991,285326,132287,176594,205401,147052,255882
"DG 38:2|DG 14:0_24:2",256474,178992,984085,377054,1015053,494948,1016599,649477,660336
"DG 38:2|DG 16:1_22:1",50827,98001,131703,196353,231753,160153,229165,26653,139402
"DG 38:2|DG 18:1_20:1",148775,152748,183142,298574,279169,254435,228050,172918,359453
"DG 38:3|DG 16:1_22:2",213752,148456,112224,117540,160441,147635,88586,146693,184560
"DG 38:3|DG 18:0_20:3",8141,6662,3551,7057,13101,7709,71689,48602,127254
"DG 38:3|DG 18:1_20:2",651236,665203,541490,649123,1121602,723975,1179709,627305,1129902
"DG 38:3|DG 22:1_16:2",51973,28937,34246,63247,48243,20975,42114,30116,62192
"DG 38:4|DG 18:0_20:4",186999,79489,116870,486529,202748,198366,418203,274719,911608
"DG 38:4|DG 18:1_20:3",76390,61957,52163,80675,89116,32402,65066,44946,64812
"DG 38:4|DG 18:2_20:2",27647,30344,40398,48785,50580,51270,67943,25845,60305
"DG 38:5|DG 18:1_20:4",53231,34389,53086,140403,213716,82363,146166,71698,108512
"DG 38:5|DG 18:2_20:3",33401,9776,33315,16609,55454,6870,27813,11513,40525
"DG 38:6|DG 16:0_22:6",10310,4270,41335,29823,37506,6510,17837,15324,8864
"DG 38:6|DG 8:0_30:6",14688,18382,20164,30668,58751,27505,23793,19218,35749
"DG 38:7|DG 16:1_22:6",38897,18959,18506,22976,25832,22246,22059,16262,25993
"DG 38:9|DG 16:3_22:6",1191,2795,8961,18733,11682,14837,949,3862,2183
"DG 40:0|DG 18:0_22:0",210616,108534,137688,149410,131726,124567,185465,111697,150154
"DG 40:2|DG 20:1_20:1",45353,51548,41981,86490,66976,61160,54826,43705,60734
"DG 40:3|DG 16:1_24:2",48292,10526,29423,35178,27074,33366,34458,22624,32391
"DG 40:3|DG 20:1_20:2",27996,38642,27892,84371,72587,52051,70843,32443,46859
"DG 40:5|DG 18:0_22:5",18935,3119,6126,4407,15820,9687,14704,27390,74956
"DG 40:6|DG 18:1_22:5",24360,6142,21274,40722,58947,60623,34130,43383,39418
"DG 40:7|DG 16:1_24:6",56732,38665,48904,51103,54712,36488,36880,28479,82324
"DG 42:0|DG 16:0_26:0",72414,27518,26102,11079,18581,12541,11683,23106,27251
"DG 42:10|DG 16:4_26:6",32088,3622,5064,7653,1128,9836,3422,6709,15449
"DG 42:3|DG 18:1_24:2",66875,44109,44207,44373,48829,53381,47985,33566,59515
"DG 42:5|DG 22:2_20:3",9926,NA,NA,461,18,590,105,NA,1134
"DG 42:9|DG 16:3_26:6",210320,16814,21312,36046,25612,31788,19332,21527,88434
"DG 44:10|DG 16:4_28:6",135198,4620,21464,19196,19266,17619,23745,17060,110749
"DG 44:6|DG 22:3_22:3",10423,NA,NA,599,NA,NA,10,952,1848
"DG 44:7|DG 18:3_26:4",125657,43298,42262,48996,52990,64559,36493,46549,79258
"DG 46:8|DG 22:2_24:6",60209,32343,32820,47244,49502,38536,39140,33524,48950
"DG 48:10|DG 22:4_26:6",23055,20346,16857,26419,50353,39281,98774,80763,97872
"DG 48:11|DG 24:5_24:6",23348,12663,7096,14397,11160,19446,15884,9163,20326
"DG 50:11|DG 24:5_26:6",81274,50536,31842,36776,48711,43822,40695,29742,39632
"DG 52:2|DG 18:1_34:1",17804,46613,42504,23270,36711,21297,25112,56636,16090
"DG 52:6|DG 22:1_30:5",12072,10369,62772,33916,68442,21022,5997,59921,52186
"DG 52:6|DG 28:0_24:6",17076,3524,17021,25643,21362,32757,18081,21514,23810
"DG 52:6|DG 30:2_22:4",123808,62445,428007,827577,608704,335842,572553,301984,186759
"DG 52:7|DG 18:1_34:6",28428,83476,51828,52333,110746,88158,89946,92448,58989
"DG 52:8|DG 28:2_24:6",9133,5915,15161,49617,27032,32016,306,699,1320
"DG O-28:1|DG O-14:0_14:1",35792,7597,15880,58873,33499,52359,47850,49938,157341
"DG O-30:1|DG O-14:0_16:1",41080,41152,29110,78856,52205,58143,69652,56081,143915
"DG O-30:4|DG O-16:3_14:1",26773,4830,22156,25720,33047,8511,42477,46032,18265
"DG O-36:1|DG O-22:0_14:1",26932,5529,3495,7328,7694,2348,19328,7044,56034
"DG O-36:3|DG O-18:2_18:1",99555,19100,8874,6068,11354,4653,6586,14348,70662
"DG O-38:1|DG O-18:1_20:0",91256,55035,43625,67572,59612,46477,56858,26815,81762
"DG O-40:9|DG O-16:3_24:6",8030,3181,3808,3253,3222,2088,1800,1489,2063
"DG O-46:4|DG O-24:1_22:3",1396,2228,4159,4949,6007,10531,10566,6371,31241
"Dioctyl phthalate (also known as the production of plastic)",530000,592825,434450,448866,488457,594205,458002,397330,537391
"Dodecylbenzenesulfonic acid",1334342,1539777,2239071,1378353,778593,1864718,2772857,577065,1201174
"FA 14:0",51760,29772,28315,53220,48233,42593,54282,56333,95602
"FA 16:0",721031,502908,377591,730171,673544,666522,897668,800129,1652967
"FA 16:1",33612,7160,4635,27117,14978,14908,33017,15172,42998
"FA 18:0",1717572,764406,554160,1246032,1156653,1083272,1473177,1427898,2352239
"FA 18:1",363192,183730,157978,463384,381755,385434,510867,412855,902533
"FA 18:2",912835,233056,162433,495548,422636,447293,577736,495867,1428700
"FA 18:3",70260,17179,14659,41597,35057,54785,43933,48819,154492
"FA 20:0",62553,24225,19595,38344,36037,35693,53543,46490,83355
"FA 20:1",34284,20505,12360,25153,37762,32786,52966,21485,68116
"FA 20:4",65437,32503,32985,58466,69407,57544,83333,52861,85114
"FA 20:5",25824,19829,15220,6359,34090,37888,1934,34585,4836
"FA 22:4",4494,1580,1855,9431,9249,5184,8686,6236,12536
"FA 22:5",12867,1609,1235,15447,11243,4555,13511,15227,22961
"FA 22:6",27365,26840,28230,55411,60475,46978,31097,50923,95029
"FA 24:0",27146,13492,7833,21898,23778,23242,26326,16531,38898
"FA 26:0",17252,9610,14417,17974,11045,17642,19010,15846,18574
"FA 28:0",21724,17711,14414,9711,15450,16024,14366,13179,29226
"FA 30:0",26557,23111,23790,24368,22281,32471,29534,22335,20410
"FA 38:5",34152,62135,25953,26157,55991,34433,54741,37454,26033
"FA 40:5",107261,89173,97220,117007,73124,184471,192706,204444,111920
"FA 42:5",313794,231059,148730,156611,126382,159312,68803,251492,188581
"FA 44:5",146581,158535,91234,104791,85995,139575,147156,128036,125362
"Juniperic acid",32630,19117,9904,48134,39425,19455,31894,44679,55132
"LPC 20:0",5136,99,1522,7614,5272,5195,19885,12098,24527
"LPC 20:3",8089,2688,10428,27200,23731,20902,71195,59214,22574
"LPC 20:4",3129,4464,4232,3395,5055,3247,12761,12025,18686
"LPC 22:0",16459,19140,19295,35721,25142,32534,32436,19144,17459
"LPC 22:5",6175,2441,13064,7678,6122,9473,9488,5520,10192
"LPC 22:6",64778,94938,94841,24367,23941,42374,31406,13103,95205
"LPC 24:3",97752,54529,42729,59624,67154,44450,41965,26413,45996
"LPC 26:0",6643,2080,231,7837,18,2983,15253,17418,32080
"LPC 28:0",41282,19076,23783,23437,23885,19804,23595,13540,28079
"LPC 28:5",27349,9949,9730,10819,12399,12751,11706,9430,15027
"LPC 28:6",18734,12197,15095,25357,26270,21113,18869,16215,21230
"LPE 18:0",14855,2512,3872,33334,39839,23489,97992,96646,126949
"LPE 20:4",1967,3742,3179,9440,5385,724,18675,13407,27463
"LPE O-22:6",1307,24614,5649,17970,4201,13468,16011,4586,7802
"LPE O-6:0",51576,127876,140222,226819,192250,190474,208436,178133,459477
"MG 16:3",262781,207331,229918,210135,201037,165860,142042,140326,177946
"MG 16:4",138772,65522,64557,112068,114585,110728,84068,88563,123845
"MG 18:0",46513,12951,8276,21076,19609,11072,13955,6171,41305
"MG 18:1",76670,30810,42681,82279,47210,79307,43631,27906,72821
"MG 18:2",347477,84165,59257,159389,52448,104987,100935,104471,187027
"MG 18:3",224457,137204,96648,178650,165048,164414,180774,201994,358937
"MG 20:3",151629,280561,256776,480280,504069,413957,369742,271062,373489
"Norethisterone acetate",1354711,1954994,2539991,1321498,1135776,2091340,3106786,413083,1303716
"PC 28:0|PC 14:0_14:0",28848,20087,20333,57561,57846,37859,109657,50149,89135
"PC 28:2",28611,14716,10461,20524,3920,15009,9262,13553,18186
"PC 30:0",12101,2767,8171,12578,3840,5411,13822,23019,19786
"PC 30:0|PC 14:0_16:0",276602,81358,205298,668143,672446,462901,1310606,917401,1204305
"PC 30:1",65602,66767,65664,394490,192389,126800,286085,227265,301845
"PC 30:3",3391,5245,6771,10858,10424,10024,15272,12059,9916
"PC 32:0|PC 16:0_16:0",985468,623614,873308,2612106,2696395,2119758,4658289,3994014,5926900
"PC 32:1",7529,16594,5520,28239,21315,41477,156941,96597,135613
"PC 32:1|PC 16:0_16:1",532286,464005,386616,1713745,1912781,1183283,2930230,2541669,2822806
"PC 32:2",37024,22441,11177,53825,28981,20715,62335,60045,32571
"PC 32:2|PC 16:0_16:2",1573,965,2001,10476,8854,6336,22504,16463,43343
"PC 32:2|PC 16:1_16:1",71027,60758,54109,258083,189548,174632,364303,340059,364340
"PC 32:3|PC 14:0_18:3",24677,19295,23890,76461,85873,48085,198913,148058,208534
"PC 32:5|PC 14:0_18:5",447600,141897,163152,219454,171476,182189,51004,162393,204735
"PC 34:0",22568,1743,2067,1368,389,1263,551,628,1558
"PC 34:0|PC 16:0_18:0",604756,431603,399757,1624428,1282278,736532,1862721,1552248,3489068
"PC 34:1|PC 16:0_18:1",1474682,1073146,1149410,5932207,4231246,4165384,11549540,5522239,13722425
"PC 34:2|PC 16:0_18:2",272326,152988,212335,415543,277428,366221,507552,466824,663136
"PC 34:2|PC 16:1_18:1",274084,164656,195069,668274,571962,411106,1191848,1192835,1819508
"PC 34:3|PC 16:0_18:3",65521,68663,76106,346299,397971,232858,688390,548340,666266
"PC 34:3|PC 16:1_18:2",17026,9123,15946,45016,36531,20914,57742,37928,67188
"PC 34:4|PC 14:0_20:4",54645,25356,34813,74665,81175,52615,97959,78454,124528
"PC 34:4|PC 16:0_18:4",4358,14337,4571,124622,48544,16691,197728,43077,144378
"PC 34:4|PC 16:1_18:3",43535,22131,39800,129680,146905,69543,65135,311749,145637
"PC 34:5",13176,4990,8400,42143,30388,19347,57779,31687,37376
"PC 34:5|PC 16:0_18:5",11418,6306,2900,10959,10575,3843,12109,12050,9111
"PC 36:0|PC 18:0_18:0",59003,36916,52160,147194,229827,150354,243160,290790,360573
"PC 36:1|PC 16:0_20:1",40913,48061,52257,243596,235607,157616,219440,404170,242974
"PC 36:1|PC 18:0_18:1",207567,217925,332172,668236,915127,672873,1240878,993859,1583916
"PC 36:2",21217,34831,27046,116766,26930,112639,470140,183283,400242
"PC 36:2|PC 18:1_18:1",786859,391374,223261,2512211,881456,878135,2388182,2156980,2798580
"PC 36:3|PC 16:0_20:3",107371,36698,48516,176002,204685,99864,230865,43234,163158
"PC 36:3|PC 18:0_18:3",21475,36690,34569,73101,89846,51365,195891,98929,176434
"PC 36:3|PC 18:1_18:2",316500,204076,183718,539225,639286,394071,1178728,676575,1205593
"PC 36:4|PC 16:0_20:4",637171,411729,516019,1035102,989575,854500,2095255,1660969,2840680
"PC 36:4|PC 18:1_18:3",116176,93141,123167,262689,300008,318682,588381,668302,946230
"PC 36:5",5570,6350,5389,13455,12238,9733,34687,30180,27997
"PC 36:5|PC 16:0_20:5",90263,54172,54305,275868,250385,197171,292131,232530,381933
"PC 36:5|PC 16:1_20:4",143196,88861,68762,365480,359670,235117,633990,751856,767464
"PC 36:5|PC 18:2_18:3",8829,3215,17911,63697,39530,16013,71275,64119,93441
"PC 36:6",18609,11839,9263,73430,58576,52407,59946,37372,73688
"PC 36:6|PC 14:0_22:6",15864,1860,10457,24138,23185,11741,29963,27059,47622
"PC 38:0",34855,13187,9715,7595,4142,5419,3686,3567,49643
"PC 38:1",8343,7495,3522,9071,14687,8094,19559,11853,41404
"PC 38:1|PC 20:0_18:1",11830,18933,5539,38670,21737,36694,12364,10496,46893
"PC 38:2",5308,2017,6443,28211,31394,12350,51153,40591,34787
"PC 38:3",2409,4095,2397,22980,13878,24623,51339,26823,58921
"PC 38:3|PC 18:0_20:3",392590,176104,210097,410069,371764,364284,1006440,1020602,1842587
"PC 38:4",66060,16330,43633,167362,128950,75895,188124,77798,350765
"PC 38:4|PC 18:0_20:4",1178544,624141,608825,1688494,1564611,1044526,3231381,3108049,5340583
"PC 38:4|PC 18:1_20:3",14478,11716,8404,23533,32672,9697,43655,63217,67639
"PC 38:5",12208,11456,2241,13211,3472,11192,52727,7539,51442
"PC 38:5|PC 18:0_20:5",69289,49324,54737,204117,228157,149362,277244,250508,321588
"PC 38:5|PC 18:1_20:4",893593,518671,369005,1842682,1646782,1281839,2897581,2429385,4343265
"PC 38:6|PC 16:0_22:6",193934,105800,123741,338915,331567,201678,472418,368242,650980
"PC 38:6|PC 18:1_20:5",65987,34608,45172,322802,277268,156616,249873,238270,331615
"PC 38:7",67950,34026,58733,111749,75575,62090,144419,119489,278580
"PC 38:7|PC 18:3_20:4",65291,69793,57737,130905,166432,104320,242936,214067,415918
"PC 38:8",5179,1733,7687,29909,33645,20821,30117,27661,34196
"PC 40:0|PC 20:0_20:0",34505,9194,5748,12645,16136,5443,25213,18180,40451
"PC 40:2|PC 18:1_22:1",6471,23498,5708,27988,25262,15786,19863,14625,13459
"PC 40:2|PC 20:1_20:1",5817,6361,13961,16700,14574,9867,63717,26706,36083
"PC 40:3",25834,13395,23470,43373,26889,25715,74722,64158,97561
"PC 40:4",30537,9410,17155,2600,12923,13328,1865,8089,9929
"PC 40:4|PC 18:0_22:4",104961,51059,47805,119063,138068,116835,222594,167933,330113
"PC 40:4|PC 20:2_20:2",93316,44794,40293,67556,68215,53131,47398,55722,86674
"PC 40:5",43917,31772,32856,103869,149120,113063,156212,74864,155848
"PC 40:5|PC 18:0_22:5",225058,77442,112980,260532,182535,160484,498073,219262,676740
"PC 40:5|PC 18:1_22:4",44393,17341,7144,54611,18098,14418,56319,59682,32415
"PC 40:6",11717,2228,11434,35368,32955,25545,106313,79234,91543
"PC 40:6|PC 18:0_22:6",133920,20982,87436,229946,233116,160387,225938,287792,584539
"PC 40:6|PC 18:1_22:5",57736,65918,52874,116803,69835,152374,274490,266511,302804
"PC 40:6|PC 20:2_20:4",51902,52313,59670,94165,178202,114628,49457,40541,36656
"PC 40:6|PC 20:3_20:3",125687,68625,77979,111606,212599,80388,261326,285016,535727
"PC 40:7",12866,15829,7276,53610,40195,35410,92214,56530,72770
"PC 40:7|PC 18:1_22:6",137369,94334,125667,266292,386375,314276,399823,413463,778759
"PC 40:7|PC 20:3_20:4",120539,47733,88072,180618,169728,157938,474945,383884,645695
"PC 40:8",2223,2889,2940,28104,25596,19399,46442,37018,40908
"PC 40:8|PC 20:4_20:4",100550,72560,51662,267107,182764,193694,507323,454190,685514
"PC 40:9",4200,3804,4743,26421,16039,21689,32508,18360,32207
"PC 40:9|PC 18:3_22:6",13122,2686,15331,22508,31549,19932,58356,42387,30950
"PC 42:1|PC 18:0_24:1",4278,4284,10786,22871,16504,10418,4015,2386,3146
"PC 42:10",15596,5322,7024,16230,13679,10403,12094,11158,20606
"PC 42:2",26965,9512,12388,30922,31757,12159,51536,40888,62122
"PC 42:3|PC 16:1_26:2",14585,4728,4660,6797,6706,8713,22127,26876,33594
"PC 42:3|PC 24:1_18:2",20142,2643,6543,17723,8903,17390,17307,31818,28110
"PC 42:4",8104,10030,7314,27259,26888,17706,4493,11548,25770
"PC 42:4|PC 16:1_26:3",125364,4857,22700,45635,31871,26031,37008,26623,77026
"PC 42:5",4914,6925,5626,22155,9498,14624,31888,27731,30511
"PC 42:6",19405,9888,9990,27776,26698,10527,43747,34735,68927
"PC 42:6|PC 12:0_30:6",17284,8722,8284,28293,28305,19861,44772,35273,31156
"PC 42:7|PC 16:2_26:5",6434,7721,37,7590,9694,8486,46452,10283,21963
"PC 42:7|PC 20:1_22:6",13357,4923,4036,24802,17708,14368,20717,21990,40050
"PC 42:7|PC 20:2_22:5",9106,8673,2215,17187,26808,14003,45550,34744,22854
"PC 42:7|PC 24:2_18:5",5149,2033,2256,3590,4470,3288,10763,5090,17207
"PC 42:9",9752,8914,10425,17819,15321,14031,13776,10866,19270
"PC 42:9|PC 20:4_22:5",14047,4704,10684,26229,22503,17665,42293,37984,41593
"PC 44:2|PC 22:1_22:1",15341,5929,7420,17146,4116,2549,2878,2318,8286
"PC 44:3|PC 16:0_28:3",50228,23653,9959,21965,19706,30787,15147,9347,97469
"PC 44:3|PC 18:0_26:3",1275,1496,5233,16319,7929,2406,2233,1326,501
"PC 44:5|PC 18:2_26:3",8854,1401,6305,6603,7419,13785,16279,19835,29483
"PC 44:6|PC 22:3_22:3",14935,557,888,888,549,1342,1985,1045,4350
"PC 44:9",21295,3814,2848,16367,6819,8064,16100,14624,23561
"PC 46:0|PC 20:0_26:0",44198,74736,87194,203908,179071,205595,174393,50222,85107
"PC 46:7|PC 18:2_28:5",28589,NA,371,10963,4297,1572,4269,1189,14999
"PC 46:7|PC 20:2_26:5",34366,6,1318,607,1197,1007,1380,3453,20256
"PC 52:11|PC 30:5_22:6",78548,3505,1907,15977,11032,12002,1794,6412,20623
"PC 52:2|PC 26:1_26:1",44682,5190,6119,4656,9768,3219,3578,989,38261
"PC O-30:0",29088,18994,20664,52195,47222,34979,61743,61087,78234
"PC O-32:0",202435,82949,105776,174123,210235,174334,356683,305094,373974
"PC O-32:1",434114,65178,70854,183041,153051,136349,194673,206891,409693
"PC O-32:2",110338,58229,34192,63103,38186,72956,39519,55780,102330
"PC O-32:3",58974,3136,5317,16435,21366,7762,13958,28938,20800
"PC O-32:4",51008,30647,29988,43707,33274,43716,26064,18956,39201
"PC O-32:5",346482,1246027,1149302,1492425,572633,650742,1318879,1178932,801531
"PC O-32:7",58396,14224,20690,40275,33935,33689,47207,27061,27379
"PC O-32:8",96,231,392,954,1105,2250,463,404,36264
"PC O-34:0",17959,31810,29355,42298,43850,38772,137959,96927,94030
"PC O-34:1",147177,103427,105426,233510,127047,151907,452396,326972,424775
"PC O-34:1|PC O-16:1_18:0",26807,10797,13009,46733,45750,21070,117127,47309,92584
"PC O-34:2",30905,17358,16960,61425,51274,42951,125257,79457,109716
"PC O-34:3",99898,24603,37665,58617,42367,42090,147497,52458,112443
"PC O-34:4",65408,65229,53892,65317,91748,60242,56126,49010,70600
"PC O-34:5",197933,203726,311376,335600,262294,360293,445766,269438,345378
"PC O-34:6",12952,4497,1211,5993,2387,1129,3564,7849,2660
"PC O-34:9",19465,11944,12052,13071,4024,14245,11592,11112,23801
"PC O-36:0",166482,48345,32917,59858,63291,73836,43900,70881,119781
"PC O-36:2",54126,53277,64516,75651,81781,53982,153767,89498,131164
"PC O-36:4",1032114,362861,583596,747679,835658,669323,594446,664590,1003977
"PC O-36:4|PC O-16:0_20:4",8760,2290,4301,16789,11806,8159,32408,32347,17674
"PC O-36:6",122818,158002,153655,211020,53122,202759,135034,170924,124389
"PC O-36:7",11825,2550,963,29036,29968,12349,78835,41285,77252
"PC O-36:9",47822,19114,18134,15033,7917,17395,22884,14629,30345
"PC O-38:0",54529,54758,79357,110750,80335,70271,75251,51850,68989
"PC O-38:3",58560,98419,100948,85245,124600,55892,88908,76081,62490
"PC O-38:4",48121,47399,33165,87508,68659,66620,196636,72446,160092
"PC O-38:5",207943,73942,56947,281521,326005,131015,656138,494626,374328
"PC O-38:5|PC O-18:1_20:4",6853,6790,11907,27938,30379,20791,73402,45137,65472
"PC O-38:6",170889,60678,139348,178084,213376,104190,307697,173556,279032
"PC O-38:7",35974,12097,13996,50677,31985,32302,64323,36946,140800
"PC O-38:8",43221,20812,22945,52921,43893,39157,60184,95259,114431
"PC O-38:9",55106,21046,15012,35436,46367,33890,112890,78009,124024
"PC O-40:1",497551,275374,273242,369922,336494,355914,438750,246668,370460
"PC O-40:11",23837,9932,10538,26904,34869,16647,44184,32602,84162
"PC O-40:4",23946,6120,6630,22573,18466,11992,28920,19696,32973
"PC O-40:5",26346,14891,17433,36487,36159,16718,65827,53050,76227
"PC O-40:6",176428,68617,94718,120882,128634,69437,192467,125927,278879
"PC O-40:7",42790,12082,8377,79783,57890,27900,194211,106416,193812
"PC O-40:8",66937,17506,17036,51743,34984,36106,111358,107728,150408
"PC O-40:9",4641,1975,9167,13068,12367,7114,97662,81744,63153
"PC O-42:0",5250,4678,29237,10000,58923,25766,22203,29645,24778
"PC O-42:10",18,4,NA,624,1788,1268,13253,9540,9443
"PC O-42:4",85135,25879,19203,29926,27229,29316,36714,22362,60962
"PC O-42:5",88772,17161,33358,25107,50593,34005,28607,33511,52992
"PC O-42:6",76646,13272,51177,23334,34476,36176,55244,31262,54987
"PC O-42:7",9448,3175,3437,5554,5127,2925,9812,12911,8328
"PC O-42:8",420852,46142,77005,120922,87586,74903,92607,93365,222750
"PC O-44:10",80767,35533,25336,43219,41907,39164,46243,34050,54402
"PC O-44:3",6001,1994,2887,3994,467,10125,1819,6258,20143
"PC O-44:8",97395,8718,12635,28657,26172,11177,55215,16879,60113
"PC O-44:9",63474,8929,9960,13942,10675,10721,3477,7797,25771
"PC O-46:10",23382,11564,11135,13384,13639,6677,11886,10744,16961
"PC O-46:12",145070,3370,4880,16602,4166,6526,5908,6820,43072
"PC O-46:2",147584,163198,186364,421361,458561,256858,139976,47405,144633
"PC O-48:12",383969,27564,51435,75290,42831,34063,49649,10979,208719
"PC O-52:11",109196,34124,40996,24922,50345,47570,45053,32897,79313
"PC O-52:13",43240,3955,4564,3276,4839,2231,4023,4346,21648
"PE 32:0|PE 16:0_16:0",27505,7417,11036,20090,26916,19294,34545,26783,63508
"PE 32:1|PE 16:0_16:1",198805,21968,11584,32742,28196,13330,74803,69946,137352
"PE 34:0|PE 16:0_18:0",38427,8267,5272,35555,34144,33112,51885,44788,104945
"PE 34:1",9821,2876,5325,9837,8579,2528,28197,24773,63235
"PE 34:1|PE 16:0_18:1",294001,88674,45628,91634,218106,87418,214808,305696,479405
"PE 34:2",106709,22361,3304,26840,22975,31844,21105,13992,41693
"PE 34:2|PE 16:1_18:1",70546,13895,32127,25656,37496,41342,185426,105832,255466
"PE 36:0|PE 18:0_18:0",6237,6182,5370,21479,23871,11683,45681,37562,59072
"PE 36:1",90190,38924,46636,70506,75785,60867,169674,145951,135049
"PE 36:1;O|PE 18:1_18:0;O",1693,1975,2573,13997,13933,9428,38746,28165,37210
"PE 36:1|PE 18:0_18:1",99485,60707,53129,119352,150517,129117,335773,382987,464562
"PE 36:2;O|PE 18:1_18:1;O",20600,3631,22769,5626,9127,4619,10763,5442,11318
"PE 36:2|PE 18:1_18:1",346531,206989,107319,303024,208339,183202,641029,559598,844795
"PE 36:4|PE 16:0_20:4",178584,52699,52530,173170,168616,131788,218744,231155,590379
"PE 36:5",7277,2631,3949,18019,17934,12920,21664,19571,32936
"PE 36:5|PE 16:0_20:5",184,655,219,12873,9804,10088,16605,11894,13529
"PE 36:5|PE 18:2_18:3",4427,4698,3328,15037,10356,7317,19398,20622,28529
"PE 38:3",34884,18303,15542,31341,34919,22384,87724,46387,117639
"PE 38:3|PE 18:0_20:3",55117,37297,35914,92499,88329,68000,169599,126811,242331
"PE 38:4|PE 18:0_20:4",335987,239557,246492,637985,412494,555382,846708,733966,1357393
"PE 38:4|PE 20:1_18:3",404,9683,8088,20872,21265,14569,54090,44948,58042
"PE 38:4|PE 22:0_16:4",45182,12470,6855,39594,50862,42910,23283,66427,152273
"PE 38:5|PE 16:0_22:5",225769,18118,172135,320561,205396,234681,344993,419538,956873
"PE 38:5|PE 18:1_20:4",37648,29116,14162,100406,110018,73078,156888,172490,168377
"PE 38:6",7481,7006,5954,21067,20369,14237,35867,32096,59280
"PE 38:6|PE 16:0_22:6",27576,16481,34735,71260,88647,55878,124853,111039,178177
"PE 38:6|PE 16:1_22:5",65712,39316,34120,103179,106830,73971,152578,162089,389023
"PE 38:7|PE 14:1_24:6",5135,1289,2589,7636,8208,6710,18909,19749,25022
"PE 40:2",5752,1335,924,9535,4770,5898,18420,16155,39930
"PE 40:3",4713,534,2961,8899,9570,5313,48939,41785,65640
"PE 40:4",11469,7012,5934,12045,12826,4685,19210,6520,31439
"PE 40:4|PE 18:0_22:4",43311,35389,34087,68764,70925,49736,121719,73798,167532
"PE 40:4|PE 20:2_20:2",50151,29839,32889,69386,67466,50889,104676,89933,157787
"PE 40:5",12462,9451,8792,3973,17543,2460,7479,26116,45191
"PE 40:5|PE 18:0_22:5",153571,89962,82779,180158,204953,139409,330978,336533,515253
"PE 40:6",39954,8922,7999,46840,40056,38931,89296,103366,173801
"PE 40:6|PE 16:0_24:6",13702,25648,9848,85164,36918,53947,172850,124332,275266
"PE 40:6|PE 18:0_22:6",17444,36171,36076,83143,72667,59327,91009,166367,193079
"PE 40:6|PE 20:1_20:5",155752,42405,49796,125126,126923,45459,260442,238162,590390
"PE 40:6|PE 20:2_20:4",1875,1438,476,4127,1419,761,23726,3386,21159
"PE 40:6|PE 20:3_20:3",62936,25975,9848,63445,36329,16547,171225,164947,275266
"PE 40:7",9616,4194,4714,10787,15444,9502,44945,25148,24127
"PE 40:7|PE 16:1_24:6",54851,26726,23780,96192,102167,63229,111592,82041,245993
"PE 40:7|PE 18:1_22:6",18256,16737,22010,51347,69948,31338,75086,112566,61509
"PE 40:7|PE 20:3_20:4",42233,23959,25965,53175,52958,44262,92533,84604,117934
"PE 40:8|PE 16:4_24:4",14882,3560,4353,11869,26708,8094,44590,37954,77254
"PE 42:6|PE 20:3_22:3",8629,3894,10242,13324,12495,6777,23115,17435,30425
"PE 42:8|PE 18:3_24:5",16473,7150,11871,19178,20378,14264,36347,35566,59835
"PE 44:2|PE 18:0_26:2",23722,20496,16718,46876,48579,38524,96332,89493,158407
"PE O-18:0",1694,3584,4176,17866,4502,13250,49442,42701,35040
"PE O-34:1",6730,436,6434,11486,8737,12297,42897,8074,9451
"PE O-34:2|PE O-16:1_18:1",15381,10172,8075,51073,33634,21576,120435,44855,115030
"PE O-34:7",10164,8081,4332,192,7030,6150,7362,6600,9004
"PE O-36:3|PE O-18:2_18:1",3555,901,1779,14621,20824,17501,60162,27287,89736
"PE O-36:5|PE O-16:1_20:4",45034,43651,46214,177246,175983,134241,308332,152763,329012
"PE O-36:6|PE O-16:1_20:5",2639,3600,4109,40238,51308,23043,77193,63318,75379
"PE O-38:5|PE O-16:1_22:4",19938,11679,18649,58285,55393,46230,65846,86318,109554
"PE O-38:5|PE O-18:1_20:4",25637,8830,23424,34777,56846,71744,105884,122298,190400
"PE O-38:6|PE O-16:1_22:5",38390,75822,77760,155959,248826,124462,279286,242346,365662
"PE O-38:7|PE O-16:1_22:6",29851,22035,29259,85773,89733,51463,187074,106240,208145
"PE O-40:5|PE O-18:1_22:4",4128,4436,5827,10508,20716,9341,23403,17746,31657
"PE O-40:6|PE O-18:1_22:5",19653,18453,16106,38731,28168,11936,57686,33291,68006
"PE O-40:7|PE O-18:1_22:6",9795,8064,12033,35533,23044,17056,70039,45487,81177
"PE O-40:7|PE O-18:2_22:5",16038,32535,42438,43022,55287,36471,159079,146730,85001
"PE O-40:8",59337,31358,34210,46739,109525,64996,229998,216600,393326
"PE O-40:8|PE O-18:2_22:6",13739,21985,22191,88259,80696,42433,206548,52549,141859
"PE P-34:1|PE P-16:0_18:1",6997,3854,9828,11868,70062,9318,126735,22086,80769
"PE P-34:1|PE P-18:1_16:0",32636,10515,10355,71668,73915,50472,131806,99819,84879
"PE P-36:1|PE P-18:0_18:1",6587,5596,12087,21285,23464,6902,69339,26732,56569
"PE P-36:2|PE P-18:1_18:1",3164,9169,6746,41143,37632,10779,52050,57755,126013
"PE P-36:4|PE P-16:0_20:4",154569,53068,61318,207785,234888,151534,330173,308757,655587
"PE P-38:4|PE P-16:0_22:4",83038,27525,33504,83398,72653,57380,90241,125399,169055
"PE P-38:4|PE P-18:0_20:4",119017,88415,76005,157180,250696,196717,382739,395256,520505
"PE P-38:5|PE P-16:0_22:5",171156,86885,103928,235942,221580,303411,432719,579474,544708
"PE P-38:6|PE P-16:0_22:6",64273,36266,33391,26273,101781,74087,178078,185181,316455
"PE P-38:6|PE P-18:1_20:5",17359,3109,8980,72874,65512,46508,44264,40128,108172
"PE P-40:4|PE P-18:0_22:4",32089,6010,15096,29963,33181,24889,35626,34514,46480
"PE P-40:5|PE P-18:0_22:5",44685,30376,25289,75127,14287,46688,97503,77115,105915
"PE P-40:5|PE P-18:3_22:2",37430,28100,28603,41586,47337,34656,90165,38043,159899
"PE P-40:6|PE P-18:0_22:6",42645,20458,18397,59946,44816,20106,94176,86983,153610
"PE P-40:6|PE P-18:1_22:5",173262,43438,85861,202431,198689,96745,443514,462851,430403
"PE P-40:7|PE P-18:2_22:5",1215,1101,5338,11724,20192,14017,32541,34308,48603
"PEtOH 38:6|PEtOH 18:2_20:4",42775,27758,17092,19503,21799,24062,16092,38634,79645
"PG 10:0",24756,8123,7672,13443,12083,12449,16395,12268,30565
"PG 32:1|PG 16:0_16:1",8912,8923,5134,13030,10901,10398,12726,13712,25404
"PG 34:1|PG 16:0_18:1",23501,9992,11988,49240,46191,35416,39318,52635,NA
"PG 36:0|PG 18:0_18:0",4708,4139,3908,19731,18849,7598,32963,29307,38952
"PG 36:1|PG 18:0_18:1",14915,15314,9304,38429,22131,27917,35430,54991,104186
"PG 40:7|PG 18:1_22:6",1126,1140,1963,16693,13502,7957,71295,74696,64131
"PG 44:11|PG 22:5_22:6",818,1229,1304,10093,8599,5405,22428,22946,32064
"PG 44:12|PG 22:6_22:6",9763,1179,486,31598,23877,18881,77260,48047,121533
"PI 14:0",92142,22594,20005,39289,28589,28229,25109,17855,60931
"PI 34:3",10023,32964,8421,155312,170183,102611,309848,247093,64407
"PI 34:4",4682,1919,748,22401,33342,18322,93754,50592,52322
"PI 36:2",10166,1002,3329,14259,17818,9554,28330,13216,43243
"PI 36:3",8503,7217,8045,33756,33044,17123,77218,34803,89864
"PI 36:4",17113,14047,14393,58810,97868,30892,110845,125049,107319
"PI 36:4|PI 16:0_20:4",9212,4558,5741,24426,31062,21444,41351,38835,40703
"PI 38:3",17179,809,1059,29902,26653,13865,109127,96070,115016
"PI 38:3|PI 18:0_20:3",2189,414,1803,13626,17003,9357,51783,70129,46325
"PI 38:4",82069,21065,26854,164361,193845,114576,352934,307986,339888
"PI 38:4|PI 18:0_20:4",100136,70361,76009,270695,311797,200387,488454,452477,354121
"PI 38:5",9114,19628,28827,43467,42738,43961,70741,49483,69767
"PI 38:5|PI 16:0_22:5",14887,5426,14758,8615,30228,26342,88991,81015,72918
"PI 38:5|PI 18:1_20:4",16130,16119,22546,42911,71178,55381,68146,101444,101148
"PI 38:6",762,2048,15186,14320,12209,14811,16686,15701,8580
"PI 38:7",15702,11596,3909,45045,8781,28154,77611,58080,80878
"PI 40:5",3497,421,NA,2742,256,2871,5175,6971,11077
"PI 40:6",2395,15,332,3055,3471,1232,5727,5838,9569
"PI 40:7",3577,2920,2016,4485,6575,4578,9961,9375,13712
"PI 40:9",679,396,1768,7800,4320,5586,13307,12396,17245
"PI 44:12",16519,7398,15350,42964,49126,37740,76609,79555,72495
"PMeOH 48:0|PMeOH 22:0_26:0",21976,11650,6816,12663,10137,10413,4482,9772,20139
"PS 36:1|PS 18:0_18:1",3868,13031,8128,35435,38815,26670,78534,158583,151404
"PS 38:4",42801,6824,18824,30799,27056,30286,146459,49345,167136
"PS 38:4|PS 18:0_20:4",19621,15638,8448,33650,28600,32049,105511,126070,244630
"PS 40:4",12660,2660,8736,6853,7803,11449,3297,17848,38782
"PS 40:5",45763,19893,20468,82304,74462,41639,276575,253745,352349
"PS 40:5|PS 20:0_20:5",44694,5473,12253,10576,28780,19820,11138,47009,130204
"PS 40:5|PS 24:1_16:4",18,NA,NA,2567,4127,630,54092,44935,60071
"PS 40:6",17718,10357,3581,44209,50105,16399,367995,248641,448676
"Ricinoleic acid",207827,87052,68627,76384,105203,111249,299292,145257,485616
"SM 18:1;2O/18:1(d9)",170298,67439,48950,82789,71331,60418,82089,68864,98703
"SM 28:4;2O",56760,22973,22780,36351,32448,36735,11474,16415,22880
"SM 30:1;2O|SM 14:0;2O/16:1",8824,4300,6351,371,8143,9541,18053,11251,14233
"SM 32:0;2O",36388,15631,13622,28418,32112,25220,58161,42615,75799
"SM 32:1;2O",2957,5870,8417,17473,17746,8336,37467,35777,42951
"SM 32:3;2O",8002,9492,11072,21385,20801,10581,11426,11515,10737
"SM 34:0;2O",202171,84091,116827,202782,247805,162079,612028,536055,754413
"SM 34:1;2O",175147,82888,70696,179553,258360,191913,587902,467190,771814
"SM 34:1;2O|SM 18:1;2O/16:0",541623,391833,422748,720789,742640,577387,3259309,2468363,4115230
"SM 34:2;2O",102205,44919,75577,142211,152449,99199,292031,269354,343440
"SM 34:2;2O|SM 18:2;2O/16:0",10994,14065,16337,31317,22315,24352,92445,45111,94092
"SM 34:3;2O",42582,846,8016,11726,14461,10303,9969,12258,51044
"SM 34:5;2O",348062,203211,206098,641377,340473,559468,571027,431236,333232
"SM 34:7;2O",1321358,1047475,1056220,1914221,1275495,1006234,785145,1648447,829496
"SM 36:0;2O",4592,7050,1347,14302,6281,4569,26789,22675,26283
"SM 36:1;2O",115291,60962,70155,143484,156994,90945,336513,281605,420456
"SM 36:3;2O",17346,4051,25760,7266,20492,9312,56935,22083,30466
"SM 36:4;2O",12844,6357,13556,26703,40619,25047,97592,83055,96749
"SM 36:4;2O|SM 18:0;2O/18:4",34998,52119,75185,127906,142806,75114,770993,593284,902788
"SM 36:5;2O",40826,42121,91624,120708,62865,101612,123435,120946,132691
"SM 36:5;2O|SM 18:2;2O/18:3",9901,9216,13395,18932,17907,15815,44565,36155,51053
"SM 38:1;2O",14165,15576,23841,41962,41062,12377,22135,17343,10053
"SM 38:2;2O",7351,3288,4194,8261,20011,11660,58195,22668,33807
"SM 38:3;2O",12653,5115,11405,13891,8025,5831,24156,21705,11473
"SM 38:4;2O",41034,3888,25504,46194,42304,7630,17571,68483,117868
"SM 38:4;2O|SM 16:2;2O/22:2",5806,9496,5700,15987,17092,10700,70526,64294,90783
"SM 38:5;2O",34736,33566,24272,43748,36866,48002,29061,22674,23042
"SM 38:6;2O",246391,111799,197583,85414,78874,19191,201892,16713,51677
"SM 38:7;2O",28378,16675,8459,48530,50736,27792,49305,23166,26472
"SM 40:1;2O",69821,10528,3488,32483,4318,6996,2253,4151,25791
"SM 40:1;2O|SM 18:1;2O/22:0",56885,45783,79157,52096,75570,65032,274353,230080,315093
"SM 40:2;2O|SM 18:1;2O/22:1",4700,10634,9539,21963,12250,17721,41594,42826,61384
"SM 40:4;2O",13969,10714,16450,16074,27361,11922,47785,20334,40921
"SM 40:4;2O|SM 14:3;2O/26:1",26652,41408,68546,42156,78518,40830,46956,66791,99119
"SM 40:4;2O|SM 18:2;2O/22:2",98035,50554,39743,59646,59638,59079,60279,21913,37548
"SM 40:5;2O",587676,255970,405619,420845,467555,376238,648894,571480,642935
"SM 40:6;2O",54566,27213,31269,135055,142538,60306,97487,84455,114102
"SM 40:7;2O",23211,4557,11044,33349,24024,21744,139947,105600,167009
"SM 40:8;2O",4361,1581,3189,5468,15159,8562,23032,14816,28892
"SM 40:9;2O",16484,13215,8149,40930,20886,22916,73442,23706,65247
"SM 42:1;2O",22743,25375,54677,107392,88235,50161,69839,11445,94243
"SM 42:1;2O|SM 18:1;2O/24:0",161740,107427,150197,168127,240254,119399,748988,674298,910399
"SM 42:2;2O|SM 14:0;2O/28:2",163104,109629,129106,157886,149543,189304,987866,904348,1136382
"SM 42:2;2O|SM 18:1;2O/24:1",31584,29523,38896,44649,80058,62043,219715,274765,258192
"SM 42:2;2O|SM 18:2;2O/24:0",1151,6109,11177,20868,17920,6063,40091,34719,55327
"SM 42:3;2O",1578,1495,7960,26743,15173,7490,70564,38094,65872
"SM 42:3;2O|SM 18:2;2O/24:1",43530,25612,25941,67908,68092,53685,190079,28787,168814
"SM 42:5;2O",5160,45326,37372,63211,78307,30851,63160,24744,28495
"SM 42:6;2O",29570,30982,19228,54357,42390,24848,57657,59583,61691
"SM 42:7;2O",34047,7100,6478,23713,24908,6396,67133,48245,65709
"SM 42:8;2O",38889,14114,20808,38795,42549,19055,55225,67574,107370
"SM 42:8;2O|SM 20:3;2O/22:5",30637,11375,8669,9091,7983,3138,22283,8728,20622
"SM 42:9;2O",8341,370,1756,2747,6775,5384,12725,11927,60127
"SM 44:10;2O",5437,562,131,166,4402,1584,1589,137,12077
"SM 44:11;2O",11626,1295,2326,1712,2612,1865,1044,3045,6643
"SM 44:3;2O",3043,3016,1591,18620,16660,17119,1462,385,1336
"SM 44:4;2O",5080,4885,7385,12530,2344,25062,6960,8842,10271
"SM 44:4;2O|SM 14:3;2O/30:1",16948,6273,12210,36642,35361,19008,67093,55641,95069
"SM 44:5;2O",148152,24258,43509,44608,56326,57082,55176,36435,114614
"SM 44:5;2O|SM 14:0;2O/30:5",31755,17832,27738,81779,63213,50648,316409,281288,401183
"SM 44:6;2O|SM 18:2;2O/26:4",5122,6613,8360,14852,11051,11713,24031,33376,34253
"SM 44:7;2O",49480,12051,27055,41402,49059,29480,25117,24657,46156
"SM 44:8;2O",63689,25049,4770,21050,33660,3716,2990,9154,11841
"SM 44:8;2O|SM 16:1;2O/28:7",56099,1652,3279,5459,3016,4810,6821,1876,20569
"SM 44:9;2O",96551,8329,3229,18315,18992,12189,10159,7957,78564
"SM 44:9;2O|SM 14:3;2O/30:6",58571,18,1015,579,150,NA,NA,185,8574
"SM 46:11;2O",69098,1863,4214,4356,2893,4271,8177,6255,45211
"SM 46:12;2O",186017,4429,22468,36592,31829,20733,31527,41212,57571
"SM 46:12;2O|SM 14:3;2O/32:9",28973,20748,10521,3825,18464,13733,20995,5594,80786
"SM 46:5;2O|SM 14:3;2O/32:2",45810,26164,29486,15822,30828,11137,37929,42184,15712
"SM 46:9;2O",44053,4583,4133,3134,2989,3711,5125,3492,22424
"SM 48:11;2O",118467,20398,17300,22849,17376,17873,17677,15273,33075
"SM 48:5;2O",3205,10961,5012,7719,1307,8959,5629,9867,487
"SM 60:7;2O|SM 28:0;2O/32:7",3012,12364,16065,7969,6213,13651,10788,15833,13099
"SPB 18:0;3O",554603,553480,578746,595861,565437,546220,597447,571878,595095
"SPB 22:0;3O",141630,118254,109873,131377,123996,110422,106548,103541,122587
"TG 24:0|TG 8:0_8:0_8:0",53192,5691,8979,22721,19673,28193,21569,20962,30266
"TG 32:4|TG 8:0_8:0_16:4",32009,25224,19159,23771,25795,19181,24848,14442,24367
"TG 36:2|TG 8:0_8:0_20:2",7206,7744,1653,10765,4084,5448,11263,4143,2789
"TG 38:0|TG 8:0_8:0_22:0",275479,162010,118145,124683,193635,169474,104024,154522,294064
"TG 38:4|TG 8:0_8:0_22:4",47691,53253,26195,15008,37493,41334,33953,28530,17532
"TG 40:0|TG 10:0_12:0_18:0",136116,8377,21961,29022,22090,29034,19955,33280,93153
"TG 40:0|TG 10:0_14:0_16:0",77947,54738,89996,88389,154143,86102,121321,58297,98702
"TG 40:0|TG 12:0_12:0_16:0",154543,104582,39495,68792,41816,51633,40245,48610,111408
"TG 40:0|TG 8:0_16:0_16:0",189234,150812,130432,124796,135939,144139,106242,136946,138530
"TG 40:2|TG 8:0_10:0_22:2",60348,66780,69594,14573,81390,18116,75531,63211,86379
"TG 40:2|TG 8:0_14:1_18:1",43366,102410,129222,109890,164316,112917,110791,114087,81168
"TG 40:2|TG 8:0_16:0_16:2",33334,29949,23823,7707,5625,28101,2685,21192,15192
"TG 40:6|TG 8:0_8:0_24:6",89076,15684,4124,31795,19863,27521,34190,21969,65810
"TG 42:0|TG 12:0_14:0_16:0",262891,167741,330152,207741,260561,303336,242859,156341,337875
"TG 42:1|TG 8:0_16:0_18:1",164821,256948,409585,432871,528052,333029,361542,272332,360916
"TG 42:2|TG 10:0_14:0_18:2",84752,32991,97046,121538,43507,35377,36472,56168,108181
"TG 42:2|TG 8:0_14:1_20:1",14080,4648,14799,27489,30303,29565,18036,7104,38122
"TG 42:2|TG 8:0_16:0_18:2",72262,204857,290132,398521,406875,290080,345896,188554,125619
"TG 42:2|TG 8:0_16:1_18:1",6510,30912,84710,93364,115135,31476,84370,58945,25034
"TG 42:6|TG 8:0_8:0_26:6",4542,9242,2749,4149,10212,26694,6458,2805,3739
"TG 42:7|TG 8:0_8:0_26:7",19379,10586,9416,8370,1997,10551,5103,7408,14939
"TG 44:0|TG 14:0_14:0_16:0",262971,133385,395062,189806,365298,221949,161964,285716,248394
"TG 44:1|TG 12:0_14:0_18:1",250947,348202,534508,527191,616533,461178,475157,418574,326553
"TG 44:1|TG 12:0_16:0_16:1",33469,70932,81378,87696,101659,83799,79085,66719,54109
"TG 44:1|TG 14:0_14:0_16:1",9324,91878,172984,176306,175437,101411,129287,124928,126939
"TG 44:2|TG 10:0_16:0_18:2",189047,315666,534887,596103,654655,394684,533260,390710,401724
"TG 44:2|TG 10:0_16:1_18:1",72484,75577,149200,124027,175831,80186,217619,74779,80497
"TG 44:2|TG 12:0_14:0_18:2",80734,80917,147956,159502,175348,80186,200729,118337,66696
"TG 44:3|TG 14:0_14:1_16:2",16907,9831,7679,17999,6830,16304,18703,11688,42194
"TG 44:3|TG 8:0_18:1_18:2",121746,176388,204425,370813,189393,226617,305012,187625,198709
"TG 44:4|TG 8:0_18:2_18:2",54128,36061,29273,58659,57555,33989,57979,31434,37141
"TG 44:7|TG 8:0_20:3_16:4",86673,60524,19713,47270,58500,59185,64182,47253,65982
"TG 44:7|TG 8:0_8:0_28:7",107257,107796,107998,69683,81229,104415,64103,142028,87127
"TG 46:0|TG 14:0_16:0_16:0",287576,666118,697988,553494,429001,491701,433318,436657,576961
"TG 46:1|TG 12:0_14:0_20:1",72062,210833,164266,187830,296682,260993,331742,211738,196530
"TG 46:1|TG 12:0_16:0_18:1",69523,42741,86404,81536,72759,65331,69433,51753,37404
"TG 46:1|TG 14:0_14:0_18:1",11796,30207,43781,56222,74059,56394,41832,35365,71045
"TG 46:1|TG 14:0_16:0_16:1",1002605,1761609,2448208,1934827,2724830,1840703,1772989,1671035,1281260
"TG 46:2|TG 12:0_16:0_18:2",755844,1036446,1587324,1840466,1505527,1087877,1584239,1180943,1090729
"TG 46:2|TG 12:0_16:1_18:1",41224,123011,86948,182129,60207,53123,128422,46805,78665
"TG 46:2|TG 14:0_14:1_18:1",79061,879521,1386533,1517108,1272338,998149,1262426,945862,890745
"TG 46:3|TG 10:0_18:1_18:2",153623,374855,618820,681292,601773,216608,765974,399375,412228
"TG 46:3|TG 12:0_16:1_18:2",18306,22410,201461,167462,150976,103192,199824,57671,26020
"TG 46:4|TG 10:0_18:2_18:2",24488,51446,115016,277948,100453,65570,202589,41561,116463
"TG 46:4|TG 12:0_16:1_18:3",26921,88605,107383,46952,106561,9213,142383,77732,28120
"TG 46:4|TG 14:1_16:1_16:2",69135,31297,20409,45701,41942,38865,37435,27093,54314
"TG 46:4|TG 8:0_18:1_20:3",48197,33963,38468,34194,17864,42521,31727,45628,91095
"TG 46:5|TG 8:0_8:0_30:5",24050,3401,12537,6980,22794,18595,18637,17278,27752
"TG 48:0|TG 10:0_10:0_28:0",143811,277192,647742,758202,639463,384628,588369,346967,264822
"TG 48:0|TG 14:0_14:0_20:0",30208,56564,101595,187131,74797,73965,65104,14377,7226
"TG 48:0|TG 14:0_16:0_18:0",550128,1361461,1837127,1589176,1756664,1283009,1390627,1534389,906973
"TG 48:0|TG 16:0_16:0_16:0",274734,120935,933253,754425,944436,535276,734856,543126,417305
"TG 48:1|TG 10:0_18:0_20:1",26850,83194,43126,110675,71949,59115,61195,39851,42655
"TG 48:1|TG 14:0_16:0_18:1",1305234,2334022,3834037,3264726,4333743,2681850,3579082,2505770,1782506
"TG 48:1|TG 14:0_18:0_16:1",218630,928648,1603393,991463,1182614,1113729,1055752,788035,851569
"TG 48:2|TG 14:0_14:1_20:1",12616,10703,42770,105087,33968,10257,8521,14685,58467
"TG 48:2|TG 14:0_16:1_18:1",1498231,4230269,6866003,6387675,6774719,4214930,6298936,4172908,3393650
"TG 48:2|TG 14:0_18:0_16:2",28237,7137,35055,45720,7725,8675,48096,14766,44046
"TG 48:3|TG 12:0_18:1_18:2",11634,4814,18812,10816,10991,27237,20707,5755,19107
"TG 48:3|TG 14:0_16:1_18:2",688990,1861014,3066368,3569227,3053119,2220714,3419032,2067661,1892948
"TG 48:4|TG 14:1_16:1_18:2",344005,491406,1144084,1465018,1042274,965691,1356728,999861,625912
"TG 48:5|TG 12:0_18:2_18:3",29878,50299,96278,96689,96728,27661,75003,64640,26099
"TG 48:5|TG 14:1_16:2_18:2",241159,122897,105386,131454,102806,55510,74080,103663,113324
"TG 48:6|TG 16:2_16:2_16:2",106654,83999,79120,100528,104537,105051,180427,183294,291358
"TG 48:7|TG 16:2_16:2_16:3",39541,17415,31811,83732,64508,48450,170715,138237,182542
"TG 48:8|TG 16:2_16:3_16:3",10610,17003,41599,43002,37065,22713,45061,3912,34094
"TG 48:9|TG 12:0_18:4_18:5",14371,10289,9738,51778,32993,18356,27213,29040,36720
"TG 50:0|TG 14:0_14:0_22:0",115584,325476,404927,380358,427719,312659,416684,308080,196738
"TG 50:0|TG 16:0_16:0_18:0",325847,729601,877604,580249,678693,641345,570881,577900,280962
"TG 50:1|TG 12:0_24:0_14:1",113594,176281,350668,407162,414180,184563,462562,162878,114019
"TG 50:1|TG 14:0_18:0_18:1",1127987,1865549,1922589,1620245,2078659,2828474,2265446,1509437,1734354
"TG 50:1|TG 14:0_22:0_14:1",17683,145808,444745,60956,50634,130995,374364,122320,72154
"TG 50:1|TG 16:0_16:0_18:1",2306540,9766248,13963646,10752646,12189563,8594077,11245353,8665579,4685342
"TG 50:1|TG 16:0_18:0_16:1",502794,1043582,2038746,2631560,1885867,934875,2175194,1081642,657326
"TG 50:1|TG 18:0_18:0_14:1",333366,1018286,1212848,1115317,1189349,848411,1187722,1014863,651787
"TG 50:2|TG 14:0_16:0_20:2",59854,582553,805499,899200,890846,709328,657626,562414,561210
"TG 50:2|TG 14:0_16:1_20:1",187431,2083533,978918,3043542,3338962,2367509,2984392,2243381,1612591
"TG 50:2|TG 16:0_16:0_18:2",1042118,1115408,2361703,2912748,3413863,1245509,2940389,1936637,1950816
"TG 50:2|TG 16:0_16:1_18:1",3970476,8424630,11876046,10538429,10236556,8120684,17872648,7451714,7670428
"TG 50:2|TG 16:0_18:0_16:2",16032,252974,64827,71212,48154,131891,132393,89045,45643
"TG 50:3|TG 14:0_16:0_20:3",2950900,9932123,15221872,15456352,14712982,10094984,15160813,9246300,7103276
"TG 50:3|TG 14:0_16:1_20:2",329263,807599,606722,1164086,1117607,844100,911266,799394,735881
"TG 50:3|TG 16:0_16:1_18:2",431515,1289813,1481613,1292536,1399974,1183300,859294,1192046,846952
"TG 50:3|TG 20:0_14:1_16:2",22287,14995,133184,135666,82365,20625,42357,62766,42148
"TG 50:4|TG 14:0_14:1_22:3",14735,7562,48037,23739,40801,26291,31944,18326,13262
"TG 50:4|TG 14:0_16:2_20:2",102754,611440,993280,891159,1006435,625612,840726,551638,384044
"TG 50:4|TG 14:1_16:1_20:2",591750,3248151,4246062,6624967,6002713,3694426,6205122,3296489,2627706
"TG 50:4|TG 16:0_16:1_18:3",146706,311017,2014144,550578,803379,358850,591923,475964,273418
"TG 50:5|TG 14:0_18:2_18:3",179089,209162,886967,570887,1094997,354131,678728,407361,556648
"TG 50:5|TG 16:1_16:2_18:2",151846,598934,416223,792852,212399,199252,647903,176348,433728
"TG 50:6|TG 14:1_18:2_18:3",10475,5399,42784,52176,53690,3340,24745,19403,27407
"TG 50:8|TG 16:2_16:3_18:3",106807,35298,44464,53277,46849,16189,38933,44063,73113
"TG 52:0|TG 16:0_16:0_20:0",24580,158918,83018,160349,114399,89455,66359,70569,26955
"TG 52:0|TG 16:0_18:0_18:0",432883,1166161,1298819,881618,1150637,902999,1063375,1019562,457435
"TG 52:1|TG 12:0_12:0_28:1",13334,6036,1825,4752,9371,11084,7746,6919,18893
"TG 52:1|TG 16:0_18:0_18:1",938530,5124312,7380822,4202972,4983954,4433683,4287626,4180937,1624201
"TG 52:1|TG 16:0_20:0_16:1",86014,6637,158286,10781,91216,15004,54923,38016,117855
"TG 52:1|TG 18:0_18:0_16:1",79310,414268,489925,349314,390940,359858,404934,310103,241978
"TG 52:1|TG 8:0_16:0_28:1",115788,423461,497293,1088278,1024942,522716,801832,256624,303988
"TG 52:11|TG 10:0_16:4_26:7",14344,1447,445,1870,2435,2828,827,6,2599
"TG 52:13|TG 16:4_16:4_20:5",36044,2295,1970,5847,6187,3395,2431,4591,13694
"TG 52:2|TG 16:0_18:0_18:2",6753,20039,14269,2260,24677,31871,3372,7699,12751
"TG 52:2|TG 16:0_18:1_18:1",6868173,26744430,30886357,26891501,27522419,24695032,28471730,24469910,13360882
"TG 52:2|TG 18:0_18:0_16:2",315751,649653,635517,616281,1053117,829267,745346,430106,604660
"TG 52:3|TG 14:0_20:1_18:2",1294,66,1051,1653,11723,8033,3550,13117,5611
"TG 52:3|TG 16:0_16:0_20:3",668804,2423664,3601577,2509865,2618646,2236646,3738508,1734562,2382522
"TG 52:3|TG 16:0_16:1_20:2",117933,225647,56986,253554,71015,77225,147760,515771,242645
"TG 52:3|TG 16:0_18:1_18:2",9140273,32299988,38526662,37992918,36200071,31066627,38761561,29198674,19376149
"TG 52:3|TG 16:1_18:1_18:1",1541800,4903465,6542410,3734954,5585551,2970740,7124936,1985624,2969678
"TG 52:3|TG 18:0_16:1_18:2",33260,6690,29779,17753,57453,24004,42009,20414,8186
"TG 52:4|TG 16:0_16:0_20:4",495079,1538620,1969274,1646954,1389830,1121351,2370259,1518024,516078
"TG 52:4|TG 16:0_16:1_20:3",178250,679069,1253398,514905,1496973,1154604,1229805,696799,625266
"TG 52:4|TG 16:0_18:1_18:3",3990,699,2422,4158,11089,3605,3926,8480,5549
"TG 52:4|TG 16:0_18:2_18:2",291836,2311519,1624911,3110028,997735,1198273,1548021,1371188,1801635
"TG 52:4|TG 16:1_18:1_18:2",1385320,20802424,13958642,29437500,27497766,20997618,28512426,19364134,13407841
"TG 52:4|TG 18:1_18:1_16:2",89567,80279,298143,434936,318645,248627,290945,210243,177453
"TG 52:5|TG 16:1_18:2_18:2",2261999,7086685,6890586,11853828,10458769,7088407,10901585,4234321,3993100
"TG 52:5|TG 20:1_16:2_16:2",87114,196268,299677,327523,446885,218699,273903,149849,140203
"TG 52:6|TG 16:1_18:2_18:3",346483,744794,1638944,1177426,1010772,664125,1545661,543534,713761
"TG 52:6|TG 16:2_18:2_18:2",36718,161004,292466,230403,213378,141223,217413,134284,119302
"TG 52:6|TG 18:1_18:1_16:4",17546,42132,58356,42722,15336,37605,41470,46352,20009
"TG 52:6|TG 8:0_12:0_32:6",26646,42152,185064,228297,274941,171688,282482,143660,42970
"TG 52:7|TG 16:0_16:2_20:5",15816,12624,4583,17749,12331,7789,23978,4195,28446
"TG 52:7|TG 16:1_16:2_20:4",45367,43061,243604,146871,48414,22759,31543,39151,36493
"TG 54:0|TG 14:0_16:0_24:0",24785,19113,19037,11779,31365,15549,25952,23872,18596
"TG 54:0|TG 18:0_18:0_18:0",103083,250836,263004,189675,201701,156004,191350,237052,139465
"TG 54:1|TG 16:0_18:0_20:1",17220,83458,103492,59026,65889,63521,66854,52821,30305
"TG 54:1|TG 18:0_18:0_18:1",339177,2367837,3105970,1565244,1888730,1853719,2009511,2203046,691817
"TG 54:1|TG 18:0_20:0_16:1",35646,298762,329358,192701,212158,230456,239354,256804,97564
"TG 54:11|TG 8:0_22:5_24:6",68430,2638,5435,12426,21188,16544,8975,8069,44883
"TG 54:13|TG 16:4_16:4_22:5",62728,2672,3098,1803,416,2008,798,1628,29223
"TG 54:2|TG 18:0_16:1_20:1",1551649,1474729,8291309,7304536,5366623,7413362,8209178,5386784,4104091
"TG 54:2|TG 18:0_18:0_18:2",191492,596432,525953,764436,652003,482506,636375,679995,336924
"TG 54:2|TG 18:0_18:1_18:1",863930,7852180,9502233,5949888,6614195,6060092,6966780,6540362,1862463
"TG 54:3|TG 18:0_18:0_18:3",417907,1725512,1417000,1962367,2020481,1658486,1679071,1806121,801020
"TG 54:3|TG 18:0_18:1_18:2",26023,14396,67496,105515,82618,65817,52408,36568,21574
"TG 54:3|TG 18:1_18:1_18:1",10078570,40333723,42656127,40474718,37754446,39890752,42918437,37662447,22076146
"TG 54:4|TG 16:0_16:1_22:3",17167,70673,25408,243408,260970,96686,26857,11460,39738
"TG 54:4|TG 18:0_16:2_20:2",13292,2535,19953,6429,24979,9008,10325,14981,10148
"TG 54:4|TG 18:0_18:1_18:3",12964,56292,127630,218905,193935,59473,50305,24821,98997
"TG 54:4|TG 18:1_18:1_18:2",10647716,35630452,40057594,39681314,37509912,34713194,40871683,32522429,21066368
"TG 54:5|TG 16:0_18:2_20:3",5897646,18482736,22178214,23632124,22302776,18975832,22801456,15761844,11097444
"TG 54:5|TG 16:0_22:1_16:4",9662,10531,5514,61495,11492,7025,9275,10783,11531
"TG 54:5|TG 18:0_18:2_18:3",845271,1865986,1012927,2291683,2794156,2222980,2263284,1659533,1125471
"TG 54:5|TG 18:1_18:1_18:3",44855,61981,53035,185655,60945,167019,176573,126820,173152
"TG 54:5|TG 18:1_18:2_18:2",839414,2403910,2711219,2349743,2638279,2326166,2618056,2093755,1424789
"TG 54:6|TG 10:0_10:0_34:6",97388,58657,340914,286379,292810,67186,289896,265643,181491
"TG 54:6|TG 10:0_18:0_26:6",10234,13732,12525,14027,12966,13938,9840,14070,14434
"TG 54:6|TG 16:0_20:2_18:4",62946,311366,576094,295013,569771,206454,331168,287534,116061
"TG 54:6|TG 16:1_18:1_20:4",379744,249156,1395090,1475453,1500754,1403664,1345784,682500,465859
"TG 54:6|TG 18:1_18:2_18:3",3317046,6051971,8976514,11256856,11341881,8694947,9101978,5197266,4072561
"TG 54:6|TG 18:2_18:2_18:2",427879,962888,1300076,1420920,1466947,1403090,323519,909517,543866
"TG 54:7|TG 16:1_18:3_20:3",76144,174650,265443,256383,176553,92419,226062,141870,106336
"TG 54:7|TG 18:1_16:2_20:4",127978,304978,693139,505119,581364,314250,353051,335394,290656
"TG 54:7|TG 18:2_18:2_18:3",489708,1020818,1088601,1636187,2072016,1110083,1587139,901318,803291
"TG 54:7|TG 20:1_16:2_18:4",2437,40,6295,1957,1405,1236,1854,1179,559
"TG 54:8|TG 22:1_16:3_16:4",59243,22119,7876,23887,23429,34894,22755,12757,73061
"TG 54:9|TG 18:3_18:3_18:3",12855,29374,59743,108298,89760,46672,92565,85508,19040
"TG 54:9|TG 8:0_8:0_38:9",31114,10410,10088,20862,25248,19941,25317,19405,27857
"TG 56:0|TG 18:0_18:0_20:0",8498,50319,68406,58028,61531,42477,51779,51926,25324
"TG 56:1|TG 16:0_20:0_20:1",16468,12695,20612,19588,24352,13527,33468,23810,13750
"TG 56:1|TG 18:0_18:0_20:1",149172,65545,259933,312170,368697,302226,338220,331133,207882
"TG 56:1|TG 18:0_20:0_18:1",41627,259660,215806,130012,180390,170826,198099,165087,38054
"TG 56:10|TG 14:0_16:3_26:7",8333,178349,197733,231111,194011,161499,222347,168519,55602
"TG 56:10|TG 18:2_18:3_20:5",85705,15273,11419,21362,27756,23136,13098,20027,33084
"TG 56:2|TG 18:0_18:0_20:2",166148,450089,472952,464565,446496,461337,492330,425274,238881
"TG 56:2|TG 18:0_18:1_20:1",95986,481883,1149292,494089,638760,460339,753104,466797,272224
"TG 56:2|TG 20:0_18:1_18:1",50180,158183,324642,148233,206402,219958,189712,282597,75258
"TG 56:3|TG 18:0_18:1_20:2",355348,1286215,517463,1034645,1064656,1225147,739243,223948,639927
"TG 56:3|TG 18:1_18:1_20:1",299397,2186850,2645705,1663542,1476320,1656038,1910986,2415520,546349
"TG 56:3|TG 22:0_18:1_16:2",21573,11939,64264,93541,62072,38084,49207,47052,38077
"TG 56:3|TG 8:0_20:0_28:3",19396,142929,157686,222065,146872,120783,158161,147696,44121
"TG 56:4|TG 10:0_18:1_28:3",5050,39918,152935,165016,19019,51415,101464,32110,27841
"TG 56:4|TG 10:0_20:1_26:3",18127,66881,55149,84836,29087,37239,23586,57239,68647
"TG 56:4|TG 10:0_30:1_16:3",28474,51968,78785,55393,118374,42546,73953,42346,38353
"TG 56:4|TG 18:0_18:0_20:4",44327,273004,295210,213913,258517,197365,231579,247794,122462
"TG 56:4|TG 18:1_18:1_20:2",313577,2262294,1635813,1699379,2173562,2156873,2169768,1741344,930903
"TG 56:4|TG 18:1_20:1_18:2",446589,1289603,620576,1266340,671194,1372197,1276931,171463,679347
"TG 56:4|TG 20:0_18:2_18:2",88595,140882,202218,278937,274470,105512,203408,139113,119641
"TG 56:5|TG 18:1_18:1_20:3",504103,1349542,923066,1756139,1064861,561583,890136,1146807,408942
"TG 56:5|TG 18:1_18:2_20:2",436058,1594388,1597265,1764269,2137287,2196478,1115555,1396628,1003682
"TG 56:5|TG 18:1_20:1_18:3",20715,19373,21722,100196,44536,48872,83659,33628,54057
"TG 56:6|TG 16:0_16:1_24:5",327607,214610,1634770,1007120,226494,1181872,1264752,991592,571937
"TG 56:6|TG 16:0_18:0_22:6",35255,15617,103169,33953,31958,40449,13830,30519,15797
"TG 56:6|TG 16:0_18:1_22:5",349659,1405283,1749921,1419285,2500458,1127245,1896101,1271844,831359
"TG 56:6|TG 18:1_18:1_20:4",34688,145685,239761,234340,335838,312388,246674,166858,87322
"TG 56:6|TG 18:1_20:2_18:3",381508,1107586,1126443,1149579,1362962,1290426,1324671,660935,587860
"TG 56:7|TG 16:0_18:1_22:6",128386,556405,1165162,571324,706975,569197,644780,578477,291332
"TG 56:7|TG 18:1_18:2_20:4",348998,1068791,1844074,1676216,1561203,1386660,1084258,1186079,594759
"TG 56:8|TG 16:0_20:3_20:5",682,17429,82359,59570,101433,42250,44644,33706,18326
"TG 56:8|TG 16:1_18:2_22:5",6884,37908,19049,7136,15199,23603,18297,11581,20349
"TG 56:8|TG 16:1_20:3_20:4",73242,444845,836619,392116,490956,358130,301222,371813,195910
"TG 56:8|TG 18:2_18:2_20:4",92847,343114,504181,334594,551548,359973,461378,281685,275533
"TG 56:8|TG 8:0_14:1_34:7",94,15369,16154,21791,7520,11643,20802,8426,7191
"TG 56:9|TG 16:1_18:2_22:6",45871,31411,22399,36002,15828,26658,24802,15517,36937
"TG 58:1|TG 18:0_22:0_18:1",43778,190594,261221,170986,213970,150166,220356,181403,65543
"TG 58:10|TG 16:1_20:4_22:5",45447,30132,22173,3489,18191,17428,13692,11355,23992
"TG 58:10|TG 18:1_20:4_20:5",45377,24430,8611,5007,18810,20952,15993,28264,76488
"TG 58:10|TG 18:2_18:2_22:6",71430,156416,365866,271252,445321,121188,263587,154834,82013
"TG 58:10|TG 18:2_18:3_22:5",103943,12048,8295,4416,6611,7515,13126,17134,80557
"TG 58:10|TG 18:3_18:3_22:4",139876,19375,25391,55854,32517,24031,12964,16332,70567
"TG 58:10|TG 20:1_18:4_20:5",30920,120873,144546,137176,159403,135946,140874,116025,70769
"TG 58:10|TG 22:2_18:4_18:4",96263,21518,15693,24687,24696,28668,15067,18934,42720
"TG 58:11|TG 18:1_18:5_22:5",40968,102531,134284,96882,106788,106195,94272,93016,108062
"TG 58:11|TG 18:2_20:4_20:5",117004,20024,19251,26123,30626,28627,20951,20163,43304
"TG 58:11|TG 18:3_20:3_20:5",35047,4122,3368,8808,8351,5294,15125,5478,28964
"TG 58:12|TG 18:2_18:5_22:5",19620,3866,2712,3271,3672,2114,5106,5035,8845
"TG 58:12|TG 18:3_18:3_22:6",17459,5635,3650,4089,5593,2465,1590,1994,3815
"TG 58:13|TG 16:4_20:4_22:5",16836,4503,2084,3730,7003,6430,5654,7158,2351
"TG 58:13|TG 20:4_20:4_18:5",36677,12610,34351,38857,28106,15338,39286,16408,19873
"TG 58:14|TG 18:4_18:4_22:6",18682,1700,3454,6387,4481,6922,5972,2554,12317
"TG 58:2|TG 14:0_24:0_20:2",38482,64851,104977,109227,111059,34352,85373,69816,62918
"TG 58:2|TG 16:0_18:1_24:1",22071,52176,26275,31817,23775,31701,48683,32864,13954
"TG 58:3|TG 16:0_24:1_18:2",4504,86814,74869,51442,47679,68359,55432,74216,24873
"TG 58:3|TG 22:0_18:1_18:2",13782,26308,24719,29684,49735,21173,5373,17514,5724
"TG 58:4|TG 16:0_22:0_20:4",100109,70954,90346,65140,74689,81378,100379,85869,83114
"TG 58:4|TG 18:0_18:0_22:4",3009,1419,4892,14846,4770,5625,4632,3038,20281
"TG 58:4|TG 18:0_20:0_20:4",741,26473,37114,19051,37763,20494,29464,19537,3043
"TG 58:4|TG 18:0_24:1_16:3",5303,9857,17275,35498,20930,10391,13465,2206,6228
"TG 58:4|TG 18:1_20:1_20:2",1961,74910,22849,18522,15846,20934,16796,20388,6652
"TG 58:4|TG 18:1_22:1_18:2",16559,29298,144287,78657,108325,102398,122589,109419,40643
"TG 58:4|TG 22:0_18:2_18:2",19916,7187,7336,30873,55915,30816,9205,14141,5570
"TG 58:5|TG 14:0_16:1_28:4",2540,10305,42114,6168,21116,17574,30835,28512,4850
"TG 58:5|TG 14:1_22:1_22:3",374,39134,43376,35249,44985,33190,42455,31183,15150
"TG 58:5|TG 18:0_18:1_22:4",37496,55978,239470,208876,230690,77526,212965,242490,47679
"TG 58:5|TG 18:1_20:2_20:2",86200,283747,229446,239969,268848,140796,213090,134010,181912
"TG 58:5|TG 20:1_18:2_20:2",54768,158057,165425,108654,114541,135400,127208,136097,46697
"TG 58:6|TG 18:0_18:2_22:4",15047,261808,323556,254681,291238,268026,275803,56223,119805
"TG 58:6|TG 18:1_18:1_22:4",77686,557077,644789,420792,481913,473602,392539,475508,167321
"TG 58:6|TG 18:1_20:2_20:3",12423,73411,91659,53105,59048,51102,58405,70267,25394
"TG 58:7|TG 12:0_18:3_28:4",21128,26165,13789,39667,21165,7118,32266,15677,14141
"TG 58:7|TG 16:0_20:2_22:5",11334,26764,120573,91762,106585,21144,103204,100132,59584
"TG 58:7|TG 18:0_18:1_22:6",22031,45099,91457,25790,11873,48053,35148,46021,16459
"TG 58:7|TG 18:0_18:3_22:4",18773,115288,215441,92890,174483,110701,104153,141964,64133
"TG 58:7|TG 18:1_18:1_22:5",139689,204234,489300,705833,676862,724427,475228,169150,301888
"TG 58:7|TG 18:1_18:2_22:4",53692,223145,245500,205251,251781,171430,193832,168797,132238
"TG 58:7|TG 18:1_20:2_20:4",24153,81848,127069,74580,86404,83958,61388,107395,77788
"TG 58:7|TG 18:2_18:2_22:3",163474,773221,400252,716545,102913,561995,138405,295642,245612
"TG 58:7|TG 20:2_20:2_18:3",2038,31721,121651,79829,35923,49466,101066,39801,65242
"TG 58:7|TG 8:0_24:1_26:6",498713,35022,77440,114623,84121,72890,39047,64652,305892
"TG 58:8|TG 14:0_20:3_24:5",22391,12399,54686,35048,34369,12345,27945,12199,21695
"TG 58:8|TG 18:1_20:3_20:4",230565,1092278,1688224,1262614,1803049,635167,962101,945014,611974
"TG 58:8|TG 18:2_18:2_22:4",48506,927,1424,11549,6982,1299,7170,6718,21630
"TG 58:8|TG 18:2_18:3_22:3",57481,3882,5120,2467,3293,3531,4671,942,32558
"TG 58:8|TG 20:1_16:2_22:5",357205,23433,40626,19722,28958,33511,57045,21876,77535
"TG 58:9|TG 18:0_16:3_24:6",244898,2869,9162,15292,38807,9085,16604,7997,104968
"TG 58:9|TG 18:0_18:3_22:6",37383,19300,34290,29717,25491,9320,27460,8270,17599
"TG 58:9|TG 18:1_18:2_22:6",7333,8486,84332,64925,74120,50409,66595,41726,31868
"TG 58:9|TG 18:1_18:4_22:4",9187,46537,87540,54131,13835,51018,60638,35612,8884
"TG 58:9|TG 18:1_20:4_20:4",189462,152660,87571,271778,127983,49036,43725,39128,66949
"TG 58:9|TG 18:2_18:3_22:4",109214,324799,734721,499488,578906,328029,354482,318035,234763
"TG 58:9|TG 20:1_18:4_20:4",20809,4295,2882,6429,2155,2590,2624,4601,18000
"TG 60:0|TG 10:0_24:0_26:0",4956,33949,50106,25882,39882,44693,101329,22350,17614
"TG 60:10|TG 12:0_24:4_24:6",49290,7252,46659,25228,57003,9201,19384,35984,25795
"TG 60:10|TG 18:0_20:4_22:6",401743,64220,84756,79304,88425,88333,54995,51743,238747
"TG 60:10|TG 18:1_20:4_22:5",467513,63462,64313,90146,84590,81133,56415,28073,219525
"TG 60:10|TG 18:2_20:3_22:5",348072,65316,27216,100413,104473,47647,67933,61137,238279
"TG 60:10|TG 20:2_20:4_20:4",244888,27690,38011,40363,53923,44534,34316,23705,96685
"TG 60:11|TG 16:0_20:5_24:6",13525,17212,33035,30494,43416,49220,37902,36939,28541
"TG 60:11|TG 18:2_18:3_24:6",141595,21278,22442,39476,31182,37704,18238,23376,90599
"TG 60:11|TG 18:2_20:3_22:6",99577,14074,8360,16948,37356,35156,30637,24474,75016
"TG 60:11|TG 18:3_20:3_22:5",64320,18962,23828,3917,14725,8414,17462,13946,31472
"TG 60:11|TG 20:2_18:4_22:5",103163,6590,2291,2817,8156,5693,9527,4498,25082
"TG 60:11|TG 20:3_18:4_22:4",185330,19627,24681,25377,37886,19994,21357,15791,71671
"TG 60:11|TG 24:3_18:4_18:4",21748,3607,12113,14972,20487,18032,21090,20217,28325
"TG 60:12|TG 20:2_20:5_20:5",265667,25621,28009,24891,36436,19452,20366,5582,78675
"TG 60:12|TG 20:4_20:4_20:4",16605,219,549,804,NA,853,1590,336,7620
"TG 60:13|TG 18:3_20:5_22:5",34811,6454,4738,2062,2123,4913,2250,3240,20496
"TG 60:13|TG 20:4_20:4_20:5",27198,87272,97156,92654,80573,58531,78019,71248,55027
"TG 60:14|TG 16:4_16:4_28:6",18445,7569,38642,51570,53016,34306,42559,20485,10277
"TG 60:14|TG 18:4_18:4_24:6",18174,380,2447,1932,2376,511,2570,1661,3142
"TG 60:15|TG 20:5_20:5_20:5",182713,30190,39921,50199,34873,48547,27821,30056,89674
"TG 60:2|TG 20:0_20:1_20:1",65645,376378,330069,271380,319116,292211,350479,366314,109108
"TG 60:2|TG 22:0_18:1_20:1",12478,30977,38137,25680,46891,34571,27986,30053,21896
"TG 60:2|TG 28:0_16:1_16:1",11012,12338,1871,13325,9067,11804,9965,11083,12948
"TG 60:3|TG 20:1_20:1_20:1",23862,272508,313684,205256,160602,255691,296752,292834,39105
"TG 60:4|TG 16:0_22:0_22:4",82180,64950,73124,67358,95043,75930,78532,68219,76816
"TG 60:4|TG 18:1_24:1_18:2",5043,25334,16989,16447,5031,15099,14505,3875,1277
"TG 60:6|TG 20:2_20:2_20:2",8863,36422,25290,6717,21609,17441,17245,24307,15733
"TG 60:6|TG 22:0_16:2_22:4",9506,6663,33266,4577,25999,8166,6925,27686,16267
"TG 60:7|TG 18:0_18:1_24:6",5446,22734,66548,14773,24567,7864,41899,45187,7373
"TG 60:7|TG 18:1_20:1_22:5",9028,99891,90137,45776,97894,69416,43929,42302,19773
"TG 60:7|TG 20:2_20:2_20:3",5123,23073,43438,34813,39380,43384,33525,11762,13726
"TG 60:8|TG 12:0_22:2_26:6",17137,5629,5701,7937,18245,5789,863,13333,3511
"TG 60:8|TG 18:0_16:1_26:7",6090,45060,73937,64917,61899,55770,43678,22258,17862
"TG 60:8|TG 18:1_18:2_24:5",9773,65902,99703,64144,31081,80204,9597,97009,26735
"TG 60:8|TG 20:2_20:3_20:3",107061,9632,19504,18472,24842,21907,10105,9777,78867
"TG 60:9|TG 20:1_18:2_22:6",89790,18272,13383,12762,13869,18116,22356,15497,79158
"TG 62:10|TG 16:2_28:3_18:5",30368,21294,17495,34218,5820,27109,6813,10741,22244
"TG 62:10|TG 18:0_22:5_22:5",30246,5884,3456,1680,6466,4607,4967,NA,4688
"TG 62:10|TG 20:2_20:3_22:5",52931,4402,6436,727,5419,3876,699,2898,28233
"TG 62:11|TG 18:1_20:4_24:6",28457,3390,624,1093,1911,2449,355,1854,815
"TG 62:11|TG 20:2_18:3_24:6",49753,1135,10658,8198,1331,5097,10051,4076,25352
"TG 62:12|TG 18:1_22:5_22:6",6528,6769,6225,12657,24388,12676,23792,20542,14255
"TG 62:12|TG 20:2_20:5_22:5",24017,3065,1427,2054,351,3729,813,850,6009
"TG 62:12|TG 20:3_20:3_22:6",30184,1092,1014,2515,3669,2347,1219,2819,5919
"TG 62:12|TG 22:2_16:4_24:6",21540,1935,608,6153,4703,1781,5660,2337,4240
"TG 62:13|TG 16:2_24:5_22:6",119425,6380,5763,7477,8809,3332,8614,4670,36228
"TG 62:14|TG 20:3_18:5_24:6",88042,4219,4659,7895,10717,4641,8286,4364,38845
"TG 62:14|TG 20:4_20:4_22:6",781139,39007,9866,94047,16066,12346,10397,2661,92994
"TG 62:14|TG 22:4_20:5_20:5",259351,9222,9359,7344,14863,13338,10503,8913,61510
"TG 62:15|TG 20:4_20:5_22:6",1008359,26777,28426,30396,29395,25467,21701,25076,249999
"TG 62:15|TG 20:5_20:5_22:5",87512,1178,NA,1129,110,19,604,471,2541
"TG 62:16|TG 16:4_22:6_24:6",85412,3094,10249,5574,11046,15004,6362,10019,57329
"TG 62:4|TG 16:0_18:0_28:4",19298,23134,23695,15768,25862,19072,27974,26742,20311
"TG 62:5|TG 20:0_20:2_22:3",4043,22088,18289,20462,19936,17874,23429,20706,9813
"TG 62:8|TG 8:0_20:0_34:8",31063,13440,12827,17846,16815,18971,15356,10925,31266
"TG 64:12|TG 18:3_22:3_24:6",24706,1217,1543,2153,1120,933,2005,1665,5278
"TG 64:12|TG 20:2_20:4_24:6",8439,5,29,16,160,13,69,84,1978
"TG 64:13|TG 20:3_22:5_22:5",13363,5,162,809,24,65,589,42,1840
"TG 64:14|TG 22:4_18:5_24:5",116746,8000,12434,13456,1585,7493,8946,5961,82565
"TG 64:15|TG 20:4_20:5_24:6",54376,2158,2282,3298,4122,3341,4221,1838,49752
"TG 64:17|TG 20:5_22:6_22:6",64291,13401,10649,16166,11745,4723,6259,5150,57830
"TG 64:4|TG 24:0_20:2_20:2",11061,23462,12090,22370,22499,21315,19438,22258,12987
"TG 64:6|TG 20:1_20:1_24:4",17261,16127,12656,14633,3612,37300,7119,19816,18351
"TG 66:10|TG 16:1_20:3_30:6",3753,10330,11121,6677,2677,6670,4040,7445,2991
"TG 66:14|TG 14:0_26:7_26:7",42362,7562,5354,8137,9707,7240,8940,6461,19625
"TG 66:15|TG 20:4_20:4_26:7",25295,974,2591,5182,3328,469,2913,2821,12784
"TG 66:18|TG 22:6_22:6_22:6",74570,2290,5712,3133,3108,863,3531,3564,34834
"TG 66:9|TG 18:1_18:1_30:7",3434,1370,147,2421,46,3394,NA,18,15041
"TG 68:17|TG 16:3_22:6_30:8",12457,489,NA,522,1261,512,NA,103,655
"TG 68:7|TG 20:2_20:2_28:3",21395,16554,13165,14591,14779,13551,12938,17131,17221
"TG 70:10|TG 16:2_30:2_24:6",18138,21998,9942,11181,14239,19081,17746,14629,12631
"TG 70:11|TG 14:1_20:2_36:8",18117,1806,662,403,733,899,920,2908,8505
"TG 70:5|TG 12:0_34:1_24:4",16467,13373,7399,15249,11026,14272,16773,18141,15767
"TG 74:12|TG 18:4_18:4_38:4",8410,6724,3515,10776,9444,4023,1818,2612,6950
"LPC 16:0",69834,55990,66015,112627,123524,90768,367910,327867,399866
"LPC 18:0",156116,57303,117488,221930,219017,200656,420345,378492,555298
"LPC 18:1",60489,46669,63132,58950,73566,70461,148315,137656,195080
"LPC 20:1",6838,4476,6164,13444,13501,10119,27036,24546,49105
