"subclass","DGAT_1.2i_001","DGAT_1.2i_002","DGAT_1.2i_003","DGAT_1i_001","DGAT_1i_002","DGAT_1i_003","DGAT_2i_001","DGAT_2i_002","DGAT_2i_003","OA_001","OA_002","OA_003"
"Cer(32:0)",2455530.179,3635177.435,910966.635,1634739.173,2326190.514,1903170.426,1053550.429,2005627.485,796278.0675,932528.5893,948396.87,984711.53
"Cer(32:1)",13400000,18500000,15600000,11100000,12200000,14500000,11200000,11600000,9805459.464,10900000,10300000,11300000
"Cer(34:0)",14038196.868,12816080.823,19944625.496,13206366.3808,14019581.1786,13135605.61,17023299.724,16131548.796,17768269.824,20580072.134,27376603.055,22772891.439
"Cer(34:1)",156307694.1879,201364391.446,190085389.024,145697840.177,156079842.329,164318014.326,174324131.639,171306595.751,147605925.736,139759319.513,174453351.873,168150786.768
"Cer(34:2)",7452576.04,8232127.045,6878390.356,7095271.027,7028699.655,8796376.625,8606457.522,8884356.706,7454087.93,8468315.193,8648306.605,8039834.41
"Cer(36:0)",12001993.8912,9476157.8083,11749473.9152,13451851.3191,13417762.0284,18911360.8662,16349002.28,13725009.0167,9640473.7073,10734469.6549,11309715.1048,11068192.63
"Cer(36:1)",30566126.3457,44479928.4961,40819958.374,34375752.2486,38654578.6634,40108508.273,50194269.3631,48607958.1834,48352392.159,59374315.6874,56936681.5599,57318687.9744
"Cer(36:2)",4062503.4223,10193006.1981,11374016.8364,2371592.3538,2100023.1399,962009.1325,4548648.9904,8068344.7831,10401809.5764,16570819.6402,12213413.6269,12689196.4587
"Cer(36:3)",831013.695,1602531.952,1241053.9762,17526.768,13927.31,2024.9316,979672.2746,937938.6741,2646732.81,2663331.041,1484092.857,4604481.52
"Cer(38:0)",11559584.0756,97984840.4382,23031096.7542,1814069.7023,693538.7616,23666073.086,2062194.3819,73423504.513,12815602.1095,3990169.715,77845829.479,94501959.6418
"Cer(38:1)",13710334.767,19218976.514,15753798.787,14713966.413,16516148.319,19841968.677,20048507.8581,19021620.388,16310399.514,12934915.5116,18963444.852,21570894.96
"Cer(38:2)",6669764.716,6636134.891,469367.3361,5658322.277,6369151.507,5663508.44,5991685.711,4457433.288,5725216.61,6317172.884,5555654.559,5229905.801
"Cer(38:3)",107890.0812,3562474.438,6745177.307,145732.137,48860.4429,49906.4064,1678849.671,2567309.117,2888846.064,5314051.085,4593093.199,4919928.79
"Cer(38:4)",8642802.508,4693427.165,1.2e+07,6288683.912,9162177.124,14600000,20700000,1.1e+07,11800000,16300000,10200000,7652644.301
"Cer(40:0)",58738492.28,107621789.855,116404254.821,49617286.779,42376243.895,45880999.991,57530591.565,96952006.754,114561903.641,137378999.937,145528699.633,150112976.836
"Cer(40:1)",94271282.895,145390311.094,170778539.241,90581340.784,98310811.135,110304264.855,125763515.03,147081700.213,138876918.8686,163632012.993,170761596.883,161542511.9636
"Cer(40:2)",50653112.9288,62759740.43,54848344.7728,44659329.761,61182669.7175,59255196.6729,59794306.165,63651529.0796,58182349.087,61393428.4469,67641003.6252,63264679.678
"Cer(40:3)",3958039.628,7071295.094,3373231.137,3597438.9718,5733883.357,3957817.2122,6249880.189,4301201.7043,4345015.527,3490277.389,6396670.725,6131199.053
"Cer(42:0)",2.63e+08,5.82e+08,5.87e+08,151900000,114100000,97800000,202600000,4.64e+08,6.33e+08,7.27e+08,7.5e+08,9.64e+08
"Cer(42:1)",292061369.788,607100000,709600000,201416635.213,186660330.052,184695867.485,261695121.058,525456418.26,638562858.257,888011610.827,877700000,808300000
"Cer(42:2)",238216795.426,310700000,286500000,253208829.448,287380260.204,326288310.788,362794894.487,408186145.591,365100000,394200000,431900000,3.9e+08
"Cer(42:3)",33900000,36300000,32900000,35300000,4.5e+07,50300000,63600000,65500000,55500000,52100000,6.2e+07,63800000
"Cer(42:5)",7035447.632,8563919.36,7058830.715,2552562.095,2804446.816,2518853.281,1533006.461,389484.705,991546.54,1127706.2,580744.005,721632.436
"Cer(44:0)",53600000,96400000,100600000,42400000,33900000,28200000,38900000,81100000,112800000,120700000,129100000,125800000
"Cer(44:1)",43604884.922,88800000,112900000,30722357.391,23329620.067,19641355.856,33748653.864,7.6e+07,89504588.379,147700000,151200000,112200000
"Cer(44:2)",4250787.239,5577526.014,6828214.32,3702323.911,2859012.082,3169198.488,3022430.637,5412797.844,5425808.337,5404987.26,4826314.743,4752533.22
"Cer(44:3)",196900.2813,109984.5066,118688.583,129435.5523,16947.7125,284996.4531,956465.509,347885.9562,28049.3115,217917.6456,980171.262,128575.2423
"Cer(44:6)",1262223.17,719774.0193,509894.2536,246058.686,3633050.39,244646.4525,2941210.18,1298296.443,552075.5991,1748836.145,1833579.2,357210.288
"Cer(46:0)",594068.863,597943.823,706714.4,722445.25,691311.942,847138.874,558975.119,818355.74,743516.437,644250.243,626075.868,711166.856
"Cer(46:1)",143594.827,211930.348,154392.006,216937.832,220410.241,46342.9455,151326.604,215495.515,222090.407,157213.711,149044.22,160476.722
"ChE(16:1)",2046186.444,838322.661,639339.907,4535110.233,6012584.206,8436912.2,451803.256,1790037.719,1621602.754,460391.582,167006.04,449449.561
"ChE(18:1)",72100000,42300000,21900000,1.03e+08,1.91e+08,2.34e+08,16700000,7.4e+07,75200000,10400000,15800000,23500000
"ChE(18:2)",263396.7447,94306.2912,NA,524476.571,290606.1642,1023816.742,75419.973,209559.6414,120060.8964,195943.9581,83292.9768,150171.91
"ChE(18:3)",10800000,9306225.915,5482437.793,15500000,17700000,23300000,4924042.876,12200000,10600000,4380733.742,5253259.366,6987479.341
"ChE(20:1)",1616449.854,1106225.203,338934.934,3901194.539,5948757.447,8253953.001,188584.553,1975794.914,1600991.605,141701.205,NA,154143.608
"ChE(20:2)",47800000,6.2e+07,42800000,54200000,53700000,46100000,25500000,63500000,55400000,21100000,23400000,31400000
"ChE(20:3)",2.35e+08,2.24e+08,1.73e+08,1.74e+08,2.84e+08,57900000,1.14e+08,2.48e+08,2.15e+08,1.08e+08,1.16e+08,1.31e+08
"ChE(20:4)",1.84e+08,4.01e+08,4.51e+08,1.22e+08,99800000,7.2e+07,3.98e+08,3.07e+08,2.92e+08,5.35e+08,4.49e+08,4.71e+08
"ChE(20:5)",1.83e+08,1.34e+08,9.3e+07,1.71e+08,1.99e+08,2.16e+08,60800000,1.12e+08,96900000,5.2e+07,63100000,66100000
"ChE(22:3)",11600000,12600000,7660989.235,7808817.097,4767226.092,3956674.918,2779035.101,12400000,11800000,5790814.698,4993985.459,7249822.778
"ChE(22:4)",1.34e+08,78400000,53700000,1.46e+08,1.86e+08,2.32e+08,25100000,84700000,63700000,22300000,25500000,29100000
"ChE(22:5)",4.1e+08,2.68e+08,1.82e+08,4.36e+08,5.3e+08,6.05e+08,1.22e+08,3.05e+08,2.43e+08,1.08e+08,1.24e+08,1.32e+08
"ChE(22:6)",4.94e+08,2.97e+08,2.41e+08,5.07e+08,5.75e+08,7.21e+08,1.82e+08,3.3e+08,3.03e+08,1.49e+08,1.83e+08,1.94e+08
"DG(16:2)",23800000,80800000,2.05e+08,8124359.713,4432648.485,7797072.366,27800000,40200000,50400000,1.16e+08,79200000,99700000
"DG(32:0)",10700000,17600000,18300000,9090408.396,10300000,8461996.783,18200000,15700000,13200000,19700000,22300000,31100000
"DG(32:1)",17611112.555,31606345.814,34136439.098,16341563.315,6575396.2709,14091253.836,35122244.562,29801555.104,35700000,19187002.35,34023223.254,47500000
"DG(32:3)",116636.9841,789177.317,159245.721,NA,NA,NA,906055.56,415275.903,530248.365,3438570.038,734387.334,887787.9099
"DG(34:0)",2.4e+07,36900000,40900000,19900000,19800000,17300000,35800000,31800000,28300000,39700000,51700000,74800000
"DG(34:1)",1.2e+08,2.29e+08,2.09e+08,1.18e+08,1.23e+08,1.2e+08,2.96e+08,2.61e+08,2.36e+08,3.25e+08,2.82e+08,3.24e+08
"DG(34:2)",2.23e+08,5.64e+08,5.31e+08,1.96e+08,1.95e+08,14400000,6.15e+08,5.1e+08,4.32e+08,8.2e+08,5.87e+08,7.4e+08
"DG(34:3)",2577851.0102,6016123.7668,9131951.226,2045948.67,266040.7146,686586.879,5220367.397,2772499.1122,5130116.5772,2453027.0384,3088335.167,20482663.878
"DG(34:4)",NA,2004564.578,770109.6228,216755.2431,286536.195,NA,824710.9956,1707402.868,734812.399,6235751.956,1880561.558,900084.5226
"DG(36:0)",21700000,29500000,35700000,17800000,1.8e+07,13400000,30300000,28600000,24600000,31600000,35800000,49400000
"DG(36:1)",2.42e+08,4.47e+08,4.42e+08,2.17e+08,2.37e+08,2.06e+08,5.03e+08,4.43e+08,3.95e+08,5.93e+08,4.42e+08,5.53e+08
"DG(36:2)",9.52e+08,1.766e+09,1.524e+09,1.374e+09,1.46e+09,1400400000,3.26e+09,2.565e+09,2.304e+09,3.25e+09,3.48e+09,3.663e+09
"DG(36:3)",150724380.128,418377081.632,420725485.005,125655789.362,115244643.2566,92100000,239953479.923,323401714.018,286717276.178,725569140.112,458571558.645,460606832.118
"DG(36:4)",115725652.978,170621304.053,179074775.592,102923339.852,192461809.158,196467275.5343,167753515.083,151536960.743,127027847.766,295430574.5719,146856466.281,78272849.841
"DG(36:5)",2.24e+08,3.42e+08,1.88e+08,1.97e+08,1.03e+08,2.07e+08,2.53e+08,2.43e+08,2.87e+08,2.97e+08,2.53e+08,3.22e+08
"DG(36:6)",16200000,25700000,19800000,11800000,2.1e+07,1483020.297,2.2e+07,17600000,14900000,20500000,18200000,15600000
"DG(38:1)",19600000,44900000,45900000,1.5e+07,14500000,9101846.659,43100000,36500000,33100000,5.6e+07,43200000,50300000
"DG(38:2)",92986678.0675,217600000,2.07e+08,120800000,121100000,133300000,286100000,262200000,240300000,3.4e+08,304800000,3.35e+08
"DG(38:3)",23183828.149,44790840.364,37293341.434,23993166.942,21018115.587,22555307.962,55200000,48200000,39600000,66800000,52900000,62800000
"DG(38:4)",69400000,72400000,7.9e+07,90700000,108300000,102300000,146600000,130600000,113300000,128200000,118100000,144700000
"DG(38:5)",54800000,6.9e+07,60200000,66500000,73800000,78700000,1.6e+08,1.44e+08,1.27e+08,1.53e+08,1.41e+08,1.64e+08
"DG(38:6)",1082121.7352,5090059.1386,1820995.4015,2700652.8114,9428717.395,2256574.0704,7659666.32,16993731.741,14965775.287,4693748.9876,5386541.633,19138688.202
"DG(40:1)",6405298.71,10500000,11800000,4148926.191,3550076.077,2762728.035,10300000,9808831.882,7258839.934,12500000,10700000,13800000
"DG(40:2)",34600000,59200000,45040239.688,22500000,22547300.238,17711301.482,61700000,60400000,45200000,77400000,58100000,65100000
"DG(40:3)",1020353.624,495568.2312,235344.5433,1210246.107,369961.8753,2108988.986,3830038.16,6854412.61,655520.5608,437954.4318,198938.046,3135303.563
"DG(40:4)",3790258.8981,3882980.6991,3899486.9919,4101744.9696,5632453.272,5112162.5698,6469518.1548,11429906.525,5631135.5346,5621434.5507,9166200.514,20044437.028
"DG(40:5)",49200000,61900000,51610662.521,57500000,74200000,73500000,1e+08,97800000,75900000,96500000,91600000,112800000
"DG(40:6)",47425521.352,54134023.872,45846021.397,75323971.602,90801533.213,97858112.855,149700000,143788521.082,122045402.688,174300000,152291539.123,182400000
"DG(40:7)",39700000,48100000,38300000,6.3e+07,73300000,81700000,1.34e+08,1.21e+08,1.04e+08,1.29e+08,1.26e+08,1.51e+08
"DG(42:2)",5801492.61,1.3e+07,13100000,4145408.014,3669057.74,2447635.934,9702918.65,8751339.154,8603224.238,14200000,1.3e+07,11200000
"LPC(14:0)",165670.8873,1289768.151,333055.4526,159715.9989,169802.1471,49257.588,137833.6068,748494.065,100351.9656,425633.0169,537501.288,370557.4752
"LPC(14:1)",2120182.674,143086.2831,1967916.755,2188449.997,2004616.979,2867869.71,2433095.055,2562081.796,2797618.487,559991.0928,2833446.179,21428.9535
"LPC(16:0)",31888173.029,105404721.118,45355377.172,32035050.567,36181219.027,42081750.913,54342231.773,55609322.465,5.9e+07,52424265.405,55611564.791,57869605.018
"LPC(16:1)",36583656,56300000,40076157.191,37334081.292,43322641.173,48336661.601,43314563.737,44553519.77,45457355.245,41177959.453,44698982.268,39736964.788
"LPC(16:2)",37791.6264,599605.114,136313.1198,97656.548,40935.683,42400.5942,51531.1929,82906.4793,240953.988,58572.2658,93199.377,153015.7437
"LPC(18:0)",36176084.782,154112369.359,49060290.654,43208458.802,44447758.92,57668068.984,66393627.818,71789893.416,84525735.219,59548281.91,69301291.265,61370189.9
"LPC(18:1)",117800000,275900000,162700000,120600000,143500000,147700000,170800000,172900000,211400000,164100000,183900000,181600000
"LPC(18:2)",8458340.5383,14680163.311,9558734.126,7353921.398,10614721.559,9848986.397,10606267.935,10262673.8085,12553183.941,9177921.946,10289724.967,9876440.596
"LPC(20:0)",1525247.82,1881983.297,2587259.514,1513241.161,2077503.545,2127740.522,1514658.305,2175755.508,2585919.192,2272472.792,2664686.459,1384645.24
"LPC(20:1)",9606431.156,22600000,15200000,6166182.492,6520402.65,8123556.874,8140990.698,9384383.527,12200000,6863703.573,7764270.962,8867587.235
"LPC(20:2)",97760.1036,707757.7143,177752.6667,NA,37999.6308,76954.8909,53740.9572,65360.4576,20553.2304,127197.4572,NA,105098.731
"LPC(20:3)",NA,650680.903,NA,NA,9027.767,3961.67,NA,7113.196,11928.994,NA,NA,7169.555
"LPC(20:4)",11085.8748,25199.8602,79697.4372,NA,13251.1761,10861.4982,20648.0541,19373.0436,18839.486,47798.008,25790.0331,17817.477
"LPC(20:5)",NA,181786.2768,20384.6622,NA,NA,NA,NA,11151.5805,101073.4074,21045.9201,20038.104,39554.529
"LPC(22:1)",3897470.156,5263662.544,5874669.042,1344318.397,1561778.092,1689044.423,1454846.347,1434000.592,1731837.909,1261190.492,1353906.263,1432675.457
"LPC(22:4)",25106.0556,180663.6513,84574.9677,NA,NA,NA,NA,62937.3987,35859.4632,NA,7.157,NA
"LPC(22:5)",153109.223,19800000,448945.378,61840.606,58047.2568,127550.829,76494.129,74252.0385,98618.5386,NA,156820.441,542542.175
"LPC(22:6)",NA,1802668.068,27631.597,161.612,NA,13376.078,NA,9991.8576,306.7605,152.2719,2085.2859,150.657
"LPC(26:0)",3445004.113,2915446.456,3033453,3137109.444,3486193.803,2923772.651,2336319.841,2512105.993,1935960.379,2769676.477,2741745.244,2111307.23
"LPC(28:0)",67200000,66500000,65900000,65600000,60700000,83300000,46500000,39800000,46900000,49900000,45300000,52700000
"LPC(28:1)",6274503.568,7419571.47,7912722.379,5935494.289,7264538.795,4808243.945,6286775.817,6891283.029,6054968.801,5873599.504,6471595.243,6196333.003
"LPC(30:1)",7959776.204,4693616.874,5914757.36,7663409.717,7359456.351,6583333.778,6949071.304,6645409.802,5093528.563,6106682.741,6078470.712,4786637.505
"LPC(32:0)",58300000,59900000,60300000,58400000,66100000,70700000,56700000,56500000,52800000,52100000,51400000,54800000
"LPC(32:1)",56100000,55900000,59200000,57900000,6.5e+07,6.8e+07,63500000,5.8e+07,51700000,56300000,58400000,56600000
"LPC(34:0)",8101853.07,7452596.132,8329836.627,8619149.377,9509796.088,10500000,6872840.661,4692582.871,2109699.602,5567469.681,5204951.596,4578621.959
"LPC(34:1)",1.75e+08,1.66e+08,1.53e+08,1.82e+08,2.03e+08,2.1e+08,1.65e+08,1.88e+08,1.81e+08,1.66e+08,1.78e+08,1.7e+08
"LPC(36:0)",132840.1875,4213184.286,1639739.992,1533991.866,3978763.819,5032384.925,2931756.411,2149387.434,881162.912,849003.0267,213308.2233,1312613.465
"LPE(16:0)",1153371.316,2692751.035,1993637.566,2068579.438,1776632.882,2224827.691,4062615.353,4379504.191,3497365.443,2663786.346,2969744.668,3835939.099
"LPE(16:1)",3252068.204,5680474.23,4261424.197,3697374.187,4747760.226,5064863.786,5548553.888,5757539.204,7568986.669,3791613.315,4101331.522,4193445.739
"LPE(18:0)",6616811.164,11400000,8172863.923,8862412.582,11500000,11300000,15300000,14900000,16900000,14700000,1.4e+07,16800000
"LPE(18:1)",13708689.684,25589004.009,18725734.053,14126456.973,16251865.842,20945009.922,20030847.992,20310485.842,27047530.544,18503801.867,18389353.343,22853698.166
"LPE(18:2)",2757876.818,5165939.824,3296718.737,3377221.871,4184540.73,4503007.493,5536028.432,6095116.442,7339794.452,3309259.809,4116631.272,4183748.503
"LPE(20:1)",5728067.92,7269739.043,5963391.502,6381095.113,7106221.2282,8343321.34,7270045.313,6293591.902,6487161.255,5390672.95,6762463.811,6315720.863
"LPE(20:4)",1942785.23,3911584.334,4480161.361,1622892.419,1766456.945,2082444.42,3529754.362,4047294.6,3169104.514,4013023.057,3933099.584,4388494.598
"LPE(20:5)",225325.049,369481.7637,261996.2424,22530.462,101506.314,183437.39,120845.2761,279264.413,64596.0006,334328.462,353299.811,499795.867
"LPE(22:1)",7434.1353,266946.406,274207.641,10469.2848,322617.379,378494.329,370287.9942,475087.283,337552.47,276974.127,468175.891,363705.096
"LPE(22:5)",1059560.085,14044.3707,473108.534,943981.535,937328.123,1194186.29,1521458.556,159959.6832,1565209.956,1013596.629,1234257.272,64142.0451
"LPE(22:6)",1882218.596,3396948.831,2803551.085,689444.841,2185551.166,2959866.956,3430093.045,2819467.813,2346470.371,2816093.736,2593182.592,3296944.087
"LPG(18:1)",584533.876,1096828.461,595351.843,626277.333,643102.414,860961.08,846226.479,764208.862,815356.433,450285.59,568956.285,547577.317
"LPI(18:0)",59004.3,623864.31,387869.2173,7497.3606,57989.3661,314554.239,449586.694,642282.25,776427.028,111165.3978,297876.06,158074.2864
"LPI(18:1)",10889.6778,2069.2854,14433.7377,46496.6394,5578.4247,34026.3147,390714.21,14202.3411,20778.5466,4908.7803,289052.633,1628.1282
"PA(36:1)",854367.377,1377878.969,1054172.511,1005888.579,1004712.238,1254722.95,1340039.373,1960585.145,1540130.132,1402152.234,1183747.738,1439106.964
"PA(36:2)",99819.3174,167839.9299,230768.0232,178748.2737,12542.5065,323084.309,217591.934,173870.095,299786.017,66742.3293,180837.961,136824.076
"PA(38:1)",478571.298,582248.1696,350212.464,6540.657,235055.22,3147.8019,5627.0193,721431.5622,33495.1221,86442.5061,565188.3594,1031238.9
"PC(28:0)",1870104.904,1425538.818,1384128.814,2307509.626,1793664.396,3025284.316,1291705.877,1128815.883,1508548.37,1148323.302,1041279.627,1777984.946
"PC(28:1)",693751.8195,13200000,1.3e+07,9525862.775,213280.5513,1.1e+07,724119.6072,825287.1366,152026.857,440541.5496,963320.6088,615205.8393
"PC(30:0)",38700000,38100000,40600000,29400000,36100000,41400000,43300000,4.6e+07,44600000,44400000,4.7e+07,40900000
"PC(30:1)",41372334.314,45992890.729,42600590.89,37279878.41,40087735.886,55386017.985,30803829.983,33312055.394,29139968.564,31290856.105,31563403.273,32715946.05
"PC(30:2)",1162519.519,1673828.127,1080006.791,495166.2501,1275595.051,1968509.688,700185.777,950335.57,763906.044,500625.958,1420513.79,706572.56
"PC(32:0)",265400000,291600000,256600000,259600000,261400000,324400000,345900000,348600000,2.77e+08,324200000,290200000,3.26e+08
"PC(32:1)",206200000,212600000,199100000,181600000,202700000,217700000,317500000,326800000,294700000,204800000,299946770.037,3.01e+08
"PC(32:2)",54556835.453,65286450.768,50005298.633,52582045.28,48487132.782,66072976.219,29969012.831,26169584.919,30194784.355,25542779.878,33588219.963,33222688.536
"PC(32:3)",1190722.827,1190207.816,15494.769,431207.048,123775.533,1412820.367,915332.971,595067.811,307639.703,703753.488,960621.755,13912.1421
"PC(32:4)",617749.778,668012.332,685222.3278,113657.1678,504751.331,835016.787,284953.12,207709.016,338253.5766,478222.878,399254.131,345206.355
"PC(32:5)",2181038.57,521628.0588,1456206.451,128174.2218,2337928.05,1887514.659,5579183.22,876703.2261,611332.1376,3422592.079,707563.7526,7762914.633
"PC(34:0)",153200000,185500000,191300000,155500000,161600000,217500000,165700000,165500000,138500000,178900000,170800000,168700000
"PC(34:1)",1150798830.333,1200896652.235,1026241666.985,1085294148.604,1101295548.938,1363808171.487,1217657422.282,1408489888.255,1324314359.637,1196918438.0822,1242544056.9636,1360025401.049
"PC(34:2)",591627641.686,636276953.855,575888450.025,634673382.633,577459251.819,636014058.216,571668026.138,443299363.121,422426936.96,402928330.054,416125091.448,444438329.728
"PC(34:3)",14995026.471,14505737.928,16281696.436,11585138.978,13933720.288,14439586.441,10924942.631,10802031.649,10425246.459,6883834.2417,12840354.207,8845481.782
"PC(34:4)",1091691.715,1033743.902,1112956.569,918933.095,671597.9962,1145085.183,788593.9245,1054151.5607,997588.565,1226581.745,1112543.419,1097183.5596
"PC(34:5)",578550.533,902672.181,859523.86,640800.184,554130.291,823160.653,751423.034,823421.435,691796.966,900132.973,927483.441,763489.187
"PC(34:6)",8303599.5782,11728505.7819,9623333.8507,7761365.7098,10702620.3347,9529161.0695,9537834.6247,10014392.812,7752207.4085,12736428.0358,13096868.1604,14032888.1321
"PC(34:7)",487063.7676,2424150.949,3257053.711,1812842.737,3641956.11,1565532.208,4583767.37,3594738.317,3134333.848,1321026.348,1950529.424,24281.919
"PC(36:0)",13409074.91,18442390.472,17803793.361,12534434.392,14111539.792,19045965.021,16573654.916,15214984.269,13576879.865,16199463.152,15293198.922,15703236.516
"PC(36:1)",241055766.0977,247188232.3903,298277418.638,204541643.216,233935529.243,306938040.831,193240259.719,264974192.542,283589147.928,221361781.8685,277342310.591,269780674.54
"PC(36:2)",362436541.5233,340851539.6392,279690411.422,280455184.926,223304583.8545,412522253.5894,308242860.293,329617561.884,304122061.5399,298602703.4721,310921967.87,307412636.297
"PC(36:3)",181281996.666,179121676.147,167589347.777,140821339.207,140595555.6855,172720152.1081,168516750.892,182776624.414,160024496.599,145202152.365,166127481.211,157849599.263
"PC(36:4)",26840666.843,28739100.279,27716124.07,19475393.912,24111505.467,28660937.432,38690801.222,39882054.807,38332251.749,39072503.425,45556638.885,39380649.594
"PC(36:5)",53237864.827,51373039.221,45934261.226,57885412.082,63939531.211,48210676.607,57209567.826,56655356.144,50770777.298,61567905.261,58454428.218,52377439.084
"PC(36:6)",14211155.493,14717967.236,12527280.627,10972454.9248,12762180.723,14495206.9572,13276791.5665,14226122.187,13642144.3357,15114168.6962,13310563.0803,14018407.7487
"PC(36:7)",18700000,22900000,21600000,20900000,23600000,27500000,22600000,22200000,20500000,23300000,27600000,22300000
"PC(38:1)",7717135.8334,10239399.48,7402666.9135,7281826.065,8413657.434,14700349.653,7632235.602,8920976.878,7168940.761,7977173.458,9336175.149,8862029.726
"PC(38:2)",280644423.7913,303209558.348,251245248.5017,143459589.1085,164802761.5123,180065594.367,121479720.354,136207996.076,116691479.0021,116655295.5164,120375162.5522,119074512.815
"PC(38:3)",32808638.982,35424929.556,32249107.156,16780554.931,18906920.742,18419457.33,20298208.917,21259707.496,19358769.448,16244312.857,17887884.694,20700000
"PC(38:4)",158114220.825,168098816.4798,154754362.625,112101616.46,125795650.794,143499262.711,145514339.386,146971966.9775,140471643.43,117998750.2872,132821679.1969,135569833.0888
"PC(38:5)",186994646.4555,195128702.88,175866418.128,125094269.301,145057034.611,149240579.1788,151805651.8007,158571027.0215,146052707.5919,138098484.3646,142298021.4861,142821389.0537
"PC(38:6)",49477199.2468,52059420.26,49837995.126,43265028.8827,55878139.8383,59047493.6952,54441495.7675,55059883.9694,50109609.5007,51888100.4162,56530817.4145,53266323.934
"PC(38:7)",18490022.942,19821309.792,15326923.789,20076534.663,22640176.486,25072063.423,23009702.472,22613733.4169,19793653.2414,20909687.493,21411628.363,20833097.697
"PC(38:8)",11327.1564,136601.0724,37306.6956,168590.661,49598.8242,148600.5258,160167.2571,263649.246,112040.1993,227018.2995,105128.757,198601.794
"PC(40:1)",363964.3232,1031871.9754,1322186.0387,317527.2422,271404.6252,702523.635,693426.7838,51250.413,938132.8214,911140.999,950387.244,644200.2965
"PC(40:2)",17200000,21100000,20200000,5368869.473,5654380.283,7482326.058,4046405.798,1991430.054,4500068.87,4213216.814,5328099.014,5033436.778
"PC(40:3)",2263751.69,2793855.718,2332284.11,594432.736,371315.726,647931.59,1472.4648,884969.664,876936.398,799716.195,41956.2516,946302.181
"PC(40:4)",11266279.0811,16700229.154,13078143.1823,9354931.4139,11170226.402,13715287.955,9926473.1137,12199326.8713,9767510.2229,10006360.2323,11635062.933,11923132.0031
"PC(40:5)",75056643.0424,72944712.803,67605479.5493,30454160.075,34189171.6662,36784243.2388,21740904.944,22876965.9072,19491606.3952,19496078.512,16439861.3758,21995813.1936
"PC(40:6)",97448118.816,105297869.195,102103896.943,56328607.581,68935637.831,71686649.946,62290730.446,65440211.201,60365270.635,60186219.968,63303373.144,60435649.49
"PC(40:7)",146148849.8886,137920131.0576,131508697.8742,52533047.992,61644910.006,68354075.9019,58381455.7286,63911661.971,60672340.0766,47408148.7513,54043310.951,56720294.9657
"PC(40:8)",11071369.175,10876365.058,8099016.734,7314277.726,8101447.7167,11277625.174,7944844.8059,8157375.2259,7677209.1708,6859172.41,8231041.177,7669255.96
"PC(40:9)",2492399.414,1450280.095,2337457.501,3783594.241,8969284.546,4350857.36,4081049.229,4747711.007,2544733.01,3723018.747,6245450.237,5434815.199
"PC(42:10)",2321595.097,2775656.191,2428859.162,1013369.71,1373656.67,1382629.145,1854307.669,1664321.582,1822458.873,1677498.658,1834571.956,1659216.156
"PC(42:2)",264851.809,322556.296,413736.4728,86124.7758,51106.8093,78615.557,264445.617,256151.1597,74791.653,86649.6612,150567.1992,11984.1624
"PC(42:3)",429857.702,63270.0645,363328.893,NA,91701.117,191926.877,40458.437,31805.551,10736.418,102908.179,58899.8,29982.308
"PC(42:5)",976884.674,1760675.411,1744810.497,1551833.894,1642978.695,2543169.513,1312116.035,2227139.444,874450.603,1310272.238,1973057.709,2049584.504
"PC(42:6)",2928851.994,3732081.559,2868179.786,3393874.554,3326577.518,4110694.027,3674742.212,3608399.07,4182518.333,3556516.402,3993622.634,3896187.797
"PC(42:7)",119040.282,387938.653,241617.389,203907.364,252035.782,358506.243,462583.779,401541.737,322616.683,632680.033,405049.046,349124.548
"PC(42:9)",920415.61,1348857.076,775820.933,424836.304,336694.591,650441.942,924223.247,741240.494,769291.532,844315.894,936119.162,1135718.904
"PC(44:10)",24124.5384,332420.96,214301.8173,24683.4048,78689.076,224909.309,160337.354,144825.9096,77423.0355,72282.9552,153048.7527,29907.4749
"PC(44:11)",324221.34,310174.3245,244091.94,138469.644,183834.611,222276.859,229453.291,139338.522,270009.376,314083.46,185766.767,169050.193
"PC(44:12)",422906.734,449676.117,499312.788,151121.646,28584.2523,247704.235,329715.927,330115.59,323599.165,302412.644,475300.402,29079.8502
"PE(28:1)",636381.187,711896.066,608520.822,763315.595,691397.215,1235267.706,637381.776,470884.909,586050.778,749755.677,607954.573,702902.011
"PE(30:0)",4965774.402,7105544.9719,5477878.6343,4396217.191,4633714.3195,6035940.939,4587432.45,4400944.5052,4109927.059,5822603.214,4959317.1507,5417762.658
"PE(30:1)",1843.4925,385112.047,2895.372,3273.2022,4246.2216,104566.4355,1492.272,7251.0549,1712.8887,1768.164,26002.302,2880.3423
"PE(30:2)",1117190.65,1282722.85,1112486.258,1171722.415,1128019.719,1588597.931,820397.509,592434.15,890123.176,424532.492,910172.679,886174.948
"PE(32:0)",121880511.434,170955091.027,135565243.036,116286040.983,125453849.643,153982262.26,155899467.56,146295114.499,139546331.365,148228703.024,158501433.341,152276530.839
"PE(32:1)",131829986.5509,146701427.4793,155834451.6767,153419485.8507,163084852.2938,220698372.6073,190663334.9986,169432466.6478,165635153.2537,134800970.7481,209249864.9159,187899010.6363
"PE(32:2)",7588025.631,8436859.106,8748730.0693,7918118.5114,9104471.7158,7546840.319,9522696.06,8424357.7482,8369948.7077,9361173.2317,5006224.6634,8484762.7309
"PE(32:4)",3643439.397,4593868.681,4260575.453,2418100.806,2332209.069,3355421.543,2437752.137,1708302.977,2470788.344,2669935.103,2836595.648,2704935.161
"PE(32:5)",1362757.34,1510080.719,1659720.801,1196583.912,1054816.32,1515457.365,339412.479,589442.493,744585.812,990412.347,575463.9891,840461.629
"PE(34:0)",69432302.732,104664430.595,68263963.84,77025858.177,84665436.46,99792664.517,83142587.85,82678612.295,82648727.072,71423606.985,80055269.199,89574848.869
"PE(34:1)",1286702510.468,2087172133.87,1573630180.942,1441867735.3739,1574032836.2425,1798193222.3487,1967067794.053,1729817533.159,1860908005.867,2021611403.745,2209030054.826,2124563858.2948
"PE(34:2)",191837604.9005,345791222.5045,267212126.0087,274715567.985,297014019.2246,495601568.3396,357292363.4434,252647036.5328,250259971.2874,403820054.873,350350311.5421,441986944.9663
"PE(34:3)",8499781.3706,10845378.933,9420882.197,8956724.5785,10356213.631,12244904.698,10851983.774,10609306.557,7020771.879,12069625.446,9465856.99,11127360.177
"PE(34:4)",8448761.7093,12776343.191,12778343.158,7980213.3576,10328677.9485,10962110.334,9312931.2386,8519179.0432,7933592.5605,9785775.8556,10061452.2647,10557837.7856
"PE(34:5)",3088139.476,4088280.059,3539657.494,3153597.88,3882335.622,3610128.981,1775842.603,3019870.795,2908894.934,2986225.153,2961925.588,3320222.459
"PE(34:6)",1838431.875,2565818.1366,2529602.933,2354312.0906,2070593.7977,3040716.338,1437652.2006,1023366.077,958748.5647,1749116.792,1560637,1555329.43
"PE(34:7)",106738.801,167237.643,130770.846,5046.0717,289276.547,2916.3126,182290.873,55498.82,111985.863,117185.563,99305.099,77209.137
"PE(36:0)",27281278.156,44945305.951,29201476.271,10648977.3405,36235898.665,43649799.77,20665861.321,34817170.025,41803265.817,37047346.969,36746691.655,39739261.323
"PE(36:1)",1213307359.368,1781156776.8806,1339832940.668,1263003630.409,1387043537.3145,1700801342.8285,1472927201.7934,1450205737.853,1451507224.5808,1327475164.231,1620438853.642,1579874008.43
"PE(36:2)",3896032748.0975,8431973661.9367,6528028942.1031,5672975281.716,6242548654.3732,7572865716.6935,6271600667.978,6575342157.341,6005448596.9769,6213755388.273,7545541977.9308,7452965253.932
"PE(36:3)",91543059.5169,177904114.8251,146093581.8344,168369421.1356,193819536.3224,261962704.9631,192504770.0473,127651728.319,135260692.5626,123729960.684,193278394.5023,117492888.3907
"PE(36:4)",1136475800.114,1539272425.114,1272298132.0539,1081617860.295,1275917331.514,1349771555.768,1468987329.7136,1414401817.832,1300020669.8867,1478788736.493,1624173701.028,1492053264.959
"PE(36:5)",535069580.267,684324563.344,650471731.702,451093876.68,565144009.8323,487102394.603,615297053.687,634429266.2,577391252.9694,662049582.344,520214261.49,707926058.89
"PE(36:6)",67543685.1393,82184180.9614,70356738.6957,71562229.79,75573114.368,86867018.2826,77403867.1808,74467488.5472,69774556.3163,80242602.6353,84519280.474,79607765.7683
"PE(36:7)",1262168.441,811799.284,1040199.98,2173167.153,1476112,2363385.771,742240.147,938129.91,1129845.621,728714.043,1094344.702,1766811.545
"PE(38:0)",138312.2448,496567.361,269329.872,132515.7774,505587.329,632542.704,342432.5544,263720.628,70992.7344,18712.0173,248683.5747,351809.865
"PE(38:1)",39275975.317,60858769.797,44705925.251,40958760.046,45183456.676,57721543.189,51731649.458,52871872.59,53125435.835,49675582.075,59775042.381,58030231.06
"PE(38:2)",303004794.2627,405293116.65,316822279.1194,234969287.4332,265907127.5533,319384482.888,215835507.94,230825922.371,219864270.559,215567175.2459,246239162.3061,270120861.5058
"PE(38:3)",49500472.7631,72175072.7768,54074245.0212,41893477.032,63115550.8818,76497463.8955,38041293.5499,65706355.248,71234104.545,69224721.5871,73331675.2438,70669200.5496
"PE(38:4)",403939155.624,543383688.8597,464740555.4825,417094067.0387,476863484.2574,532576036.8161,526419759.3326,508735366.0936,498160181.389,544194552.049,605957911.977,589463662.8009
"PE(38:5)",1772465959.9272,2489390856.2674,2063261941.9648,1647956337.3492,1889139193.5918,2151435229.9723,2236482162.7184,2222638541.257,2049603047.8242,2297091112.3445,2447274419.196,2338545979.9625
"PE(38:6)",1385388770.32,1549232462.102,1596939810.3576,1459482626.634,1567411098.564,1757922804.461,1845125805.6414,1607980048.503,1541587543.885,1748137462.119,1809867101.6685,1344231930.908
"PE(38:7)",221999453.613,215036729.6349,219825522.62,259007375.7634,287361031.704,211063646.52,243214844.163,235919640.501,232620836.399,239711644.5854,266258639.728,215888992.8432
"PE(38:8)",1576732.031,1655641.141,1268160.426,1601063.722,1849307.989,2534827.11,1555113.898,1457715.828,1613959.437,1437516.918,1449285.94,1680315.821
"PE(40:1)",6244905.367,7537455.968,4629821.807,6066161.793,7317241.195,9359973,5928212.478,6592723.041,6257365.684,5010207.219,5950428.989,7214884.065
"PE(40:2)",35410482.004,54347961.438,39383387.519,37177977.697,41912285.66,54235484.3258,41843639.177,41952145.0271,44571600.155,44485004.94,52622997.026,53867149.269
"PE(40:3)",2842464.4115,3622530.6274,2910533.7819,2523152.8632,3138702.7797,4343394.3264,3255960.2306,4355778.4292,4786163.1818,4288394.9468,5349570.74,5544340.0197
"PE(40:4)",28548336.571,43464584.6568,32241260.8663,30134903.0208,35240899.513,45483607.5379,35439778.783,37007985.469,36119452.2679,35368624.255,40844146.6045,41871065.4391
"PE(40:5)",532735645.0863,706959406.4077,605541630.2139,524638466.8239,620766674.7288,711715866.9409,672358162.1747,657121814.1333,631044231.3554,680685895.705,741460915.8385,694248139.0484
"PE(40:6)",1184460834.518,1616961948.304,1376061886.191,1245071859.966,1431107241.039,1611891810.316,1592674721.994,1619643848.3006,1500900244.0923,1643151950.8414,1864688153.708,1693445674.0676
"PE(40:7)",1179510377.723,1644289090.705,1421642815.476,1339285075.383,1474337648.715,1575119645.3061,1681720703.393,1613327759.565,1526954296.935,1855631824.441,1962454548.967,1819402147.773
"PE(40:8)",144626099.099,149186388.52,138415761.334,187037817.16,196280235.41,221301308.434,185264227.305,176530753.954,166154480.512,171462977.759,187021431.819,177271255.557
"PE(40:9)",495117.864,636451.888,332906.572,699085.413,792384.213,814348.148,495512.129,793951.041,405981.091,374359.214,913957.84,503111.743
"PE(42:1)",358652.899,330470.897,214213.285,266069.644,357921.298,627497.618,275409.598,200845.721,274826.972,236509.72,148068.2895,397017.93
"PE(42:10)",12300000,18600000,15300000,11600000,10200000,12200000,18900000,17900000,16300000,18700000,18500000,17600000
"PE(42:11)",938313.803,1551019.805,1065915.306,298256.4261,499059.217,538255.7,1364490.741,1143140.944,687134.4456,1266708.714,1089194.293,995622.253
"PE(42:2)",442483.935,1155916.956,272438.4498,501558.396,386163.715,666946.145,532331.623,706149.661,127044.6924,176805.0294,691663.666,732490.387
"PE(42:4)",304206.621,562359.699,356769.876,285445.798,286735.233,510006.16,414628.401,448569.666,368407.539,396621.927,380047.2687,349832.7795
"PE(42:5)",9192498.163,12400000,10500000,8668215.169,9326980.982,10800000,7516244.386,7423173.372,7685268.568,8567073.914,8982222.163,8151567.291
"PE(42:6)",18315286.9591,23227275.768,17749807.469,20492040.213,23242670.5385,29957430.55,15774016.3149,18020680.308,19120760.7639,19209383.932,21141353.8471,21027689.2526
"PE(42:7)",6453514.338,7365772.3068,6835569.5224,6659945.804,9220753.5748,9877007.866,7000338.3598,6017546.3303,7053433.7566,6926486.6874,8410058.2648,7390500.3139
"PE(42:8)",1180233.671,1306045.096,878765.809,1217237.561,1314479.347,781713.16,1317466.85,1303592.084,973390.052,1340874.501,1249815.172,1446565.521
"PE(42:9)",4883106.688,6946404.942,6695667.636,3359004.238,4494747.543,4547135.12,7395818.075,15400000,5427553.644,7464156.92,7043973.423,6750078.831
"PE(44:11)",315960.427,70289.1354,294312.877,140686.03,1299.2187,67061.525,273315.881,153346.548,166986.11,19307.0664,223016.568,266740.374
"PE(44:12)",555338.181,655058.745,133656.8145,553852.833,62628.4845,250446.811,652500.02,624590.643,390946.33,628093.819,530875.983,607721.279
"PE(50:2)",88997.981,325179.849,96347.224,177369.144,211671.964,345240.641,91291.547,283882.98,294133.256,97665.37,161960.262,359138.103
"PG(28:0)",267632.908,319974.163,401278.97,364645.238,274761.123,545911.552,254288.285,176320.746,240525.068,366881.018,367567.998,610113.613
"PG(30:0)",1376692.839,1753437.916,1519429.139,3644919.272,2046711.062,5396395.624,2349942.256,2256441.076,2653112.201,2036770.142,2322498.45,4235612.205
"PG(32:0)",17400000,28700000,27200000,28100000,24200000,4.6e+07,25100000,24200000,24500000,31800000,29900000,35100000
"PG(32:1)",6305656.9563,11874750.268,8868379.9914,6010584.1521,7434640.2146,17400096.911,10237407.4677,10009840.4395,10929132.2771,11002761.486,10564261.495,13404696.261
"PG(34:1)",1.86e+08,2.48e+08,2.36e+08,2.16e+08,2.19e+08,2.96e+08,2.38e+08,2.16e+08,2.22e+08,2.3e+08,2.51e+08,2.27e+08
"PG(34:2)",11200000,16200000,15200000,1.2e+07,13100000,20200000,12900000,14400000,13100000,13100000,13500000,14200000
"PG(36:1)",24900000,56900000,41300000,55200000,23700000,2085.4098,6.2e+07,25300000,23900000,62700000,57600000,66800000
"PG(36:2)",1.03e+08,1.44e+08,1.31e+08,1.36e+08,1.46e+08,1.94e+08,1.39e+08,1.35e+08,1.3e+08,1.39e+08,1.5e+08,1.47e+08
"PG(36:3)",1348783.834,1972885.722,1563896.157,1866445.169,1827480.949,2809623.119,3962442.678,3807446.936,3071062.49,3775567.904,3909915.924,4309620.356
"PG(36:4)",381064.0746,481183.399,425091.5438,462039.8224,594689.201,846263.824,1106148.73,1130342.6646,1079065.024,1043104.623,1213969.1132,1081350.09
"PG(38:1)",2184476.964,3234923.34,2605192.392,3383008.188,3723684.342,3850269.376,2798048.822,2372279.545,2787636.932,3015256.034,3332954.051,3143651.48
"PG(38:2)",1111468.309,1770653.945,1075862.033,1229892.315,1037789.12,812765.837,1273535.687,1753148.404,1551916.619,1234308.203,1382445.289,1397020.424
"PG(38:3)",4571198.132,4437968.133,3992396.191,4448243.458,4769361.387,5131350.691,2619011.482,4770532.424,4264955.717,4574698.874,4592737.762,4448588.627
"PG(38:4)",1381656.332,2030684.4288,1492302.003,1502455.522,1649752.896,2413266.8526,1793267.663,1793821.285,1515182.329,1252410.96,1755452.637,1810123.384
"PG(38:5)",12800000,8037451.923,9415994.293,9275098.08,7320699.547,1.6e+07,10500000,11200000,10500000,8309751.176,12100000,12200000
"PG(38:6)",5052731.5555,5506810.209,5542280.7669,4566655.2383,4927703.382,5817636.2853,4184558.739,4179309.5004,4457356.6175,3364281.4657,4840481.716,4107932.5015
"PG(38:7)",128373.8649,42390.6447,257486.0574,81513.45,48815.9463,56806.2,303809.863,311747.681,150754.131,477577.337,195942.1557,502595.053
"PG(40:5)",2925449.334,4555194.077,4157113.521,2723884.944,2906789.91,3852922.807,2522889.101,3205974.153,2677241.34,2231211.987,2172974.815,2356345.736
"PG(40:6)",8206382.027,4498670.867,8277803.485,5387686.763,6357052.262,8400526.475,6013696.912,6638836.788,6748381.165,7155531.924,6832438.413,8647332.921
"PG(40:7)",57974916.209,69190386.555,58764849.926,49919326.8868,65707492.983,81110369.185,53661829.7036,61051432.778,54780791.531,59012513.892,56668817.03,51721485.1204
"PG(40:8)",2066078.186,1458453.6416,2783985.344,2736440.4456,3002267.645,2845207.409,2509023.684,1661546.556,1269620.028,2128920.063,2421864.152,1386009.0285
"PG(40:9)",543450.269,671749.088,690061.24,285768.818,274794.798,516613.998,167673.401,164805.832,163468.018,136536.22,125418.583,137835.232
"PG(42:10)",8621847.2035,9811221.256,9177264.6333,3932408.333,5037481.9874,4923321.766,2670000.26,3482134.264,1773906.4899,2509414.019,2659546.5268,1748856.1282
"PG(42:11)",1582840.281,2765135.049,2597343.281,1312248.607,1254359.63,2028078.421,855033.216,701985.666,638928.906,806798.806,662208.458,610633.656
"PG(42:8)",1004101.457,1035945.212,1081888.177,252914.5929,402723.916,350554.9203,144890.865,257185.1535,147702.753,106281.361,83590.3716,82864.6518
"PG(42:9)",1012352.6546,1187059.592,1634925.067,368234.5248,863836.642,874320.2679,173245.3804,132825.334,155933.8928,176005.2382,149325.422,NA
"PG(44:10)",3275220.095,3497097.4881,3043998.948,1136645.443,1321575.981,1788420.236,825982.455,683135.9937,310097.9818,812690.6597,704778.456,842327.095
"PG(44:11)",5367454.237,6055731.295,5197129.852,2634850.18,2843360.606,2766460.763,1626873.776,1648711.233,833712.387,1518708.634,1919638.416,1659980.211
"PG(44:12)",23100000,26100000,25900000,1.4e+07,15800000,20900000,9954505.469,10200000,3795741.645,10800000,11200000,10500000
"PG(44:9)",346230.24,355192.9884,270908.26,128734.98,126173.9637,99629.6655,46146.6765,41838.411,25950.406,40085.2353,10263.441,3482.2416
"PG(50:1)",648117.25,3315914.61,814284.236,1206870.004,9271921.151,11400000,16700000,13500000,12800000,15300000,16300000,1.5e+07
"PI(32:1)",177254.9183,1130760.0393,351761.4822,472108.1788,123931.4427,1319680.3156,97297.035,930470.2417,137331.9471,317020.0349,736801.1348,645437.9226
"PI(32:2)",249168.7659,794208.194,447792.731,752422.862,586594.967,1469010.013,90547.974,479308.509,24467.6274,154801.1043,230891.172,465183.828
"PI(34:1)",6028850.5,19138226.44,14551323.122,7986577.545,13876179.773,23686884.72,13201316.394,31769974.095,34917215.535,19886521.68,20139395.071,41893749.823
"PI(34:2)",2693622.201,7355116.989,4256480.104,4362768.637,5163745.262,9539286.989,6337307.714,1.1e+07,8061223.125,6062281.707,5605712.74,10500000
"PI(36:1)",1.17e+08,3.74e+08,2.02e+08,1.59e+08,1.3e+08,3.94e+08,1.93e+08,4.16e+08,4.47e+08,2.02e+08,1.78e+08,5.06e+08
"PI(36:2)",2551305.072,17768873.4033,7361333.5619,6897627.797,4588686.0326,18849633.0292,7150570.8224,8943149.8971,10199717.7844,7646394.5737,9268729.7045,18876420.1646
"PI(36:3)",4073048.205,11300000,7111533.876,5547420.433,4433244.763,11300000,6575001.536,10700000,9495423.294,6681078.526,7031129.804,11300000
"PI(36:4)",2100308.856,4133057.247,2320178.439,3636985.273,2355599.745,6675241.895,3534560.828,5074071.096,6602896.965,3013437.4224,3293286.044,8295129.3527
"PI(36:5)",1210766.192,1238053.73,330932.9394,945070.012,248311.1412,1098714.561,762651.499,1083371.07,223681.5774,463944.4287,119642.4951,400528.0485
"PI(38:1)",68981.748,1195315.974,257177.129,345828.631,31905.1461,492290.5041,555190.923,2373039.851,2302338.981,689682.693,873308.503,1884548.26
"PI(38:2)",3894752.576,11133630.314,5618632.393,4582559.015,3719186.328,6925097.345,6800502.103,11131922.841,11362603.222,7294873.846,6238402.587,13968173.308
"PI(38:3)",NA,63616.1907,NA,20767.7232,29090.2644,62583.6849,64241.0046,67685.7621,12332.5287,26041.8996,96098.193,37894.7409
"PI(38:4)",165818000.9022,402457321.6621,290988160.9086,349391283.1286,256918354.3625,521061684.4194,269545842.8483,427669328.7664,432177023.6051,308504101.2906,314239710.6372,446506017.842
"PI(38:5)",82300000,187200000,107400000,68700000,59445532.222,153400000,8.2e+07,103900000,121100000,92100000,8.3e+07,156500000
"PI(38:6)",3554365.46,8558018.212,4807020.784,3251926.994,2580139.282,6125854.102,2661757.319,3579573.78,3318250.883,2698037.955,2895758.523,5528439.571
"PI(40:3)",4555.1775,1169290.346,369838.392,38437.5405,135318.5841,1045295.022,514433.416,1105891.494,1087796.145,486957.361,412660.011,1214962.064
"PI(40:4)",4943416.9705,13296730.895,7643040.429,5546372.7617,4724459.539,11443512.029,6234871.916,11731690.2601,11705520.233,7119218.6671,6493404.428,12731794.185
"PI(40:5)",14435273.201,35929964.156,20522047.821,20512295.913,12764611.568,37183293.714,21320164.3,31723835.138,26648361.307,24036874.17,21377453.806,37873631.845
"PI(40:6)",5762326.647,13470720.228,7922792.047,6659900.351,4766196.953,14614270.701,7193245.867,15024354.366,14258926.748,7220217.325,9499569.108,15462355.069
"PI(40:7)",NA,29255.041,21786.4962,18474.0309,8336.874,40410.102,12692.4438,32536.3029,14288.7231,5368.138,11603.978,9902.52
"PI(40:8)",196500.989,341509.222,239344.983,107605.1319,30531.9615,253319.185,265287.877,42216.5967,240876.308,149675.653,158866.9638,308425.306
"PS(34:1)",NA,2560489.42,703779.144,NA,433904.236,1750689.426,1626995.047,2673679.102,3883318.581,1404249.498,1515563.229,10600000
"PS(34:2)",1100771.718,1123545.1729,1143498.0422,1299023.1942,1448758.208,1495975.0911,1990056.7668,1805908.2335,1715822.0178,1693073.959,1544318.3724,2000781.7499
"PS(36:1)",NA,21300000,4890849.1,157174.094,2464885.029,12400000,1371126.241,26100000,23200000,6453146.329,7795119.671,71100000
"PS(36:2)",NA,589867.1979,282338.217,190878.9018,237760.6417,1208781.4474,118083.1698,622897.5543,454427.1093,478083.5712,492277.0854,7358261.2111
"PS(36:3)",1165858.346,1257736.614,696242.484,1404576.995,1180728.829,1198217.34,1213211.201,1208077.829,1048585.186,1061158.441,1045345.531,990488.85
"PS(38:3)",152209.453,41791.2063,93364.415,49314.7833,28159.2552,46969.3068,25089.9804,6051.303,13040.3685,45537.7674,31664.5512,35783.7936
"PS(38:4)",3051778.2734,7759775.891,5604220.586,4647024.137,5174253.766,4381112.068,4372207.08,6422294.24,4590186.499,5425298.119,3892491.036,6189592.165
"PS(38:5)",296827.363,166950.1323,656865.395,67425.1248,520058.783,1694949.927,83018.8137,733041.3696,1269111.013,540808.777,673343.6988,1681474.152
"PS(40:5)",122396.1546,6670224.266,2092750.556,569244.356,1060081.55,6469919.879,1744836.403,12200000,8750654.188,3800504.804,4058920.589,29100000
"PS(40:6)",NA,2308985.47,337156.9365,NA,87761.4,1978599.007,544057.328,2497959.882,1511153.595,919970.787,338380.487,3809524.477
"PS(40:7)",NA,687492.2655,722869.665,342070.808,205247.546,3088289.19,242610.587,1157499.366,2606215.051,1783325.638,916093.0224,8327628.418
"PS(42:10)",128855.1978,109616.4357,175802.3769,105092.0313,211940.0637,359207.467,95805.7599,221725.4535,71152.6365,24738.2067,36891.1662,269812.164
"PS(42:8)",1646213.99,1789393.8,1509474.44,2027801.394,1801782.73,2181761.059,2148530.792,2274876.731,2229720.057,2457010.504,2160802.008,2358303
"PS(44:12)",312999.336,158318.647,181332.038,120415.755,90603.8541,242854.104,171001.297,341267.469,297427.9569,206280.7221,395203.858,303516.1806
"SM(36:2)",2452157.3524,3017023.559,1379896.969,4441552.408,1918926.1357,3393794.8171,2054124.9366,1483687.9393,2298580.4407,1122907.427,1241872.5114,2876386.7769
"SM(36:3)",29800000,29200000,29600000,27300000,27600000,36600000,27200000,2.7e+07,2.1e+07,21400000,18900000,20200000
"SM(40:1)",43400000,54100000,41100000,59700000,66300000,79700000,47400000,5.6e+07,49800000,37700000,37100000,44300000
"SM(40:2)",195019.5612,140988.4245,216008.7873,262328.1141,632038.224,265062.9885,320556.6441,231288.3621,143269.335,NA,158784.0528,85678.0773
"SM(42:5)",4.7e+07,47200000,41600000,66600000,69500000,71900000,7.2e+07,73800000,74200000,65700000,66400000,67800000
"SM(42:6)",3899727.863,846199.2015,5435590.944,850671.011,952092.538,876933.9408,797898.692,297412.002,236579.7159,1655101.811,1004146.16,867091.1139
"TG(22:4)",3635554.424,4041352.241,9808162.155,NA,NA,913213.959,915379.922,3633745.139,4819350.224,9719808.616,6547062.416,3728458.419
"TG(24:0)",159860.7378,741934.3935,1441447.657,298521.733,166060.789,171487.5996,2100895.98,1489186.999,967671.8358,3379145.828,1227469.54,1594301.926
"TG(24:7)",819907.19,1363193.291,1596553.59,593075.97,793863.863,816142.933,3251243.227,2781459.584,2551551.971,2711468.507,3331873.01,3518485.455
"TG(26:0)",1078244.673,5878566.045,4649506.651,1380872.684,1044055.345,549814.463,6845078.561,4075649.072,3051402.157,10400000,3610816.033,4036671.713
"TG(28:0)",211613.4033,4513781.937,3646955.08,940036.273,579677.42,277861.207,5770943.852,3293999.562,2548781.683,8971748.124,3266717.943,3137996.779
"TG(34:0)",18400000,22100000,22800000,1.8e+07,18500000,16200000,22500000,19500000,17400000,21400000,29100000,40200000
"TG(34:1)",1.2e+07,14500000,11600000,77600000,10500000,16900000,51600000,42900000,6766192.795,1.8e+07,13600000,35500000
"TG(34:2)",4185786.281,7033254.537,16600000,3248617.866,1934062.512,1056812.091,5495407.326,4052406.604,4609875.577,6802313.635,6065380.886,148968.8388
"TG(36:0)",6914512.837,14179970.59,14525598.232,7621650.4296,7487818.009,6344197.3257,6407763.6328,9511470.287,7933636.058,7024742.698,10233555.513,14977348.815
"TG(36:1)",130081900.6,190708657.485,166297567.967,283820044.817,141116586.867,154248498.052,301336225.172,268707769.688,162793891.85,242877275.232,172103369.648,263768264.73
"TG(36:2)",5e+07,6.4e+07,58200000,82500000,96300000,95800000,1.71e+08,1.52e+08,1.34e+08,1.6e+08,1.65e+08,1.94e+08
"TG(36:3)",4.6e+07,102200000,99200000,39800000,38600000,31400000,99100000,80100000,68800000,135300000,104800000,139100000
"TG(36:4)",42096122.215,158439848.32,159579518.634,21977640.743,18151016.263,11257878.663,133467150.795,94736960.743,61928804.082,255310634.95,102701416.429,187088173.498
"TG(36:5)",1.7e+07,60500000,53700000,11100000,9437970.033,6997906.459,49700000,36700000,30200000,79100000,51200000,54800000
"TG(38:0)",8304435.717,12558098.358,14130577.707,10375508.401,13616125.64,7451743.783,12092802.016,8520340.615,10399434.442,7039446.159,10702653.109,11685784.728
"TG(38:1)",23552279.668,29169719.143,14170382.694,159194827.583,27545212.965,46501143.227,70026811.147,88038932.095,24179578.272,32589264.98,22687561.627,54925394.497
"TG(38:2)",14222749.515,42922164.126,38285958.695,48505845.744,47135555.582,62400000,82146415.122,84880429.309,66344707.37,76991270.608,71439772.015,85651095.178
"TG(38:3)",5805666.725,12100000,11800000,2948678.542,3016003.504,2881473.633,6366013.522,12900000,11600000,17500000,13700000,4862006.991
"TG(38:4)",106089939.905,162498859.566,153166899.884,101817718.4624,118013718.401,108730213.899,186954122.3279,169268023.115,141637372.202,208276823.128,157520387.382,195536592.037
"TG(38:5)",17217055.633,24610527.157,17425961.002,1272652.0236,5092399.1,4724950.35,59883149.563,8258343.774,49172259.262,12128463.51,58631359.906,68350434.581
"TG(38:6)",2679231.045,676003.7277,1875994.439,4387587.349,210984.4542,1324560.903,539750.9643,9535603.887,1.7e+07,9054065.109,6090230.724,2642753.267
"TG(38:7)",3299093.0937,16422625.2,17986845.862,8830062.9621,5990004.457,5172780.597,8546478.888,15249422.8865,8077271.472,21576871.469,16953639.7484,8877737.253
"TG(38:8)",28331652.538,36691375.958,34486641.268,24988874.933,27394363.049,26299016.647,3704171.291,1369699.7804,1057372.9928,3700997.1839,1848477.394,3450040.93
"TG(38:9)",671922.4959,1466694.4797,1563052.1844,1761247.4968,1567674.7722,2314280.307,310115.2404,135381.3135,298197.1761,469797.4056,520126.8924,369893.5833
"TG(40:0)",12189766.809,8943041.521,10386101.596,8628005.493,7208870.589,9932134.806,7969169.016,9069806.606,14059618.002,6193802.709,7609181.714,9109835.386
"TG(40:1)",3308933.503,2370624.369,1649647.092,2401332.666,2779060.689,2895280.145,2255475.695,3213958.183,424280.3169,2666231.6,2300429.994,1659571.826
"TG(40:11)",156378.321,804824.574,4233073.523,1037569.642,3560127.996,1063662.481,114594.3984,110207.6544,NA,277457.442,37559.5161,63738.3822
"TG(40:2)",3352602.256,4305529.361,3898030.184,5852572.987,7119627.035,6811963.235,44500000,51100000,47700000,32300000,37300000,28800000
"TG(40:4)",433409.7504,404281.5027,587303.0292,559153.7142,259838.7873,212029.8642,582294.8214,519906.6984,533812.4364,588637.1004,929450.238,706584.3483
"TG(40:5)",18863994.484,23578106.512,18083048.403,27389190.173,32720379.088,33230722.936,50748776.41,39051410.325,34299673.997,46896729.671,43243830.928,52245985.206
"TG(40:7)",4280433.0664,9363881.503,8871913.854,14958272.924,5213823.461,5460132.081,23083484.697,7320941.0015,9948293.09,21877689.451,11834378.947,20623400.104
"TG(42:0)",3143894.884,890935.3134,546592.2837,2211571.328,1.1e+07,2251656.781,1928760.288,2905912.806,4523061.939,2747817.25,1555362.773,2104487.89
"TG(42:5)",1996859.887,3546570.334,655168.7124,6897422.361,3823540.177,3413640.159,1952266.531,3447316.162,867611.0562,635918.5251,2889503.539,2195991.542
"TG(42:7)",4227766.531,7040718.519,6316441.432,3102950.418,3224078.372,2458956.838,6956561.629,6093048.529,3935377.54,8309624.711,7739464.547,8325485.036
"TG(44:0)",25100000,30700000,11800000,1.7e+07,27800000,22600000,15300000,21100000,14200000,20300000,16300000,18300000
"TG(44:1)",16300000,20900000,16200000,17500000,16700000,17300000,20400000,22300000,24500000,15800000,21500000,15900000
"TG(44:2)",7005321.111,9826988.321,8279520.056,10400000,11200000,11200000,28800000,32600000,28200000,21100000,24500000,22300000
"TG(44:3)",1553145.171,2140737.643,1414310.309,1612471.052,1600776.892,1515601.702,3547015.055,4679067.798,4165710.98,3360926.893,4189484.936,4230859.314
"TG(44:7)",8741663.645,14200000,15900000,5029702.889,4142147.686,2957018.789,12300000,12800000,1.1e+07,13800000,12900000,16600000
"TG(44:9)",795897.978,1111578.968,1730847.429,226391.9904,158869.171,NA,1977936.356,183115.6587,1497760.883,3235265.31,1962163.278,2977614.722
"TG(46:0)",3.7e+07,44200000,50700000,4e+07,27500000,29700000,54400000,5.2e+07,39900000,31900000,33800000,40600000
"TG(46:1)",31396946.104,28921444.261,39839666.733,53146753.605,49306986.063,57876460.452,50663551.614,66620166.955,60793245.71,38957056.4,41068421.59,44211576.616
"TG(46:2)",10400000,5887209.448,7620074.877,59200000,67500000,74500000,37400000,89300000,8.2e+07,34200000,33400000,5.6e+07
"TG(46:3)",7358586.952,7677653.653,5832056.257,11400000,11200000,10700000,8975089.038,1.7e+07,14200000,4739533.083,11900000,10700000
"TG(46:8)",5952263.37,10300000,7883733.709,5111467.182,6829230.602,4824650.475,12300000,16500000,11400000,11500000,19200000,2e+07
"TG(48:0)",80800000,74800000,85600000,1.48e+08,60400000,55800000,59600000,78900000,70300000,41400000,44800000,70100000
"TG(48:1)",113391169.67,116209945.643,108182166.1578,156552135.881,168149598.936,171105640.994,136867812.201,210572747.319,201108470.188,120576920.837,140455248.619,135173244.216
"TG(48:2)",115587885.446,105435493.507,77726527.026,379197400.171,403593636.045,491600000,297074670.317,420300000,349900000,247374330.333,296848128.559,270623644.946
"TG(48:3)",45973672.407,39444785.489,37235285.21,85979040.661,117521387.54,128256765.327,77754393.628,150398732.475,122179240.216,76198280.184,76522539.121,83168295.093
"TG(48:4)",4602423.814,5434376.308,5675781.365,6581602.374,438583.5837,7226212.247,988780.0836,1283703.532,8683965.576,6415654.05,7681043.534,9012622.907
"TG(50:0)",39100000,35500000,46900000,1.52e+08,49900000,45300000,35300000,60400000,54900000,17500000,22300000,45900000
"TG(50:1)",3.77e+08,4.53e+08,4.98e+08,4.21e+08,4.66e+08,4.08e+08,3.42e+08,5.07e+08,5.08e+08,2.85e+08,2.87e+08,2.93e+08
"TG(50:2)",557298635.484,195624095.6236,530399295.503,1815555829.7261,2184892126.853,2218023124.892,1507700000,2285600000,2347317186.198,1193824972.707,1375831346.2,1397049935.806
"TG(50:3)",251500000,202700000,190600000,944500000,1063100000,1305400000,751800000,1094100000,982700000,561800000,752300000,608200000
"TG(50:4)",79174622.663,87454997.459,89675937.275,126400000,126400000,139300000,130400000,182300000,165600000,1.23e+08,137500000,137042229.253
"TG(50:5)",1489584.936,4625759.397,8247083.614,24500000,44600000,3.5e+07,22800000,62400000,32100000,20400000,11900000,12100000
"TG(52:0)",15500000,13400000,24100000,66700000,26600000,20800000,12800000,24700000,21300000,9273156.913,8409184.082,15700000
"TG(52:1)",1.34e+08,1.32e+08,1.06e+08,3.44e+08,3.16e+08,3.93e+08,1.48e+08,3.4e+08,2.62e+08,1.1e+08,1.34e+08,1.68e+08
"TG(52:2)",1135089078.552,1231234750.3656,905600000,4180077141.887,4970426886.125,4535555711.897,2340616596.592,4203635385.933,3493353670.772,2244185470.7,2493059786.935,2367363711.7225
"TG(52:3)",6345573.8157,3995728.633,3572141.985,37827340.8037,40859105.7152,53069925.379,26114295.7284,65466559.0082,52243776.6908,18020865.228,21086726.9877,29990032.8595
"TG(52:4)",5.62e+08,5.94e+08,6.2e+08,3.11e+08,6.6e+07,5.98e+08,7.58e+08,9.79e+08,7.81e+08,6.57e+08,6.31e+08,6.99e+08
"TG(52:5)",2.87e+08,2.23e+08,2.39e+08,3.31e+08,2.88e+08,3.64e+08,4.43e+08,4.67e+08,4.32e+08,3.22e+08,3.68e+08,3.27e+08
"TG(52:6)",92813081.655,102040725.717,101225737.218,129297142.508,133200219.585,160042287.974,121139732.697,165200000,180790261.282,115303060.686,135157642.132,122122035.771
"TG(52:7)",4574939.658,13088174.698,7609481.058,26977223.269,29803167.22,36348739.789,24662303.431,22956892.09,19187444.841,10200235.413,17538067.165,18881059.567
"TG(54:0)",4973425.065,1069970.067,11900000,11600000,8571586.464,4217712.58,3729582.403,6513433.95,6131835.738,3207797.277,3048323.686,5228189.166
"TG(54:1)",32600000,27400000,19500000,6.3e+07,72400000,71800000,22700000,63100000,56200000,14300000,19300000,19600000
"TG(54:2)",455909388.22,342861322.564,264244954.943,3639311252.748,4471900000,4585700000,1234157924.445,3305700000,2846200000,1022532573.392,1303844298.842,1575515078.054
"TG(54:3)",12509908.469,7276572.223,4216497.573,111038566.3509,123397629.908,143094679.5965,75905278.3841,287105947.1102,198087829.586,61650454.6876,69700000,93300000
"TG(54:4)",2643452005.478,1505228672.351,1231191049.532,5170615882.84,5183401522.492,6219255771.194,3609887294.416,3.803e+09,3961500000,2266063325.723,3296589264.076,3139239043.416
"TG(54:5)",1415312079.43,1407945629.159,1278864554.24,1609141414.563,1555665604.318,1729658818.246,1728346206.08,2070145262.46,1927573050.846,1580741359.885,1725091247.037,1651565854.363
"TG(54:6)",1387253306.468,1964766704.27,1815928654.25,1677040798.261,1776800000,1723300000,2235915724.938,2523261779.5633,2306318800.4518,2421998227.338,2099671782.973,2177779958.414
"TG(54:7)",376600000,385700000,391700000,3.06e+08,3.07e+08,2.92e+08,499700000,4.72e+08,4.62e+08,500400000,453400000,5.14e+08
"TG(54:8)",69600000,78700000,93300000,81700000,70300000,90600000,122200000,126200000,112700000,101300000,109400000,113200000
"TG(54:9)",3807468.928,3871813.381,4757683.578,930916.316,1388054.411,914225.747,5063003.8,4469597.027,3749852.776,6803757.522,5950289.113,4801336.354
"TG(56:1)",3623412.083,3184224.905,3479642.884,6718061.81,6734390.617,8537930.942,2671910.985,6702556.667,5004272.959,2383303.125,1830725.04,2018324.526
"TG(56:10)",6248951.316,6859615.024,3784574.258,8364738.286,13382943.838,15800929.507,11905454.013,13627192.431,7965126.295,6581032.625,8551053.521,6736358.138
"TG(56:2)",22962669.253,36028923.258,23770608.475,379230793.969,251027306.359,200685159.516,78406135.056,215715269.575,239675098.248,67353941.882,102366256.951,112587460.311
"TG(56:3)",217884.9967,101990.6568,NA,4025380.453,2726385.772,5874124.512,1229560.5249,9419870.2363,6650740.7708,933638.9168,446609.4201,1426642.2451
"TG(56:4)",273700000,194400000,143900000,9.83e+08,1.053e+09,1.232e+09,440100000,9.15e+08,5.61e+08,380900000,449500000,556900000
"TG(56:5)",6.18e+08,5.01e+08,3.58e+08,3.26e+09,2.43e+09,2.93e+09,1.01e+09,1.76e+09,1.62e+09,9.89e+08,1.18e+09,1.25e+09
"TG(56:6)",21426699.1018,14694499.2224,8007765.041,55601976.8045,62593041.1735,80793557.846,37395674.1589,81899013.2018,73775204.0328,31727719.7685,36870289.8531,42310361.2493
"TG(56:7)",6.05e+08,523900000,4.65e+08,2.252e+09,2.254e+09,3.219e+09,1.353e+09,2.034e+09,2.029e+09,1.068e+09,1.423e+09,1.213e+09
"TG(56:8)",1.81e+08,1.09e+08,1.29e+08,4.57e+08,6.92e+08,7.85e+08,5.71e+08,9.6e+08,8.18e+08,4.38e+08,7.02e+08,4.84e+08
"TG(56:9)",20633735.917,19464372.531,18448721.341,38800000,45600000,47700000,40300000,55100000,33600000,36100000,58800000,3.7e+07
"TG(58:10)",68500000,4.6e+07,58300000,1.01e+08,1.25e+08,1.36e+08,80900000,1.06e+08,56400000,75300000,78300000,44600000
"TG(58:11)",15728568.0769,14617606.043,13638961.394,21032654.001,24181590.211,25014671.649,22980144.503,31006607.191,23958532.159,27257860.251,20957429.329,24661139.861
"TG(58:2)",2156282.59,875306.6976,3080136.0858,1245704.53,26695337.376,18497326.8356,4489247.191,29600493.7716,20679982.316,4743879.5603,668763.9871,5378056.306
"TG(58:3)",1.67e+08,9.2e+07,56600000,8.03e+08,9.9e+08,1.36e+09,2.29e+08,6.08e+08,5.7e+08,1.86e+08,2.29e+08,2.54e+08
"TG(58:4)",36355817.5075,28795119.1994,19151738.289,217239266.2,2.52e+08,291115800.696,80448134.375,152100000,173816625.167,57142622.804,92061565.067,83586345.45
"TG(58:5)",265800000,168400000,78100000,6.38e+08,7.93e+08,8.73e+08,326300000,4.98e+08,4.39e+08,275100000,253300000,2.68e+08
"TG(58:6)",1385803098.854,1303151561.981,719117195.6,4366330582.55,6850734633.106,5.824e+09,1569064091.701,2870100000,2763300000,1666780230.013,1778410389.902,1610628403.076
"TG(58:7)",11125725.47,7512870.4662,4109234.9364,38309025.7016,45875231.4777,55546034.0857,39014942.8288,80186316.2686,75843595.4229,31361827.0851,36050729.5783,43084510.729
"TG(58:8)",101310245.504,71028272.22,73734171.006,88511195.798,99835975.8977,403892084.2392,183374491.45,274364650.6101,226168488.368,261073013.787,204367606.637,178190223.9559
"TG(58:9)",196200000,178400000,170200000,437631459.14,531800000,679912028.051,330258673.432,437538016.0475,3.85e+08,312218097.713,362312429.663,307200000
"TG(60:10)",280700000,272500000,247300000,5.57e+08,682700000,870800000,334400000,461400000,344200000,371800000,375200000,338600000
"TG(60:11)",172077486.585,170679131.023,156245429.839,348993680.367,346548401.924,513600000,244525370.524,349715654.542,344308753.469,263479720.31,310400000,280716691.819
"TG(60:12)",5300276.417,545561.4975,5576943.518,12200000,1.7e+07,17300000,16400000,16600000,19600000,4329129.144,1.8e+07,17800000
"TG(60:14)",3805626.989,6356149.285,4281826.613,6688880.435,1232680.185,2333897.344,858299.4306,539666.745,1066593.435,1483278.268,1846123.706,106218.1641
"TG(60:2)",922286.776,165448.6368,86375.539,2983197.399,3017631.87,4065913.749,197282.418,471389.3589,2408237.176,174369.9474,115.57,129021.245
"TG(60:3)",7668484.319,5178570.288,2799067.038,33900000,41400000,55800000,8780017.202,43100000,30500000,6957512.612,9893524.045,13400000
"TG(60:4)",9232203.114,6921038.045,3445914.586,35500000,46900000,55900000,13200000,43600000,30100000,10700000,12700000,15200000
"TG(60:5)",25701237.7406,15024012.973,8895417.9859,65777897.9055,76763491.8503,78168343.793,20488487.362,50501068.28,47204774.5437,15430423.034,21217226.395,26085204.256
"TG(60:6)",207300000,145500000,96100000,473600000,4.54e+08,789700000,158300000,346100000,295700000,157200000,177739722.875,179576254.2
"TG(60:7)",1.89e+08,1.48e+08,1.19e+08,4.12e+08,5.09e+08,4.59e+08,2.32e+08,3.33e+08,3.06e+08,2.04e+08,2.6e+08,2.42e+08
"TG(60:8)",119408013.35,170300000,202500000,5.32e+08,5.5e+08,5.66e+08,293800000,4.38e+08,3.95e+08,253100000,3.4e+08,228400000
"TG(60:9)",179939772.638,154705144.184,154635660.5725,357840244.289,420915207.712,539800000,209700000,266186880.585,189400000,1.53e+08,213800000,2.09e+08
"TG(62:10)",265463451.918,249170634.244,196510923.6916,265413524.354,415499810.199,559972798.803,129095920.565,269796506.984,203551904.803,162634577.047,226573248.6619,199057652.09
"TG(62:11)",153300000,144800000,138200000,3.13e+08,3.81e+08,3.88e+08,164200000,205600000,179800000,178700000,186900000,169200000
"TG(62:12)",1.01e+08,1.02e+08,87300000,2.47e+08,2.69e+08,3.43e+08,1.87e+08,2.29e+08,1.98e+08,1.87e+08,2.08e+08,1.92e+08
"TG(62:13)",29733095.503,30789397.747,30096076.621,100257806.312,107500000,133800000,101190544.996,104400000,90469514.022,91500000,91240595.077,86600000
"TG(62:3)",1646497.968,2346924.406,442908.81,2679491.975,781977.8307,126509.637,227357.0445,4337024.845,1783160.283,90218.345,87883.6266,225457.467
"TG(62:4)",1449383.2479,4589015.45,372205.8004,2713208.9768,6565579.7102,8157635.394,1047061.694,6016025.478,4394565.9627,510726.5979,271984.953,2342702.5853
"TG(62:5)",1121793.381,956989.3635,439031.5278,715276.9815,382921.281,2388106.819,790847.5803,1309978.043,1907211.691,489299.9616,852985.405,236185.7718
"TG(62:6)",17644875.914,10668806.5132,7085089.6128,35825277.4765,42017371.868,42799127.4747,9962436.7624,24780917.6422,19795516.1557,9378756.7601,10754187.197,12717569.014
"TG(62:7)",26200000,13800000,12800000,50400000,43200000,81100000,22600000,44400000,40300000,17800000,2.5e+07,25700000
"TG(62:8)",26900000,23280643.283,12935919.617,38600000,48100000,52100000,20003922.438,40400000,41800000,20510132.382,23435633.841,23209555.228
"TG(62:9)",89559904.369,74142217.591,61584801.351,88563699.925,100491917.154,126800000,30918140.542,20490442.015,51400000,12915616.2237,49158895.105,43504899.1463
"TG(64:10)",9196201.881,7183773.763,5645792.704,9669541.988,11900000,13600000,4245890.735,5253517.175,3944578.217,6803157.145,7409160.626,5628399.613
"TG(64:13)",2304348.854,2941568.57,1588470.931,3674439.123,5699251.566,6365317.154,1304917.05,5661763.594,2292295.473,541601.4987,1601410.68,2012121.003
"TG(64:14)",1549870.194,1696014.891,1111300.06,4319038.802,5371256.506,6347906.001,2635432.233,3501720.35,2917278.263,3697704.759,4746305.068,4125554.973
"TG(64:15)",887424.805,2590741.676,1622595.422,4375463.273,5655232.991,6195341.284,5535398,6455971.312,5020722.78,4688385.256,5993855.716,4835099.143
"TG(64:9)",4097886.42,2681101.677,1972211.661,1318727.273,3333888.714,1011534.044,NA,NA,577885.0869,279210.7812,NA,NA
