"subclass","OA_01","OA_02","OA_03","X1i_2i_01","X1i_2i_02","X1i_2i_03"
"DG(16:0)",18205744,18279004,17901344,17158328,19625430,19537616
"DG(18:0)",19608948,22300290,18396952,19659804,18147422,17878448
"DG(20:0)",4719036,4931338,3469068,3160566,3981964,4367508
"DG(24:0)",31903772,19197830,26851182,30354464,29304026,56409284
"DG(24:1)",8314124,10299637,12456914,5523616,6442222,8807866
"DG(24:3)",1695201920,1591692800,1888516992,812550144,1052185152,894688192
"DG(26:1)",6734506,6674029,2247578,6579510,3199207,43946772
"DG(26:2)",86212528,83198256,87573184,34029680,30525020,31507632
"DG(26:3)",21731684,21567834,22319776,8633930,9486455,10129903
"DG(26:4)",178054240,175753232,180207184,67164056,78777792,77900648
"DG(28:2)",43295925,36308609,52351954,43780361,25325249,26428081
"DG(28:3)",3633081,1609172,3104924,3972609,5532362,2013210
"DG(30:0)",302049888,250119328,271768384,87031168,145770768,156211168
"DG(30:1)",84521112,82982000,55624542,32108054,50661913,24243079
"DG(30:2)",1174724480,582687424,897394624,197728608,1027650304,861752448
"DG(30:3)",5070071,7077946,4777772,8025858,4038777,32280602
"DG(30:4)",17998932,15597111,25041270,5176850,5091774,6744861
"DG(30:6)",485200800,405318720,430747456,419298400,372366016,399428512
"DG(32:0)",304163184,223896288,288292824,93588344,228934624,229720352
"DG(32:1)",328223262,252179464,232280006,111379052,170142704,211243640
"DG(32:2)",121857808,72771384,91014400,25621126,81250624,75108240
"DG(32:3)",35322456,28668378,30312517,16617970,15952103,17618200
"DG(32:7)",8513218,10480782,24726496,7046694,6999475,6076006
"DG(34:0)",200245296,220820788,316932830,95538778,156658694,190309324
"DG(34:1)",2051566844,1528676200,1862182476,740330562,1354339856,1323442136
"DG(34:2)",4843508106,3519703360,4382800288,1454004028,3240274752,3106828928
"DG(34:3)",795445724,490904388,633610500,287103746,601437464,562576474
"DG(34:4)",27013146,22792204,27671684,4558852,19624600,13779113
"DG(34:7)",237006928,216214224,177002672,142504112,105241120,137863440
"DG(36:0)",148785600,179467596,245975956,121448128,149026468,181269840
"DG(36:1)",3208406272,2567629760,2980637120,1411159424,2466778112,2420217728
"DG(36:2)",14919561454,13716056627,16353113963,4866834866,8022721461,7503751046
"DG(36:3)",3842025088,2617479968,3348081088,1101737968,2749318080,2546497760
"DG(36:4)",1331426352,1005980870,1069697184,734816973,1089689324,957850508
"DG(36:5)",1235133968,1001605312,1314773040,911919816,1463948608,1162529792
"DG(36:6)",83959656,93617728,92807472,76471080,101013736,79903320
"DG(36:7)",101704440,93429384,102661992,60778652,50655620,84276992
"DG(38:1)",94154478,97682038,96335059,38727421,63966181,83737038
"DG(38:10)",24209384,16719517,11714984,12318613,12924449,13032903
"DG(38:2)",1681640880,1517251824,1714628928,679444212,1032920992,960754360
"DG(38:3)",642159624,526213984,628956420,154902192,289623662,254112900
"DG(38:4)",713563688,684300322,862908340,402372758,392054015,420700883
"DG(38:5)",739852290,670456043,780905990,276973185,324813743,289646997
"DG(38:6)",101226602,84334722,77638886,27454183,39096086,29017634
"DG(38:7)",52028782,42768593,34896021,16744275,38420896,38377040
"DG(38:8)",32657031,23408433,18616413,12354671,22964106,22302252
"DG(38:9)",4733442,1890516,2144198,29473718,30442936,29211902
"DG(40:0)",200948496,215607376,188859280,112439952,186893584,225325312
"DG(40:1)",207481032,235857200,217211608,72992126,137493620,189447192
"DG(40:10)",63346408,32556528,18320372,15964978,36173684,30881544
"DG(40:11)",510887,702657,838503,27254150,21472324,18575398
"DG(40:2)",707281818,777651626,797127314,773038623,748936885,681323837
"DG(40:3)",34017908,29501068,27058500,10911389,26452462,29166924
"DG(40:4)",337161522,301558502,288460910,118674070,251107497,274280367
"DG(40:5)",450626064,424242368,513641624,240083276,280018864,233926568
"DG(40:6)",2360174260,1319465196,1038782292,559502792,1099260208,950968205
"DG(40:7)",610254420,600971512,705602400,193719846,252699336,240378440
"DG(40:8)",68781528,81518640,49003816,17982670,65205636,90280720
"DG(40:9)",33096744,14345789,8425139,10736683,20820130,19976744
"DG(42:0)",7455139,7445434,9636252,7311234,4846056,5690432
"DG(42:2)",44938416,40567040,35718088,18163982,41087036,40543112
"DG(42:4)",15136774,20223998,12875549,5545860,10048498,13924596
"DG(42:5)",12354347,9111379,8557931,8859016,10722657,8562859
"DG(42:6)",28100834,30830690,28789950,23923416,37805596,40225264
"DG(42:7)",136671044,130921756,125182192,50107544,104840524,116326080
"DG(42:9)",26138552,19653628,30748692,16408516,25056372,31061206
"DG(44:7)",466907402,445400368,461877726,228328014,402046514,434779178
"DG(44:8)",125983592,110674056,127920512,52167364,93553360,107637552
"DG(44:9)",108648968,82268120,102455512,36096004,61223272,67901728
"DG(46:1)",3943888,4962517,5941173,3730914,1414350,1786164
"DG(46:7)",164260270,154144932,180939510,112123314,151484744,164289874
"DG(46:8)",64114512,67980168,67147640,31831848,40156576,55621864
"DG(46:9)",5893052,6180677,8014546,1832090,4834688,7288373
"DG(48:0)",NA,757312,478060,8771370,4598208,2800281
"DG(48:1)",5623321,3291734,7127334,8745904,7490916,4251084
"DG(48:2)",19768014,20326716,26352122,12513889,3836664,995552
"DG(48:3)",8674468,7051498,11298951,9973257,11094904,10497571
"DG(48:7)",87231792,82319664,82477240,57426440,96537000,107042224
"DG(50:0)",650400,NA,984105,5388346,2991180,1131497
"DG(50:1)",12197240,15946083,21416332,33495906,21149594,11314996
"DG(50:2)",36416904,51553756,57606808,28996628,19172528,14114819
"DG(50:3)",8641200,12664896,12220920,6842620,6401973,2388024
"DG(50:7)",28926048,58469656,22954874,48088260,69060792,74714408
"DG(50:8)",71626986,63099215,68323704,46427990,75425929,74712126
"DG(52:1)",4065453,6034756,7572071,14127178,11222644,3984902
"DG(52:10)",4969264,4943520,NA,5742153,5626842,4676987
"DG(52:11)",104289280,139516352,122699752,16504757,68153928,166655488
"DG(52:2)",130211328,153769216,222715056,53858180,30946986,16158631
"DG(52:3)",84749114,108151884,129904918,39740882,22840911,13349307
"DG(52:8)",15465371,21498718,14453635,15972000,25083590,24444196
"DG(54:10)",20022124,15585823,17759834,10617424,10891113,20472198
"DG(54:14)",13995659,18373630,65137380,2760333,8349532,82721496
"DG(54:2)",8825266,11765308,18869424,6584036,3410440,742123
"DG(54:3)",213732144,242027600,325125248,42793280,25002874,14287309
"DG(54:4)",21154427,21626362,24550462,8013900,6725119,1630940
"DG(54:5)",26905020,35058244,40287348,29941398,17629258,5760230
"DG(54:6)",45208690,63016002,51877720,45721875,25561873,27771782
"DG(54:8)",9442447,4511455,982663,8494547,4194550,2071622
"DG(56:10)",11319152,3816581,11464237,2854138,10657645,7833194
"DG(56:12)",54608344,35121204,36175436,13093057,41915184,35803048
"DG(56:13)",32583554,24185390,21222414,35601020,24592122,25741830
"DG(56:3)",2843655,3747607,8310043,708855,NA,NA
"DG(56:5)",11482833,8926116,11036531,8313454,5095626,4249372
"DG(56:6)",132964478,146714821,169042735,75672158,82208446,37191090
"DG(56:7)",102701104,134936512,128573912,64091588,47708904,27082098
"DG(58:6)",47249775,52350256,49387196,31691970,44801126,35007522
"DG(58:7)",113380316,128220684,145332672,38694974,25615536,14902628
"DG(58:8)",59062692,91991512,96435912,25652230,20896708,16896374
"DG(58:9)",47688872,57506448,37003556,8083164,9520890,4897742
"DG(60:17)",9974234,17594206,10666348,2075860,14625160,12784951
"DG(60:6)",2175946,1203888,5227922,7539620,4932290,1303768
"DG(60:7)",4671749,8221986,4614934,5731950,4583108,6771699
"DG(62:13)",12589919,14389605,12310378,5318562,10254451,12475506
"DG(62:14)",15134910,21625316,17747756,3413031,1965583,922184
"DG(62:17)",41551312,23249836,2499740,5777382,19935576,12787219
"DG(62:6)",7751938,10880233,4147677,9123611,7789500,8356600
"DG(62:7)",4404361,6150176,6759408,2360629,4847088,4748883
"DG(64:15)",13409436,13221513,14302506,4027118,7701137,10696110
"DG(64:18)",6925501952,6043212288,4809676800,1938523008,2865366784,1710570240
"DG(66:17)",9148154,12535275,5721970,6749598,9393510,19996802
"DG(66:18)",26666570,25906366,17566178,21123496,18970604,18745312
"DG(70:0)",NA,1687187,NA,2444986,887049,NA
"DG(70:15)",15016484,24467592,6299130,10356479,4078553,7445208
"DG(70:16)",71993120,138312352,34952596,79450168,21689940,40169176
"DG(80:21)",25982440,31481902,14620530,19861614,52315788,24638168
"DG(82:19)",13985722,11716523,7055696,5622485,11052565,9400303
"DG(82:21)",32094086,42709296,21473190,35670648,69821576,31267898
"FA(14:0)",4836360,4551558,5061350,1038655,2545952,2627508
"FA(14:1)",1774016,648489,NA,1140234,2512624,1995778
"FA(16:0)",243259024,236588624,269836160,121642488,183232416,166443264
"FA(16:1)",3603561,3575607,3667602,1803085,2258435,2071002
"FA(16:4)",1982268,7575810,9735491,2291688,2717818,2173212
"FA(18:0)",270245664,230245008,272842720,122649112,176951152,173745888
"FA(18:1)",187874752,149510192,174898304,67613856,87657312,89998960
"FA(18:2)",189862592,180907792,191805600,49913176,106010288,141345568
"FA(18:3)",6692176,8628194,8630219,1218899,3222140,5118996
"FA(18:4)",3698775,5669318,7528882,755580,727864,1233527
"FA(20:0)",3274726,4671060,5293832,1383226,1803298,1859285
"FA(20:1)",9786502,5429453,5880222,1426843,2902660,3795805
"FA(20:3)",2216662,1553152,1305780,882307,1190858,422200
"FA(20:4)",78911512,68853496,61224428,36599740,40269316,35600776
"FA(20:5)",6295875,5267508,5255752,4763693,3967313,4639898
"FA(22:0)",1066471,1075133,1140749,525590,770772,616614
"FA(22:1)",1061218,472446,386834,501857,1143135,484803
"FA(22:4)",2486014,1644004,2027936,1620344,2236752,1221118
"FA(22:5)",13532191,12184867,12913208,7408595,8861064,6202764
"FA(22:6)",91503792,83625856,88352216,48958108,61632052,46301656
"FA(24:0)",3258782,2183696,2731412,713164,1420074,1004347
"FA(24:1)",3862501,1981378,1848520,72060,56656,418860
"FA(24:2)",1289587,720029,499890,NA,244590,528061
"FA(24:3)",1224292,1157997,876887,47814,385558,653019
"FA(24:5)",248708,252792,262424,255650,51862,97501
"FA(24:6)",2780112,1560830,2230641,NA,514876,721010
"FA(26:0)",1949605,2002477,2777477,420752,470512,606786
"FA(26:1)",9087318,7426354,4921843,503373,3037946,3844985
"FA(26:2)",2047602,1669136,950653,574056,1137447,1300608
"FA(26:3)",3104359,1912616,2969143,501594,1503269,1402862
"FA(26:4)",575795,795080,388949,18010,215314,512302
"FA(26:5)",3763528,1004500,955708,125551,691763,429859
"FA(26:6)",2715659,280769,170284,NA,248066,1376
"FA(26:7)",148197,621295,484126,NA,NA,7820
"FA(28:0)",3390948,3578081,2273688,1095797,3233916,2067970
"FA(28:1)",8704625,9067746,8568925,3047684,8923828,7194128
"FA(28:2)",6304896,2856190,5305560,1090579,4586338,2723875
"FA(28:3)",3000093,1979204,3692029,375246,994310,2215781
"FA(28:4)",1288630,539246,3287766,94582,728280,126766
"FA(28:7)",160354016,145417280,150138832,45668180,61955924,65623804
"FA(30:0)",5608590,6023212,7602119,3048751,3162808,3646940
"FA(30:1)",18733574,9569033,10437474,4073914,9705555,6814396
"FA(30:2)",11838264,4899594,7188659,972585,7540836,4746760
"FA(30:3)",3747272,4003153,2162440,314718,1700099,2354296
"FA(30:4)",3704585,2809952,3219722,110622,297118,1224733
"FA(30:5)",3567866,1885791,1638031,701818,1603449,1342877
"FA(32:0)",4527908,5026222,5391282,4205902,4348533,5592604
"FA(32:1)",8640338,3206889,2501070,980196,6243525,3393920
"FA(32:2)",6479444,4496604,6270995,1808694,4034127,4272469
"FA(32:3)",2355333,2237942,2278804,226193,1645792,1563608
"FA(32:4)",2011661,678155,614435,205770,464776,929229
"FA(32:5)",659864,1302803,746148,24946,593880,501897
"FA(32:9)",1706083,1709616,2570384,427768,551273,488230
"FA(34:0)",6872420,7584318,6245838,7165002,6146224,6345002
"FA(34:2)",2667186,3135951,1893638,347592,965020,844708
"FA(34:5)",23109944,31260640,26369432,21507096,23703742,27369986
"FA(36:0)",5750660,8446185,9019636,6690344,5693855,8273410
"FA(36:1)",4407085,4209580,3539233,1288504,1055961,2841744
"FA(36:10)",1037649,1137039,1595790,244741,169471,479326
"FA(36:2)",4857004,2018425,2540638,1539834,2020920,1309306
"FA(36:5)",43588568,59520164,66190116,42855860,42966888,65089236
"FA(38:0)",4095425,5639864,4412058,6773717,7059010,3884204
"FA(38:2)",245717,115053,468209,431138,417744,832076
"FA(38:5)",37005624,55363404,42555980,46329844,55160556,51538628
"FA(40:0)",6316653,4738574,5377079,5939677,5086900,6205241
"FA(40:5)",150520928,122467656,115679320,90220544,104219576,79368168
"FA(40:6)",1315271,1543180,2067880,186342,1276254,840501
"FA(42:0)",8027718,4456920,5303339,5349160,4961676,4586714
"FA(42:12)",39220,15003,139848,478295,109111,229180
"FA(42:5)",115588040,84557280,83681232,56608968,78626744,52067028
"FA(42:8)",2612195,2347234,2752524,2033605,2415436,1737068
"FA(44:0)",3546166,3236060,2256411,4445114,2387246,2627614
"FA(44:1)",54127,11000,341343,NA,NA,NA
"FA(44:12)",50095,NA,51784,267228,1947,14226
"FA(44:5)",38311216,32243424,33485342,23538056,31536424,22535062
"LPA(12:0)",889792,1077767,700519,102214,303025,352701
"LPA(14:0)",9356847,10858954,9175095,1468446,4545174,3641920
"LPA(14:1)",5246926,6466782,6565249,227421,1590473,4244238
"LPA(18:1)",1632082,673677,1141119,34353,457631,4668624
"LPA(18:2)",1630375,1005179,2195656,120590,885844,1582164
"LPA(20:0)",82187448,90127832,78768384,56217176,75395776,58792472
"LPA(20:2)",3064803,3007770,2778570,3499754,3050834,3184864
"LPA(20:4)",396165,123718,158322,77579,281931,3087296
"LPA(22:1)",4576904,4182933,4866592,155256,2511852,2738596
"LPA(22:4)",1453374,1112570,1558540,1076583,1651544,660363
"LPA(22:5)",151937,276235,127767,402040,5565,292583
"LPA(24:0)",3584931,3806179,3981672,2353713,3452341,2752281
"LPA(24:1)",2221543,2527256,2980801,2451464,3152778,2195288
"LPC(14:0)",86161,294377,63016,144290,180756,374194
"LPC(16:0)",181033952,190575744,198123792,107923464,378066688,144141040
"LPC(16:1)",20517180,22790148,22664304,15742748,61927712,23159222
"LPC(16:2)",2694714,2819214,2863034,3709180,1997109,3835965
"LPC(16:4)",10518108,8527984,8979661,1766334,5920237,4776363
"LPC(18:0)",220587776,255097328,230663760,138045760,654547328,192259616
"LPC(18:1)",523612497,495289033,588287775,327521298,959024293,488162784
"LPC(18:2)",11420814,11608069,11343199,7934957,38269806,8957657
"LPC(18:4)",830848,1017579,559201,544369,1633572,736829
"LPC(18:5)",146303,797805,229861,743492,102110,719798
"LPC(20:0)",13279073,11855093,11473968,16705296,17541654,12287652
"LPC(20:1)",26813768,29912492,34319116,37102564,87907864,58948200
"LPC(20:3)",NA,NA,19906,NA,3009523,NA
"LPC(20:4)",994241,1011657,1248342,610916,3894541,1025834
"LPC(22:0)",11758914,11710004,6829538,8304016,7949530,5019862
"LPC(22:1)",4714898,5467798,5354836,14830813,20353438,23332792
"LPC(22:4)",533401,175873,NA,2292045,14170710,4117349
"LPC(22:5)",5936387,8007404,5827704,3462006,90892784,5950470
"LPC(22:6)",NA,1259,528,NA,7237306,230821
"LPC(24:1)",1797231,2493106,2532525,2367516,4069288,1785698
"LPC(24:2)",78290344,78385736,77888208,83711832,93393472,87602880
"LPC(24:4)",3349459,2141411,3772160,3024364,4111078,2260893
"LPC(24:6)",3667540,3820960,4577192,3833005,4257440,5590916
"LPC(26:0)",10819843,11003113,10906650,13075643,16129673,14131365
"LPC(26:2)",26581626,18799732,23674792,5590526,21529186,14164362
"LPC(26:3)",11386969,9091717,5049988,4983534,6167772,11396678
"LPC(26:4)",25824236,15701778,13459045,3084767,17169788,16694945
"LPC(26:5)",8029236,3917355,6321530,7336023,8992217,3772797
"LPC(26:6)",NA,NA,NA,1689415,2014095,1292528
"LPC(26:7)",NA,NA,167115,2170536,2116471,987331
"LPC(28:0)",209460315,187334941,220126702,272867852,273180388,269068986
"LPC(28:1)",28945687,35064599,35533616,57455485,66287438,59403328
"LPC(28:3)",40964020,29853960,40435476,14933307,32049904,28420728
"LPC(28:5)",3080612,3393312,2801222,681729,2145942,3549506
"LPC(30:0)",1598853164,1752253896,1722834688,1531688840,1877929656,1797451320
"LPC(30:1)",1146671164,1246864836,1251551232,1058540552,1277322904,1169181912
"LPC(30:2)",111276086,104469269,101489820,150064999,194064024,159504724
"LPC(30:3)",40423,121547,105965,182935,131947,245503
"LPC(30:5)",6151996,7733708,3461157,3757163,2514126,5027618
"LPC(30:7)",3363163,3437237,2777904,2365538,2276215,2471087
"LPC(32:0)",6284722688,6481831680,6491329664,6214816960,7373180928,6942402752
"LPC(32:1)",6492018800,6954336304,7037735200,5504507920,6880369392,6564047200
"LPC(32:2)",3298470320,3512541872,3607831888,4679757984,5754009536,4898234256
"LPC(32:3)",173086756,130848051,122604504,45251380,107929086,152566937
"LPC(32:4)",47605770,43259314,46500255,76490163,82449289,88622140
"LPC(32:5)",165158685,194558687,173209168,182194865,167677843,150738007
"LPC(32:7)",8387546,4988642,3034788,831072,4980756,4665444
"LPC(32:9)",17282568,12362747,13232533,11001230,13619525,15042730
"LPC(34:0)",2356638144,2618458560,2608375296,2727698944,3334371072,2955112384
"LPC(34:1)",20836445952,23447208704,22543783936,19603890560,21894857984,19468649216
"LPC(34:2)",7918189120,8951975200,8651740160,9257897344,11256415168,9906717664
"LPC(34:3)",411810720,437647832,396397972,344309288,470381168,390421664
"LPC(34:4)",4822598,4008875,5294906,2776598,3890914,4284115
"LPC(34:5)",230957760,253886018,244971619,177138469,226861544,196755494
"LPC(34:6)",48122846,49377151,46056572,31888973,44893192,36849679
"LPC(34:7)",21323984,16601170,20791590,19288308,15554361,16771851
"LPC(34:8)",1974598,1920369,1937092,12114755,9800731,9687857
"LPC(34:9)",1694989,2193224,2187348,21473206,21557800,23044208
"LPC(36:0)",476685380,469982288,467058560,431566268,571401928,528573200
"LPC(36:1)",1311796416,1589200960,1471523264,1462641664,1675258304,1441739392
"LPC(36:10)",60558136,56801252,38032888,377705,9452955,36310820
"LPC(36:2)",7824778704,8677125684,8183611612,8944284192,9587697088,8604225812
"LPC(36:3)",493942544,581226272,537449024,625704960,647181920,574743688
"LPC(36:4)",27449623,26009658,28677692,9963099,23598941,28489866
"LPC(36:5)",5693677288,6343935968,5733340320,4150670744,5014971824,4333669144
"LPC(36:6)",767445718,817256172,733623552,597479198,655961654,605334844
"LPC(36:7)",119422880,142495160,128689268,116624092,130568748,118592840
"LPC(36:8)",95476998,94425644,88937342,99179649,81043572,78904515
"LPC(36:9)",19765566,19983244,23743608,20731230,21985084,16745993
"LPC(38:0)",210554564,216021532,223709400,239231751,308060515,274322528
"LPC(38:1)",265865402,293678280,260016832,347050494,437683086,371147090
"LPC(38:10)",21183212,27937236,20246238,21831456,15710904,12867575
"LPC(38:2)",230184416,255933416,280164640,357250496,425717760,361742432
"LPC(38:4)",1735147440,1980727840,1861102384,1721465552,1999801344,1728022304
"LPC(38:5)",5368097088,5864655616,5764319424,5594370880,6152088960,5357645952
"LPC(38:6)",4012497144,4477975768,4208839720,3764664176,4580276624,4466330144
"LPC(38:7)",1778957608,1973968576,1798969420,1617107972,1622632692,1568965704
"LPC(38:8)",34178754,31274012,32792623,36631300,28343834,27116736
"LPC(38:9)",3832157,4158014,5557721,5225305,5116786,3780381
"LPC(40:1)",424033056,474903552,426573392,430165424,501835456,447764912
"LPC(40:11)",4016535,4473310,937159,8444401,3989924,4300206
"LPC(40:2)",173315584,149571282,142738218,104145452,145918792,149719218
"LPC(40:3)",244168208,299594112,277999000,176342648,229088548,252340568
"LPC(40:4)",323689316,371732551,333499702,252028898,293030165,273022093
"LPC(40:5)",240436030,269870671,278853970,273945632,298688930,254842569
"LPC(40:6)",1171832588,1295709100,1263447668,1622799332,1748435448,1514872240
"LPC(40:7)",545224240,621810632,592124240,523199124,565817592,493195526
"LPC(40:8)",23189412,25061938,25747944,24016010,24555614,22749872
"LPC(40:9)",78752400,65168260,65784592,25108484,55973772,56478972
"LPC(42:0)",21022320,26490062,19082636,5867930,22595128,20049876
"LPC(42:11)",123310,166865,163838,488569,739996,439415
"LPC(42:2)",69797648,83198552,72373800,77345848,90506664,74479456
"LPC(42:4)",15395692,15567590,15376258,10904245,15644180,13779318
"LPC(42:5)",202159542,237372982,212307072,182119568,216316782,182767892
"LPC(42:6)",63895470,96476309,87696158,18236699,52248520,97225510
"LPC(42:7)",279668414,187684028,136648476,114010630,193783948,199505765
"LPC(42:8)",70981320,76776768,67513856,84529568,113922176,109333864
"LPC(44:0)",42936392,39838556,40965284,23188678,34165712,43527128
"LPC(44:1)",1815533952,1824855424,1778595968,1121469952,1812809600,2013715456
"LPC(44:10)",10497857,24433586,44073572,3814826,34003964,40233848
"LPC(44:2)",148985480,189686564,157868268,20550185,99130504,124594516
"LPC(44:3)",159020878,169610716,98964980,483025557,114875102,40454469
"LPC(44:4)",404751072,474668576,440642880,322223008,546090112,516870592
"LPC(44:5)",45058576,85294632,86329248,12828080,43319596,88477080
"LPC(44:6)",143313608,178808144,150577994,145313592,150311584,149620928
"LPC(44:7)",33106006,35940640,35682360,28593476,34605482,28169658
"LPC(44:8)",10779383,14459472,15272543,11665785,14294391,10292556
"LPC(44:9)",160882432,65607028,99837176,43671012,127377472,105972432
"LPC(8:0)",2033926,2855835,2507357,2484545,1536019,2074987
"LPE(16:0)",10199259,11253073,13232446,4686876,10707024,7805062
"LPE(18:0)",57419456,56955988,67755048,26028672,47492228,36993520
"LPE(18:1)",74910,391888,578680,97383,1397252,249733
"LPE(18:5)",132299,132205,65107,273861,29343,93306
"LPE(20:0)",3785946,5762524,5212941,3202167,15664219,4713714
"LPE(20:1)",680991,1257659,1536710,1177314,2108486,1661735
"LPE(20:4)",37493144,21838350,28702154,13015872,25100714,19497232
"LPE(20:5)",1523866,1354720,1974938,908092,1912459,2064632
"LPE(22:0)",601962,281747,534920,411816,426506,373098
"LPE(22:1)",407885,153680,351140,166828,1044971,616276
"LPE(22:4)",275488,289781,298233,238386,746749,397342
"LPE(22:5)",6714302,7196554,7230161,5205965,12699021,9929142
"LPE(22:6)",382242,543383,243684,NA,NA,5904
"LPE(24:6)",NA,NA,NA,596,1591452,NA
"LPE(26:1)",3380817,3956318,4102690,3577317,4737962,4153797
"LPE(26:2)",1968092416,2011234560,2020447360,2170806784,2229773824,2193905408
"LPE(28:1)",4394558,5713482,7373966,4146237,6940475,4357067
"LPE(28:2)",1149084,2743864,766658,2534553,1510529,1539037
"LPE(28:5)",1510563,1790624,1934148,1454219,1463060,1626051
"LPE(30:0)",289462,259975,698617,701373,462511,221446
"LPE(30:1)",22421540,18492182,20190074,17825568,26443018,21767302
"LPE(30:2)",4600860,5814077,6765234,10560657,11852910,10288224
"LPE(30:5)",3874654,5222565,5151474,1138627,3220318,3820566
"LPE(30:6)",2707098,3280134,2919996,562904,1854742,2499959
"LPE(30:7)",2210174,2770266,2811809,3688522,3688048,3173741
"LPE(30:8)",5423689,4779246,6917324,5260180,4554346,4834438
"LPE(32:0)",4387692,4737303,4687350,3801950,6162215,4893256
"LPE(32:1)",223960608,245913072,224883840,259932528,340659936,276602016
"LPE(32:2)",160402080,178794736,161632176,99167664,151390752,132113824
"LPE(32:5)",9908261,10575091,10082716,13709437,17679990,16374990
"LPE(32:6)",45368,108833,31772,336392,465239,204426
"LPE(32:9)",274203,2261177,3414487,186928,677119,870980
"LPE(34:0)",239680096,302173664,252858704,276787968,299913472,278808160
"LPE(34:1)",507657664,551998144,505811776,477090752,553745088,503794592
"LPE(34:2)",2045813376,2163809280,2216497664,1565456128,2185799424,1755139072
"LPE(34:3)",67650064,62510692,76612536,42151680,83398840,64039476
"LPE(34:4)",28252504,27957316,31174286,48862552,47409120,39577028
"LPE(34:5)",36254968,35836068,37418100,30290758,45534140,40050872
"LPE(34:6)",1120176,1434480,1655548,1672633,1023579,1406672
"LPE(34:7)",5785151,5454464,5410452,6085244,9687193,8411091
"LPE(34:8)",NA,1328991,454374,5046528,3921929,3375922
"LPE(34:9)",NA,NA,146750,5282434,3489668,10772821
"LPE(36:0)",29617852,30529060,30803152,27408516,31109808,31583084
"LPE(36:1)",873224192,957759360,845863872,1028019456,526052352,915386112
"LPE(36:10)",711788,241104,280936,1961132,1631015,1901288
"LPE(36:2)",521215104,574990336,582371840,452583840,664225472,517072608
"LPE(36:3)",249168032,559393472,314001184,237504624,517765568,420077632
"LPE(36:4)",117957688,132317792,117871264,85711744,133789280,105493544
"LPE(36:5)",4269342208,4708912640,4227982592,3494816256,4804850176,4083348224
"LPE(36:6)",1283947392,1321319552,1361367808,935729600,1249240704,1165230976
"LPE(36:7)",27267778,29662844,28219458,22419902,30057822,24110370
"LPE(38:0)",18750614,15591358,16982474,5121854,11430962,12944584
"LPE(38:1)",115152168,118496816,149225136,192998448,201462848,158097056
"LPE(38:2)",370411648,415337376,407308864,457495872,533868960,442179584
"LPE(38:4)",73246776,89078344,89683568,52655136,65331080,53110260
"LPE(38:5)",1940158976,2154557696,2117598592,1489946752,1996188160,1671236352
"LPE(38:6)",5522515968,6219538432,5685502976,4507271680,6067358720,5119277056
"LPE(38:7)",2919571712,3280616448,2934391040,2158631680,2824893184,2632378368
"LPE(38:8)",23822902,18181862,21260644,22330674,20222136,20672830
"LPE(38:9)",80024512,75527736,90540064,61336544,57162292,54702376
"LPE(40:0)",112280,327882,281028,556356,827210,805646
"LPE(40:1)",8079624,8104623,8151887,8175578,14998084,12555631
"LPE(40:10)",171576688,184449744,134462704,212464896,146746432,173746288
"LPE(40:11)",91706,705730,124648,NA,4971,328555
"LPE(40:2)",2057479,2281428,2585278,2679311,2858256,2476257
"LPE(40:3)",3379154,4759834,4674152,2177520,3132221,3129267
"LPE(40:4)",169186336,189944512,170202800,149507856,161774800,138884944
"LPE(40:5)",319090016,403067360,345529280,283519584,325357568,276750304
"LPE(40:6)",1092636800,1218839552,1157047680,764225728,1026202560,940615488
"LPE(40:7)",1998773760,2230982400,2009842944,1361752704,1776672000,1582241408
"LPE(40:8)",2971117568,3297222656,3013660160,1851267584,2475204864,2291496192
"LPE(40:9)",494197728,525981184,511596256,544034176,518481536,497929856
"LPE(42:1)",69240,375299,221076,457766,587022,454340
"LPE(42:11)",195523296,221342528,174237040,206411824,150140064,161459392
"LPE(42:2)",55866424,47887508,15658520,72429336,28354608,15091740
"LPE(42:3)",244216032,244689712,208410608,132894928,207719584,256852624
"LPE(42:4)",3043739,3642962,3475103,700548,1795954,2601626
"LPE(42:5)",33739400,36264492,34517780,26332438,42619376,29378010
"LPE(42:6)",124508328,157509952,122616632,136661312,155228624,121962104
"LPE(42:7)",87409056,96135072,98344456,90146024,97866088,84649032
"LPE(42:8)",26476278,31802778,29856222,25256784,30096814,26496710
"LPE(42:9)",88449528,24716394,90706048,88469752,22844494,76412680
"LPE(44:10)",49219944,61580488,56953908,63244420,64078460,48229736
"LPE(44:11)",2015024,1282730,782330,1591348,2253028,1770038
"LPE(44:12)",26110972,28166624,33438770,20521284,21956336,20145446
"LPE(44:2)",31042916,46461896,36428504,2287540,16503049,39474404
"LPE(44:4)",32970352,33724872,32607842,30178668,32108370,26111924
"LPE(44:5)",181621072,174964896,157073808,135876736,180781984,205606080
"LPE(44:6)",9220188,10253822,11235452,7496253,8845395,5487262
"LPE(44:7)",15963244,15985427,14915724,11589831,19497732,13675701
"LPE(44:8)",1811543,1420547,1326268,6117778,3163774,1542461
"LPE(44:9)",4362760,2133728,2407127,4529072,5563094,3115598
"LPG(10:0)",4819626,6171409,5309062,3278883,5194053,4756688
"LPG(14:1)",1717225,1870975,2188097,1958316,1901312,1907683
"LPG(16:1)",1192418,1298744,997765,1585818,11083,1484653
"LPG(18:1)",1317382,3566456,3009776,3223337,2835451,4614732
"LPG(18:3)",188214,611450,306653,NA,61920,433656
"LPG(20:1)",5263496,6979362,3311978,5921366,4640948,9927071
"LPG(20:4)",2539110,4083760,3187445,3184573,3476995,4064112
"LPG(22:0)",15797,27122,43635,87400,36407,16533
"LPG(22:1)",2950314,5022099,2387483,2966125,4598949,2372762
"LPG(22:3)",615253,1004620,1245746,191780,209993,424213
"LPG(22:4)",935188,866975,956491,68854,406524,634708
"LPG(22:6)",2750844,2914434,3139272,1950767,2962675,3053116
"LPG(26:1)",22071,30474,28321,32523,21703,11738
"LPG(26:2)",663612,544955,618473,396735,680640,588279
"LPG(4:0)",618494,670330,303887,740804,253328,169929
"LPG(8:0)",5103488,5288070,5797686,3687152,4818826,3784614
"LPI(14:0)",11223136,11390704,9571992,8123768,10611522,9838910
"LPI(16:1)",1647721,805982,1129022,869517,945677,1026574
"LPI(16:4)",1421391,1601617,1808250,1531406,1764377,1193769
"LPI(18:0)",1253064,1607794,3188965,808799,2935339,1939886
"LPI(18:1)",689902,795555,1098747,302417,791337,464049
"LPI(18:4)",10880017,6722891,6867288,7863537,6939228,8052561
"LPI(20:1)",985576,905897,1021470,284076,394633,188090
"LPI(20:3)",1263372,1255799,1241996,291285,114333,488943
"LPI(22:0)",2106467,3526246,3748778,1063815,821057,911805
"LPI(22:1)",447177,1057835,1265602,198421,139223,197397
"LPI(26:0)",211674,327508,491016,NA,189180,137216
"LPI(6:0)",1219402,1312064,1004734,134973,872074,1015877
"LPI(8:0)",1161412,1724305,1558222,445692,1093757,2130672
"LPS(18:1)",397984,980796,911975,511987,1111742,569245
"LPS(18:2)",391806,259408,326654,54502,617963,180662
"LPS(18:3)",12110425,12582604,13096440,14030224,12171518,13859792
"LPS(18:4)",142788,235126,212305,402013,235906,462749
"LPS(20:2)",2584087,2507295,3053092,1008052,1926901,1382722
"LPS(20:3)",3212830,2775443,4138482,2120325,3975529,3128753
"LPS(20:4)",30781150,33628128,37521328,32404704,37312904,37439616
"LPS(20:5)",1343725,1211441,1365094,1611127,1225731,956463
"LPS(22:6)",335188,807143,378555,6211,935290,418717
"LPS(26:0)",1118970,815813,831977,265494,153749,424406
"LPS(26:2)",178833,115159,235713,421768,347397,1456197
"MG(16:2)",25450460,23086052,25204472,18922328,23824800,25143566
"MG(18:1)",15063899,14292707,12532818,13785979,13790648,11725970
"MG(18:2)",51096252,216165312,123562848,16391183,100432504,79178016
"MG(18:3)",9364157440,8900473856,9185333248,8058648064,8989822976,9017025536
"MG(18:4)",30650402,31020400,29881268,26299290,29838068,26861702
"MG(18:5)",69738688,39804808,57627696,10225831,21077102,47899284
"MG(20:2)",18875764,24211778,16114650,30825786,33730224,32144596
"MG(20:3)",608480640,540738048,672013760,346214656,746059072,643915328
"MG(20:4)",1102103,2091142,1244429,2924567,1788117,1830756
"MG(22:2)",21309602,23236630,16114271,28227446,34181316,31203316
"MG(22:3)",290143008,357268032,225636032,682535808,824244672,755063104
"MG(26:4)",98569760,48458404,52145176,13577242,56560244,62931152
"PA(14:0)",2627010,1128424,1249600,144695,695041,1119904
"PA(16:1)",722066,483398,NA,24853,510794,2286973
"PA(18:1)",1323851,1352978,1069422,1222878,1554527,1453667
"PA(18:4)",1706419,2179501,395025,NA,893317,4316434
"PA(20:0)",2677117,1900687,2043783,NA,701921,753711
"PA(20:1)",9619118,13222921,11911976,10516919,10841705,12160819
"PA(20:2)",7140054,2779902,2396475,1207646,3517196,7003284
"PA(22:1)",7153748,4681222,5401555,3587006,7022218,7220375
"PA(22:4)",568372,625709,962836,425078,1103772,759557
"PA(24:1)",27454128,37456808,34191212,34591564,32006834,34033568
"PA(24:2)",238735,704434,996021,771351,563237,1333067
"PA(24:3)",7543166,7433218,9460038,5986402,7642728,7538723
"PA(24:4)",149793008,163739552,165386768,144819120,156411232,200309536
"PA(24:5)",4300120,7043516,4746100,4889094,4788236,5155459
"PA(26:1)",34603476,36419424,36038936,35883420,39504440,37597984
"PA(26:3)",3916772,2781860,3923968,1461008,2778104,2043858
"PA(26:4)",763236,571787,1145481,531957,315690,458368
"PA(28:1)",7183830,8246879,5368889,4091923,4666578,4381362
"PA(28:4)",2121594,2369612,2516208,1676836,3506346,1692450
"PA(30:4)",74607,112862,42390,147418,55641,109603
"PA(32:4)",58756,287202,595304,304067,272463,336309
"PA(32:6)",2194618,1817986,1900594,524727,642676,719580
"PA(34:4)",942558,1354464,548519,429461,895351,1330520
"PA(34:5)",77115,337517,198514,523739,631810,406194
"PA(36:2)",431405,702212,506394,813232,1318256,1353606
"PA(36:3)",NA,NA,68849,314942,2504,135363
"PA(36:4)",1202028,747512,868879,553381,779085,1029119
"PA(36:7)",6682946,8527840,8462384,2943394,5426810,6885726
"PA(36:8)",3035541,4566442,3958618,901699,2226283,3693478
"PA(38:1)",11385975,8765851,5746547,3011173,8146420,9365663
"PA(38:2)",14370560,14661618,14881875,12034049,18944828,16613555
"PA(38:3)",760346,650087,468518,562097,644849,818236
"PA(38:4)",1248602,1354053,1167301,1537938,1667911,1759199
"PA(38:9)",NA,NA,NA,94748,236964,300346
"PA(40:2)",2971877,1674055,2294478,3729034,2984270,1666066
"PA(40:5)",1036784,1356850,3749301,125555,754288,4862626
"PA(42:10)",434656,436137,310842,271886,330127,267823
"PA(42:3)",12741679,9178117,11542383,18020476,10774813,6292415
"PA(42:4)",12624274,10997293,10662194,12616401,13380158,11156409
"PA(42:5)",20326874,22582242,20787584,8118864,12975638,22133594
"PA(42:6)",6619986,7892468,10521356,9612327,4642308,9480158
"PA(42:7)",42780,45746,205102,209052,216113,325616
"PA(44:3)",2176253,2331733,1533208,2043970,2534586,2586609
"PA(44:4)",13114155,7999094,10692951,4978186,9685075,5197060
"PA(44:5)",19397072,17624842,21461670,27435994,25680561,26966964
"PA(44:6)",35457188,42261932,36385968,10352475,32047714,42520724
"PA(44:7)",8947707,10437589,11052917,12565506,12134000,14527622
"PA(44:8)",16738282,15497130,16026311,14687467,15855193,13454339
"PA(46:10)",1254957,1115242,129195,167030,258118,412728
"PA(46:3)",571846,907063,347923,1028022,1192273,1076090
"PA(46:6)",2723672,3240876,2641876,863182,922366,2947731
"PA(46:7)",60386060,63390068,60948804,58819748,66053744,60879540
"PA(46:9)",6097044,6105318,6294993,5726478,10335205,5896888
"PA(48:10)",2463938,2082800,2414486,2458476,1907420,1934562
"PA(48:3)",144137,332473,511002,512050,686817,652928
"PA(48:4)",693003,403044,708278,31479,445062,264752
"PA(48:5)",6824006,8468038,8240944,6137804,7653674,8286332
"PA(48:6)",1811552,2176386,1121639,1321472,3930593,3202287
"PA(48:7)",7583960,7861260,7916228,13972988,13880775,12454172
"PA(48:8)",41669060,28268316,16727790,14747555,19752626,19283762
"PA(48:9)",5873272,7856078,4957142,12984519,14494817,14818442
"PA(50:4)",16636,188662,34307,84126,192380,173467
"PA(50:5)",798548,1171499,1279613,2006300,2177498,2274940
"PA(50:8)",3413109,2912094,2937166,10184187,11536573,9061801
"PA(52:8)",194007408,134274624,81825760,61109372,118153680,189119120
"PC(24:1)",10815723,9299458,10521526,6802730,8641522,19286008
"PC(24:4)",4397208,5897168,5871188,7217072,7391582,6834760
"PC(26:1)",52738460,58462284,63544656,20765636,20571202,24468344
"PC(26:2)",131084,78063,132021,504038,806982,1041401
"PC(26:4)",363772,260025,432397,442269,98001,326416
"PC(28:0)",60363758,74487400,68508701,74566188,94073030,91801946
"PC(28:2)",26774420,22966738,23490892,122158152,150157984,134954128
"PC(30:0)",4600916434,4883516870,4658657518,3688062832,4032843224,4317403388
"PC(30:1)",434285134,480691229,452832416,619494534,720476720,681701033
"PC(30:2)",1483372,1859728,4122860,14953576,10786833,9355624
"PC(30:6)",NA,NA,NA,421656,775615,806581
"PC(32:0)",29041561568,31671350816,29463290048,21732949472,25359557600,25296239776
"PC(32:1)",23886710263,25871391650,24729972598,23196601798,25412551512,24844067132
"PC(32:2)",1216124773,1224279719,1323208311,1978390586,2155250730,2216125810
"PC(32:3)",128960310,148935383,148254507,128330297,122153905,134989111
"PC(32:4)",19769080,25784121,21704073,27432145,29878081,30500370
"PC(32:5)",574170,235360,790666,673017,311409,529901
"PC(34:0)",15151811328,15394105036,15223407328,13395137732,16757119388,16946128976
"PC(34:1)",101081945842,114883370818,104425389751,94940492906,101374320816,96203440662
"PC(34:2)",52019202824,55438044960,55528499576,69718246944,77703252560,72022566976
"PC(34:3)",634093016,984017538,934354110,1264221882,1477320636,1375172120
"PC(34:4)",726746329,785787749,782579593,880569248,862270910,836175022
"PC(34:5)",7690804,23305710,9430505,19537100,23155802,21439934
"PC(34:7)",6802,768476,17012,2041076,1600446,1250730
"PC(36:0)",753599684,772438382,771757778,630810650,844792608,770901468
"PC(36:1)",22516080460,24746719948,23547755131,24644621378,28946815544,25023860809
"PC(36:2)",248884537778,269765328507,258310267212,292840964294,308339471331,292919120114
"PC(36:3)",11579280338,13036417164,12521695194,14900539794,15801698115,14283814107
"PC(36:4)",4710268376,4920093112,4520830808,3106079712,3776573520,3475252776
"PC(36:5)",959023549,933799603,995029331,981900034,1209694737,1103408768
"PC(36:6)",194862790,184157041,186348533,182832337,242163512,202239494
"PC(36:8)",30367476,17292324,26860254,31642420,29335250,30945394
"PC(36:9)",4695214,4697542,5199044,4312514,4475049,3305884
"PC(38:0)",67932920,66491253,68210771,77877879,100133096,90092996
"PC(38:1)",469242874,555693891,553388038,589668457,647299203,595165904
"PC(38:10)",7669878,5079969,6182668,11973259,11834898,17401260
"PC(38:2)",10315203736,11609235080,10716133424,24681280690,27518389252,24269689512
"PC(38:3)",2927243314,3246769334,3421583114,4787349832,5419888804,4775482312
"PC(38:4)",4858636456,5424802112,5312284456,6911989068,8365077936,7931058228
"PC(38:5)",11145593797,11985217294,11520818973,8535037238,16333930578,15427485902
"PC(38:6)",2800543946,3182958879,3057060639,3623255007,4488934124,3989309584
"PC(38:7)",312802041,347372026,316701749,359165559,447497610,348123658
"PC(38:8)",50918388,54880372,48245321,30400663,58415836,54363810
"PC(38:9)",48373076,40848044,48889384,48209044,49410920,49006340
"PC(40:0)",26371,273736,9296,5395536,7216024,3972502
"PC(40:1)",110786341,142175823,126760539,80528111,122986312,164171348
"PC(40:10)",18335958,16650233,18455994,15923559,16881098,14450076
"PC(40:11)",21702418,21556684,20123820,18608798,21135318,17577310
"PC(40:2)",400579247,457675460,423620551,1586753664,1726209224,1533962672
"PC(40:3)",328352544,363678999,320604899,544730338,669047912,633964583
"PC(40:4)",303123854,346247949,373843358,713738173,857998594,745647601
"PC(40:5)",2459128778,2604863709,2740757018,9332001576,10832888496,9310214360
"PC(40:6)",5433437997,5700504492,6003675570,9798570340,11368987844,10317161474
"PC(40:7)",3947570968,4554761890,4390856617,11648576659,12866918629,12054789514
"PC(40:8)",294924806,306773311,308414831,293527363,384401666,346092240
"PC(40:9)",93968286,106563728,102812034,80571690,102245555,92438948
"PC(42:1)",39701054,56275831,42272031,6510340,24282711,66571249
"PC(42:10)",168930134,187236355,172891991,189181418,275903052,230758364
"PC(42:11)",38237407,39517065,41913480,45948676,52761045,49720912
"PC(42:2)",23218214,24484026,19841228,33344602,41199172,35117656
"PC(42:3)",44902697,37580729,49499639,69861323,105027867,79754823
"PC(42:4)",61649573,66796229,57929924,128206837,171169110,155941365
"PC(42:5)",45398094,54682770,49647984,473211565,537055371,433390576
"PC(42:6)",194963739,232054738,170111717,444879962,515488528,463621042
"PC(42:7)",131004720,163002287,192353173,290581548,384496329,289729875
"PC(42:8)",42885540,48098917,40132311,106087898,144550103,120076063
"PC(42:9)",101086384,107126267,136567038,165722336,208321066,197325710
"PC(44:10)",73233705,56185314,37142950,56727501,72677839,77088591
"PC(44:11)",45012179,52864565,47984519,51984360,73313508,56265905
"PC(44:12)",34162222,36468216,36300984,35781959,51258546,42414025
"PC(44:3)",107582674,84925710,57094890,58252748,93171536,136356646
"PC(44:4)",9697694,23157416,12272464,20586934,33005750,46910122
"PC(44:5)",22204927,17883265,7532442,21370798,31398823,40820648
"PC(44:6)",5558934,5275088,6341340,6228631,8631127,8701967
"PC(44:7)",18928207,18584151,16433271,48990263,47789126,40209869
"PC(44:9)",69789304,71357320,62366620,122750928,120604976,114211592
"PC(46:0)",224522176,145515440,52377000,156267728,185583776,160080400
"PC(46:10)",2256355122,1424133621,547378434,79789046,281166314,978607538
"PC(46:11)",377053824,384951392,216611136,10422802,69615696,246177040
"PC(46:12)",10003448,22369642,20070788,NA,3637970,11796239
"PC(46:2)",306186,170565,NA,NA,NA,634773
"PC(46:4)",174545090,190209229,164465138,194772355,241623510,233827196
"PC(46:6)",8188159,9703813,11470747,10457462,14459202,13034488
"PC(46:7)",1425583,596897,1252119,3822871,5122913,4227475
"PC(48:1)",23018,16300,43227,198490,65149,126274
"PC(48:10)",694044,1086525,222193,125782,2589168,413802
"PC(48:11)",1500202,1249013,748230,730515,1520596,2759866
"PC(48:13)",NA,109262,NA,734301,888333,495637
"PC(48:2)",275522,207302,185817,322184,139184,362365
"PC(48:3)",108958528,104460845,138988524,153421999,238889908,184077604
"PC(48:4)",446315712,520721152,468351008,420407936,517719072,484322720
"PC(48:5)",46582348,67312376,47131976,53375224,60471632,57708104
"PC(48:6)",169765306,190013930,186986202,234781122,330228676,266090858
"PC(48:7)",93784914,108096202,105299188,143172458,145910680,138687784
"PC(48:8)",NA,NA,NA,5546672,266058,2757070
"PC(50:10)",2326766,1110048,1092227,21688064,13581149,23544701
"PC(50:3)",3825111,3543641,3336969,780593,1935730,3270324
"PC(50:5)",469482208,287407232,120540720,122565424,230302128,168922080
"PC(50:6)",36440735,37286880,42984733,81380870,105825078,77415414
"PC(50:7)",46602092,69302792,78946328,57673072,79874296,75463384
"PC(50:8)",179123920,117742672,94697920,35083148,58347368,26720804
"PC(50:9)",17812122,7640206,813005,7530944,13047290,23279126
"PC(52:1)",33891520,30186872,25737038,10589199,24087038,27128488
"PC(52:10)",18875126,17842993,8290535,3781334,3569768,8923601
"PC(52:11)",98971967,61173804,20615134,47010141,64680448,88422873
"PC(52:12)",14432238,16691465,15501357,5031246,20411526,33031308
"PC(52:13)",10799143,12665396,11264634,11659152,16582143,12293657
"PC(52:14)",4038782,685617,448815,49660687,42148300,45865399
"PC(52:3)",1518350,2765078,2773836,604682,2196591,3160674
"PC(52:4)",2141702,1752554,2159081,431515,958975,1653582
"PC(52:5)",2861050,2823642,2589280,454392,1732715,3121819
"PC(52:7)",570181,579766,523926,781646,1146477,732082
"PC(52:9)",11506227,11984879,14370406,1113577,7464046,33940588
"PC(54:10)",121797070,104044746,55706786,38374370,84447168,94331454
"PC(54:11)",26368760,8976174,4587706,4919739,12497542,10849734
"PC(54:13)",24205928,24673312,30192876,43613724,41460896,40795356
"PC(54:14)",1687887,1886209,2086656,3323259,3542186,3522923
"PC(54:15)",3439605,3564868,3124942,423528,4634592,4640973
"PC(54:6)",110517624,64051024,45845360,47511164,61845196,88824944
"PC(54:8)",143749584,109237432,171003904,24217050,81288656,76546304
"PC(54:9)",1053195686,902107593,665265345,193722802,880457190,1631625916
"PC(56:13)",1218435,711466,536370,213389,1627990,2531214
"PC(56:15)",6774985,10232759,11524605,9192885,12372952,10868877
"PC(56:9)",31562460,20039222,15753677,21487232,39389804,16011428
"PC(58:12)",2740879,2030616,2695233,129754,706066,1244613
"PC(58:13)",9112041,5187500,6585174,11202280,8132020,15823450
"PC(58:3)",542849,596966,563525,142992,425506,698893
"PC(58:5)",871387,885590,848786,162496,322433,731612
"PC(60:10)",9657860,5114502,1832878,4207438,5900154,11432043
"PC(60:12)",NA,NA,NA,NA,56953,1324846
"PC(60:13)",6763817,7400834,8318226,16566195,35480336,9570789
"PC(60:14)",44212496,61325012,57889600,51626216,63632952,43497148
"PC(60:15)",3115737,4752795,4709988,5664250,4237114,4659303
"PC(60:16)",144271,96253,2158160,4080498,5528720,1808266
"PC(60:17)",474139,744332,1057196,775476,555729,494401
"PC(62:13)",45689,453487,1047399,3626385,4208004,1102474
"PC(62:14)",7791600,11880083,10026469,7282152,12806732,7618204
"PC(62:16)",2189226,2163684,2751930,12151872,18067350,4025126
"PC(62:17)",15900312,30166794,40089841,40158610,30493676,17707370
"PC(64:16)",45390,311259,292201,471488,647816,473014
"PC(64:17)",2860521,4371743,4422384,5301022,3754427,2333844
"PC(68:1)",39063040,39059796,8237989,22881462,10367626,15633035
"PC(70:10)",81277904,94827640,22521372,24389480,39600552,36794012
"PC(72:10)",29174976,27044918,8466046,3685983,15340450,14867982
"PE(20:0)",349633,316898,810858,192209,330537,71670
"PE(22:0)",1111294,1405820,688276,877898,387580,1251567
"PE(22:1)",11483871,7368490,11187640,17872162,19676146,17957770
"PE(24:2)",532592,1575000,1574291,5058200,3022276,3143800
"PE(24:3)",4520271,2932981,4227344,6989001,9209812,6004230
"PE(28:3)",55222158,50286690,53309170,14311742,38284698,35649741
"PE(30:0)",44587424,46434836,36720312,27666636,33347306,32966708
"PE(30:1)",244568,638742,542485,606656,1012821,651524
"PE(30:3)",1270046,1334012,439883,15498503,16351620,18959904
"PE(32:0)",368936652,388318884,388042496,230753930,337324094,263702440
"PE(32:1)",461668879,573624032,545285438,418499266,497998819,478252440
"PE(32:2)",3436180,4712137,3986063,3379595,5592199,6257157
"PE(32:3)",1570564,1046264,1250785,84636,758903,1003530
"PE(32:5)",842354,859093,687461,102601,387488,171055
"PE(32:6)",318195902,396750008,381894619,151996292,172039918,191554402
"PE(32:7)",112872,NA,43832,99682,19504,147370
"PE(32:8)",223916,184620,72784,196663,27491,305222
"PE(34:0)",279291864,302859072,334165553,250539946,325689975,248156851
"PE(34:1)",5790739231,6392708003,5976904026,3894724069,5355656468,4374677083
"PE(34:2)",614319054,669066394,665895575,634208710,706611327,629742374
"PE(34:3)",10999336,12299583,10646758,9953874,12482890,10986525
"PE(34:4)",46976406,50178852,42407798,41987080,44295688,39126920
"PE(34:5)",4272068,5050692,2514069,2272765,2263322,3827428
"PE(34:8)",NA,NA,NA,2547056,1796328,1439662
"PE(36:0)",54843954,51018216,48914920,41910683,50988134,51855293
"PE(36:1)",6086201296,6668540819,6446480078,5197760188,7133895160,5461838744
"PE(36:2)",23171535939,24610274000,23773210706,21496657088,29159794223,24505906057
"PE(36:3)",829451879,910341614,800856585,748026688,928769732,884280386
"PE(36:4)",1553204388,1689206412,1636739636,998179896,1182742205,987346170
"PE(36:5)",67162278,75340016,71870320,47580246,54061030,44663268
"PE(36:8)",5915496,9671142,8269274,5529763,8386548,9049496
"PE(36:9)",1694028,3459612,2737272,291277,1337276,2768611
"PE(38:0)",2164849,1975959,3157522,3914229,2424312,2117412
"PE(38:1)",187742944,204014395,205762274,148318686,203519945,166152201
"PE(38:10)",9692081,7859555,5545812,3235028,7845156,9758934
"PE(38:2)",1075069406,1215130736,1311690751,1674662792,2307752132,1925655684
"PE(38:3)",230600820,229557592,241116292,189880720,238971368,185193540
"PE(38:4)",5343396210,5775647973,5510242452,2727466534,3749199893,2953350282
"PE(38:5)",2779276369,2897500779,2869103025,2326988476,3115974652,2557391871
"PE(38:6)",296416345,315962487,312576806,242990574,271326161,234341040
"PE(38:7)",5528851,7176981,6496127,6029883,5810938,8456496
"PE(38:8)",3008497,1677436,7626696,5581522,5580960,6152478
"PE(40:1)",25261418,30519256,34047838,29470960,37307459,24997563
"PE(40:2)",209002203,244205721,247325910,209538230,281898883,216313905
"PE(40:3)",8179677,8775917,8239105,8956434,12632910,8990470
"PE(40:4)",200877046,223111521,197821004,186080215,266793792,215750907
"PE(40:5)",444153488,447492932,450585322,486819596,513887550,437274980
"PE(40:6)",2632309354,3071797562,2827543198,2198040758,2686535320,2467668824
"PE(40:7)",928887738,987886142,884142442,783798282,832518281,759382033
"PE(40:8)",96123543,91726896,77828611,55414699,81338189,74387415
"PE(40:9)",50192652,31579452,35274930,8009862,6422741,21903592
"PE(42:1)",823573,858433,1349419,1261052,1137678,747858
"PE(42:10)",81119327,85783147,79055889,57427376,78930412,66384911
"PE(42:11)",7976196,9001243,8929427,3257552,9354286,7586306
"PE(42:2)",5320615,4968597,5531579,3839923,6436163,6968210
"PE(42:3)",1643396,1553968,1567713,2861150,2452979,2612048
"PE(42:4)",1473650,1701237,1896709,1056042,2045281,1219151
"PE(42:5)",1629898,1651368,1703238,5885906,6581568,8357624
"PE(42:6)",11388830,12712376,8000809,25536867,26407072,25481245
"PE(42:7)",8601815,9331409,9252502,32364505,28123730,25353525
"PE(42:8)",10849602,10078276,13522915,10942824,13652486,9053866
"PE(42:9)",34400379,33708782,33194046,24618476,33400239,33343668
"PE(44:1)",65683520,67546016,67781120,66236812,83488560,82545664
"PE(44:11)",7826088,8788111,8476009,9960176,12830848,9774799
"PE(44:12)",9646775,10412145,9101326,8221096,10435631,9224650
"PE(44:4)",197398,132160,440995,1332706,845877,223106
"PE(44:6)",2871170,3215571,4066339,3545397,5087254,3433319
"PE(46:10)",14757272,19768976,14188304,11916009,19757984,16064036
"PE(46:11)",4331577,3378384,2959356,3238481,2049061,3013350
"PE(46:2)",3586254,4541544,4107724,2832489,4323370,4124214
"PE(46:7)",2218298,1930946,2952628,2116615,2403172,2011668
"PE(46:9)",3250649,3272710,3278611,4769932,3073846,3699891
"PE(48:10)",3200644,3473725,3908847,256873,3359414,2708893
"PE(48:12)",6598602,6585894,7087916,7494050,7109366,5705123
"PE(48:5)",4423479,3756121,4372900,1425942,1921318,4874076
"PE(48:6)",1279355,2066592,2307875,232588,1164072,1573492
"PE(48:8)",5891556,5701974,4260245,2256615,4397514,5116638
"PE(50:10)",26769994,21646758,10939934,20982122,31763490,46143924
"PE(50:13)",2991521,3086261,2168119,6041728,5162174,4715174
"PE(50:2)",321592,548515,1132090,298954,1093172,356074
"PE(50:7)",378462,1347873,1015070,748922,420372,720738
"PE(50:9)",2676792,3923646,3267246,1171929,1736544,5105934
"PE(52:1)",16799,NA,101680,17988,NA,NA
"PE(52:10)",2430267,2882482,1250928,1055266,1767020,3167710
"PE(52:12)",19070198,17496172,12340401,103016735,122071779,126284212
"PE(52:13)",27666896,22314304,25199567,177250903,216812653,196082343
"PE(52:14)",6708163,8318436,7129268,52232072,40987048,67695296
"PE(52:3)",774365,781779,1910693,415530,1142203,733717
"PE(52:5)",1440620,1320923,1536251,853886,2023718,1195401
"PE(52:6)",506936,39200,781552,321616,963517,286275
"PE(52:9)",2092308,3118035,2461436,686483,1055244,3518404
"PE(54:11)",1903764,3097376,2725619,672370,1544961,2979640
"PE(54:12)",448847,742851,612278,1012250,1073276,631424
"PE(54:13)",34505715,35370474,40402226,30031699,41714849,40492800
"PE(54:15)",19037,110328,628865,471966,504774,464252
"PE(54:2)",NA,43600,70846,233495,NA,NA
"PE(54:5)",1096746,1047438,1932639,854276,1429935,712185
"PE(54:6)",3240016,2799490,3715710,1802018,3524157,2515960
"PE(54:7)",682449,645195,838936,409568,986057,384577
"PE(56:11)",1318392,926450,75828,484523,1565108,650530
"PE(56:13)",442067840,433999072,441632608,420501184,628852096,568422656
"PE(56:14)",18515328,21609988,18856546,22936064,31617810,24661266
"PE(56:15)",NA,NA,NA,4417857,296941,872793
"PE(56:6)",1429650,1061235,2235785,958576,1973838,1024072
"PE(56:7)",3673765,3077541,4944792,1283015,3358727,2473147
"PE(56:8)",635062,557417,1313439,436825,933194,891706
"PE(58:12)",378431,717322,83603,12724,254472,399220
"PE(58:14)",101347673,109528237,105976560,121559040,162898608,168914137
"PE(58:15)",939614,1133504,1235041,2422279,2282273,1721574
"PE(58:16)",227161024,258462240,254778624,237759712,280946592,252108592
"PE(58:3)",821930624,919915328,177977728,622730816,740730880,475490272
"PE(58:6)",185501,388317,761189,120303,471593,764004
"PE(60:14)",60188524,58020892,53254508,58287984,62153096,70020112
"PE(60:16)",33030787,35767755,33924678,37010512,38064938,30517401
"PE(60:17)",53698854,55016050,50139974,82881182,76246891,73392062
"PE(62:15)",18511220,23069470,17295780,13310608,19980512,16689236
"PE(62:16)",58175913,43720258,39273283,33107651,57781424,171469331
"PE(62:17)",30836107,31460532,27591916,35389322,32159884,26365911
"PE(64:15)",123057152,146277184,126557936,100301288,109620664,108038968
"PE(64:16)",26116260,24739792,31917800,72648973,91608612,37179353
"PE(64:17)",532447568,595902624,566840192,438955440,485758976,419699968
"PE(64:18)",5388344,5088605,7125703,12088310,17023372,14163430
"PE(64:6)",722986,679364,519687,165395,166943,1018918
"PE(66:15)",4669370,9021636,5769766,2207722,4114876,2851087
"PE(66:16)",10673552,7401150,14580375,37685261,62398802,13021411
"PE(66:17)",823769360,1005097728,1018005376,855060864,1036846624,822271904
"PE(66:18)",66915434,81147707,76333160,75385090,63863990,65704282
"PE(66:6)",431596,316908,329918,125690,172046,461805
"PE(66:8)",786523,202856,395845,167873,167970,736781
"PE(68:14)",242541,95370,277717,92304,32364,25857
"PE(68:16)",10427300,1775356,1692414,1028448,6203689,45661296
"PE(68:17)",321907,NA,957063,2588924,2612744,1016381
"PE(80:17)",21400138,6278734,2428821,5868375,13228386,6420029
"PE(82:22)",25174192,31712014,33131620,28671522,23600150,19175942
"PG(12:0)",6003076,7124867,5306426,401495,4133069,9672574
"PG(14:0)",30675788,21552182,22326816,35907976,28637864,35036640
"PG(16:0)",10963262,6118079,10584192,1503837,6998642,9443072
"PG(18:0)",465083,432577,273758,60083,873406,126069
"PG(18:1)",35020696,22633518,22584456,4663330,16028404,15111657
"PG(18:3)",58170,43301,NA,NA,25002,896323
"PG(20:5)",900870,726507,690069,1091207,6533,995675
"PG(22:4)",670241,995434,661086,781378,1007008,675750
"PG(22:5)",1902398,1295496,1347847,1386747,1084596,1333700
"PG(24:4)",4042095,7493932,5271493,6970794,5233784,9548933
"PG(26:1)",957185,799080,1539395,548214,789441,703495
"PG(26:4)",9723939,7215213,11113669,11240110,11024271,10553134
"PG(28:2)",5252864,7546679,1944621,10087709,NA,1499358
"PG(28:4)",2356095,6802746,4910334,1305764,1785404,2525591
"PG(28:5)",1205496,1697734,1541022,331571,870180,991488
"PG(30:0)",8757369,9114544,16662154,6265461,7655360,5886265
"PG(30:1)",1266209,1416510,1428881,5768990,5257436,4619678
"PG(30:2)",6156746,4493570,6022796,4062669,6168522,13458057
"PG(30:3)",772949,1244115,897509,14763658,14921662,14084309
"PG(30:4)",13780757,9925706,12695245,5521056,9522343,11472608
"PG(30:5)",228050,285914,222698,401408,1061426,451784
"PG(32:0)",120354936,113849256,135788816,68387928,112575416,105303816
"PG(32:1)",40991364,40937843,47750920,27064562,41131083,35925426
"PG(32:4)",993910,776068,1446774,21672964,17548942,16350760
"PG(32:5)",3037864,2778318,3358230,35734752,33181248,26413566
"PG(32:7)",1654281,982618,691489,1066718,1394801,1230724
"PG(32:8)",1416659,524068,2331464,2932748,2505924,1326512
"PG(34:1)",909903166,934422756,934414079,705099133,944272514,919902456
"PG(34:2)",49651312,52825692,54678304,44929828,63467932,58346161
"PG(34:3)",270112,129514,176012,270307,535306,477446
"PG(34:5)",42017608,32178596,17376650,6219674,28584982,29702632
"PG(34:6)",1957852,2260460,2557960,1644185,783496,2048769
"PG(34:8)",1829680,1527205,1585666,513492,879559,844664
"PG(36:1)",47115026,47739004,50235690,34171507,55107694,46518965
"PG(36:2)",511461372,553441126,550530678,404785696,563271593,505653093
"PG(36:3)",21326571,23145026,23942980,11902075,16782841,15930027
"PG(36:4)",45738242,45099343,44585558,47252087,50933374,44739030
"PG(38:1)",13319720,12666672,16424957,17430454,15660426,13711797
"PG(38:2)",36061848,38470128,33827956,21331816,24480182,25541299
"PG(38:3)",87063553,110170132,110159130,109048769,117753451,117137848
"PG(38:4)",6060689,6776253,7700175,5719595,6992622,5599357
"PG(38:5)",52975962,66776368,65676768,73601414,65643344,65489212
"PG(38:6)",16023796,16111695,13067348,14010442,19139047,17697406
"PG(38:7)",1695879,2017821,3492562,1435298,2324762,2506790
"PG(38:8)",1940654,2970330,1933952,1725601,1042243,585410
"PG(40:2)",12202172,19418076,20524758,9839747,11620977,13263189
"PG(40:3)",1930741,1569598,2125018,724011,1683751,812200
"PG(40:5)",34871093,34269949,35675283,33766646,41030133,37418110
"PG(40:6)",32481756,39867979,45447351,45184616,37334583,50787881
"PG(40:7)",303695811,307643034,295592367,284728839,355584945,299059135
"PG(40:8)",9710053,6908582,6877580,11087648,14872444,13706121
"PG(40:9)",4367077,3435077,3695161,11957987,9558806,7384380
"PG(42:10)",10697453,18704270,12107819,44574644,53659646,61113089
"PG(42:11)",17145032,14601962,14456693,24408690,23930561,22856793
"PG(42:2)",18354960,27057462,21045200,4316299,10047770,17486986
"PG(42:3)",301073,489740,457795,410414,1848247,237697
"PG(42:4)",265041,307683,568930,435464,560740,723955
"PG(42:6)",1851657,1214839,1688208,2671825,1291684,799564
"PG(42:7)",1243491,2477027,2316467,3253595,2492688,2780459
"PG(42:8)",25850634,44039292,36290805,22603825,44107041,44727887
"PG(42:9)",1948212,2526026,2046438,6456420,8272273,9259344
"PG(44:0)",1343494,1159523,1007762,1760215,2879366,2017658
"PG(44:10)",19674172,20627932,19975955,25222735,30108913,28932535
"PG(44:11)",11325415,9022110,10528957,36678330,45438586,35745124
"PG(44:12)",46978738,48209947,45761380,93582329,105523484,103628523
"PG(44:2)",27281036,33578096,24354150,10212147,19415872,26306114
"PG(44:3)",34403252,46358981,40484050,11888952,24375002,44310117
"PG(44:4)",30252991,42052492,31416997,15345819,52292315,63426550
"PG(44:7)",120964,31440,86860,2741918,66975,29029
"PG(44:8)",3335556,2822300,2682477,2866655,2447140,3058227
"PG(44:9)",283655,144407,14212,1175472,1594307,1003053
"PG(46:4)",26116326,24424838,24229070,25613906,42734748,33189812
"PG(46:5)",3325040,3493941,4425323,2423376,2545808,2097476
"PG(46:6)",NA,31095,NA,841269,869124,997798
"PG(46:7)",632970,757047,681704,1033025,1127877,1162856
"PG(46:8)",1417826,3106711,4615522,6286125,2998134,2039401
"PG(46:9)",11089324,12418666,15151866,7332164,2817008,3739268
"PG(48:10)",1210533,1039917,1265605,2462454,1928614,2022328
"PG(48:4)",25171046,21451468,21933366,9067215,11489778,27623838
"PG(48:5)",86216248,102438552,82138744,90513296,110737744,109036976
"PG(48:6)",37336784,41514512,37219284,11186755,28955298,34248564
"PG(48:8)",506112,766679,518750,1918821,592526,1755885
"PG(48:9)",1336740,336238,371680,317587,1047785,1419732
"PG(50:1)",55137868,54065432,47619380,1892212,11784584,2715765
"PG(50:3)",3174283,2991519,2962737,2756644,2586880,2884036
"PG(50:4)",1395181,1703084,1594536,273154,1056713,1604237
"PG(50:8)",5019348,5864513,2694276,34122648,29683184,21417524
"PG(52:1)",255292,451121,228052,903787,181223,521636
"PG(52:3)",12099218,24891268,11661327,5121022,12626371,15160906
"PG(52:6)",1820410,2573331,1969066,1013264,1310190,483876
"PG(8:0)",606118,1609104,1822726,59034,337555,847098
"PI(10:0)",2201035,2598951,2455209,2032227,1025548,907307
"PI(12:0)",212806,134443,NA,NA,57531,583320
"PI(14:0)",NA,7958,524380,495141,NA,357876
"PI(16:0)",NA,2368441,433896,2351083,1149458,618836
"PI(18:0)",510381,941614,817557,1296385,1422711,1060054
"PI(24:2)",181743,824680,545664,153274,279320,358113
"PI(26:2)",NA,18411,17337,151806,540618,373035
"PI(26:3)",1217576,619893,984165,917013,1488890,561943
"PI(28:1)",2550,NA,NA,314016,76254,639477
"PI(28:2)",NA,NA,NA,295976,372355,274894
"PI(28:3)",13576,30523,NA,1290810,849058,514053
"PI(28:4)",2578759,5029681,3676559,6186659,4952769,5786626
"PI(28:6)",600686,400582,930553,1560714,486044,411563
"PI(30:0)",4420284,2193580,2620034,1098984,2749541,2921496
"PI(30:5)",4123957,3547423,3513542,3884643,3460354,2521551
"PI(32:1)",4402754,4677976,7866614,2054803,6031714,4231631
"PI(32:2)",4182967,3513698,4667438,1917075,4389781,4299384
"PI(32:4)",357158,1239139,244505,232136,1065148,1087735
"PI(34:1)",79333020,81917405,182557432,24499886,83370846,46221183
"PI(34:2)",36593541,30844716,54618304,15786808,44203675,27937836
"PI(34:4)",125720,159126,6076,714708,400280,676784
"PI(34:8)",621319,992605,516529,271244,175081,211376
"PI(36:0)",107824488,111934432,29969108,14376518,59388772,55612480
"PI(36:1)",1090706518,1004184033,2331507719,574235929,1862714738,915341677
"PI(36:10)",338748,244601,NA,986728,896642,405286
"PI(36:2)",1133085058,1128610122,1948312239,485802823,1430261346,824762968
"PI(36:3)",40244376,37480806,66709738,22281174,61056096,36431008
"PI(36:4)",22404979,26780316,49756016,13911552,22371992,14083529
"PI(36:5)",6286770,6157124,6387202,8300442,9822888,7047711
"PI(36:6)",672170,664304,744700,705952,479180,371736
"PI(36:7)",1847255,1812040,1525129,71060,1687071,1418823
"PI(36:8)",3392806,3016013,2823068,3125319,3132179,2437712
"PI(36:9)",6862809,6117382,7272054,3893695,5770061,5571984
"PI(38:1)",8072152,7292442,23196772,6585310,17985430,8861904
"PI(38:10)",5303576,6055692,6039072,4422484,3588757,3422826
"PI(38:2)",44994642,41205217,81611946,18989043,65881969,33048442
"PI(38:3)",98232282,87187524,183733976,48151828,160709772,82141701
"PI(38:4)",1620438036,1568126012,2474264416,861936196,2234044992,1386419112
"PI(38:5)",459136261,453035010,678126252,419985271,967923585,595211411
"PI(38:6)",16777782,14630318,19715070,18401010,59656117,25509136
"PI(38:7)",1094623,1086478,1600532,1146149,972942,915896
"PI(38:8)",994334,917808,1344921,62205,1177101,896211
"PI(38:9)",1042313,1430553,1101866,953643,723965,926230
"PI(40:0)",32823332,11135150,7948876,5222242,20231754,16759183
"PI(40:1)",15315430,20822851,22510395,2955456,7737910,6180918
"PI(40:11)",1218314,801286,1117169,404822,1130099,786175
"PI(40:2)",527277,516811,423615,253127,335966,282473
"PI(40:3)",70806524,58547312,57564512,44056897,44503336,39832012
"PI(40:4)",36961191,32893958,65428590,23952717,67491046,38502455
"PI(40:5)",118292626,117655795,180030401,62648642,168892676,106121238
"PI(40:6)",88745160,93091826,144776516,47776507,137247110,79607462
"PI(40:7)",14460491,14729679,20714375,7748953,25384974,17235691
"PI(40:8)",457613,1174422,1084341,737040,1188348,1085589
"PI(42:0)",516090112,418108736,174224464,118951632,314746016,248783600
"PI(42:1)",350925,111921,5142887,24400512,33629924,37772296
"PI(42:11)",460163,881309,351002,517848,1036982,383637
"PI(42:2)",1340727,1307879,1780163,1616904,1522417,1505010
"PI(42:3)",698897,534666,780036,396178,414743,650122
"PI(42:5)",1010487,1569060,1876900,1731017,1869507,1624562
"PI(42:7)",NA,NA,262655,5673486,5148160,5099532
"PI(44:0)",22273529856,19676334080,8921398272,6219463168,14343626752,12469213184
"PI(44:1)",203604352,120602160,58608384,40525056,68964344,67409984
"PI(44:10)",1620690,1770766,1449014,3661192,4337938,3597935
"PI(44:12)",NA,NA,NA,1249138,1225361,1473590
"PI(44:2)",17951292,9937887,40718224,2069784,14937181,24941002
"PI(44:3)",181278850,115353141,50055945,65857501,95113143,236228045
"PI(44:4)",30350166,35715494,19346511,11558160,33061239,67287263
"PI(44:5)",2200442,2306450,3297060,8995455,8550843,9057974
"PI(44:6)",6037017,3630675,8007431,12619114,17142610,14207403
"PI(44:7)",385984,586818,1131205,2446490,2543810,2659883
"PI(44:9)",5667582,5224819,14470373,4167842,11436862,5298134
"PI(46:0)",60257864,88770840,31675168,9910287,64305344,58384880
"PI(46:1)",10315251,8702627,17441510,3846154,10232429,12801341
"PI(46:2)",67930648,34732484,5335982,11220620,39791776,20072254
"PI(46:5)",2164703,2476765,2812895,10252596,10623276,10724368
"PI(46:6)",28682391,28597495,21602585,23720525,25221720,36832560
"PI(46:7)",1549785,1745872,2398340,8604877,8348847,3154260
"PI(46:9)",2887037,2144968,1848292,20530496,25504064,22747556
"PI(48:0)",147502448,97286080,93605984,140454560,145000576,256174288
"PI(48:1)",24911012,19381014,18955184,9568741,25001778,23538574
"PI(48:4)",NA,NA,NA,226368,204739,NA
"PI(48:7)",65143,NA,3558,782800,37242,11584
"PI(50:0)",733589,NA,NA,1152630,333750,NA
"PI(50:1)",17940798,16348668,6275622,7674310,14085763,9847467
"PI(50:4)",1332369,2496282,2175540,7496620,3470798,8564830
"PI(50:8)",2238143,3236981,1805946,545818,1977119,1768078
"PI(52:0)",26949142,24289446,9060502,13129827,21944724,10959744
"PI(52:2)",680423,528357,355297,1782233,418946,1880299
"PI(52:4)",70894088,52343748,26323346,34467996,63616116,116900200
"PI(52:8)",28309342,21166960,15032548,8546600,15681485,13285263
"PI(6:0)",19594142,32620992,35363272,40211108,40223984,38263096
"PI(8:0)",3947482,4545408,3253826,357576,2791280,4425106
"PS(12:0)",4893362,6926621,5809539,3408706,4649884,5924850
"PS(16:1)",9122924,4929244,4688896,2600955,6893822,7702916
"PS(18:4)",1728,1196623,561653,NA,1013,787
"PS(20:0)",36046,NA,NA,31720,872994,501627
"PS(20:3)",241445,325082,148682,494203,583889,NA
"PS(22:0)",1092959,650826,1341622,1204370,2745660,2730953
"PS(22:2)",1933656,1788505,1765726,423887,4142071,1392154
"PS(24:2)",1865650,1940810,1576513,1158050,6731866,1631438
"PS(24:3)",9406199,8526263,7590518,5241528,10092942,7245195
"PS(24:4)",NA,55653,50706,135468,179409,48198
"PS(26:2)",2108928,2761002,3159308,2280765,2692238,2043481
"PS(26:6)",2921515,2839996,2774719,2296586,5492325,2903241
"PS(30:0)",NA,NA,NA,1959524,2925359,2662754
"PS(30:6)",2079598,2201305,1639112,595956,1141714,1589724
"PS(34:1)",6122473,6758458,52659256,91424,9227185,2714006
"PS(34:2)",220557,1026293,5997028,3741,1161764,278441
"PS(36:1)",19994326,24680298,262493400,715532,67328601,13104030
"PS(36:2)",41815636,45033082,239968576,6508166,65422848,21810444
"PS(36:8)",2144,51978,1793,308010,188090,86593
"PS(38:0)",2239445,3116639,4767754,4410344,5620752,7476479
"PS(38:2)",14008007,13899150,92051016,505615,23915478,7126178
"PS(38:3)",10057271,9557598,12189947,9298211,8590494,10620350
"PS(38:4)",12730575,11784455,17851732,10586475,14797151,7452230
"PS(38:5)",1825962,2938506,2735840,780933,4003426,2003678
"PS(38:7)",2498498,3303271,2958971,1705418,2079941,1424689
"PS(38:9)",1520824,4683814,2029545,5075332,3715190,3654428
"PS(40:10)",1174150,1054036,1849038,1444730,3504712,2936074
"PS(40:4)",13825634,13645631,13624778,20065206,17770194,16831988
"PS(40:5)",17466332,14897160,14440418,18158438,9565639,15884442
"PS(40:6)",18007685,15152653,92847929,5473049,20110432,8738486
"PS(40:7)",39891102,40285632,66222312,31749194,46438546,32868994
"PS(40:8)",7551430,7684304,7831286,6046178,5967549,5123690
"PS(40:9)",864567,734033,1002567,772612,933723,879395
"PS(42:10)",844732,1104882,894994,902621,1525291,848786
"PS(42:11)",2353176,2351288,4049358,3160567,2923123,4563748
"PS(42:4)",15770880,18965378,15153143,19625246,18556356,18407906
"PS(42:5)",1017463,593683,578945,6584416,10263862,6051591
"PS(42:6)",52063128,48648400,48119236,54075180,49368472,47214948
"PS(42:7)",22804608,19977386,23562940,50883676,61615208,52818672
"PS(42:8)",15101930,16626573,14468992,17796580,18723846,17010796
"PS(42:9)",24248100,25056440,24908848,21887628,21567262,19598398
"PS(44:10)",1478590,1653938,2139389,2267038,4102192,2425490
"PS(44:12)",6271370,8936721,8999015,12378816,9475970,7755417
"PS(44:6)",7969522,9088882,15099011,2332522,11043790,5683622
"PS(44:7)",23298164,22046394,21586950,27383688,25442746,24748952
"PS(44:8)",856696,412474,NA,1802639,NA,2369565
"PS(44:9)",10544470,11280652,9793463,11712236,7571187,5708779
"PS(46:1)",301202240,108016784,71568760,33809384,90648400,149596320
"PS(46:10)",12676254,12409952,11980430,13383567,12733629,10000894
"PS(46:9)",3839965,3890175,3254715,5006154,2206573,3878866
"PS(48:0)",854352576,628589696,507971040,199146656,311189024,172053472
"PS(48:1)",710941312,760703616,602780416,230830144,402241216,455423744
"PS(48:10)",49725,224189,162312,193463,81478,55526
"PS(48:2)",503095616,998021952,477064960,147301808,603672448,580679296
"PS(48:3)",78784176,80170880,59632608,17386720,57978760,87660920
"PS(48:4)",2936332,12210491,4495072,77251320,70934168,78859112
"PS(48:6)",12909402,11205285,11505071,69634448,89419952,66772316
"PS(50:1)",60993916,54504496,14231851,14288864,40765444,35659180
"PS(50:3)",217426208,195489840,154137664,85170016,97481648,54700272
"PS(50:4)",187386080,221160544,77207968,74422896,209325472,172166896
"PS(50:8)",6454416,2746308,2474112,51333360,64705304,58682364
"PS(52:0)",3502117,876600,NA,1826502,3142018,1181226
"PS(52:3)",170808496,109252056,59679540,56419528,132339872,195258240
"PS(52:4)",863302848,659597120,336960928,319182304,582375936,987667392
"PS(52:5)",179952416,245304928,144722080,49543372,152332352,172465456
"PS(8:0)",2780542,2780669,2469007,1796825,2364200,2471878
"SM(10:0)",5175861347,4165904375,1689347277,1594037662,3245787908,2380370192
"SM(12:0)",77349996,87104173,87901445,57965434,58147549,66723936
"SM(12:1)",1259001,1464679,3572394,2875220,2010061,1633010
"SM(12:2)",790087660,771381208,448889672,621407126,607583004,720157016
"SM(14:0)",23907995,22340452,6880723,9437260,14311405,24932842
"SM(14:1)",172901360,251535344,109391976,18420052,94277920,92344040
"SM(14:2)",232450560,196551072,121309616,72540032,49873208,53120836
"SM(14:3)",347109479,383854822,385692576,259731930,243075378,277624129
"SM(16:1)",55635672,52480232,54342836,29432798,36916700,19915636
"SM(16:2)",60312002,45303998,38749075,65384548,102995872,86161972
"SM(16:3)",366176377,496036447,331078732,83590055,354212341,281609280
"SM(18:0)",344697684,290268192,304240452,141888308,455062544,349434528
"SM(18:1)",75888962416,79297066480,78432542196,63803200644,78607589586,72872105658
"SM(18:2)",1406826576,1642121720,1614857256,1245743572,1532498592,1306965026
"SM(18:3)",72336760,80912952,86485976,59958044,55717912,60139688
"SM(20:0)",5486043,5566592,5555544,5131136,5231014,6603938
"SM(20:2)",13537246,15492266,16531990,3142666,9924544,13603350
"SM(22:1)",7130267,7032684,4379469,2247488,6776096,4695692
"SM(22:3)",4954304,6642258,5361002,5934739,5706817,5981930
"SM(26:3)",604617664,574346816,620959936,436987744,427078112,439372512
"SM(26:4)",589863616,703961856,363124224,342211136,138402544,272111712
"SM(28:2)",177736,1732068,NA,24539362,19442524,18263398
"SM(28:3)",902836,NA,NA,10422628,8708343,8917253
"SM(28:5)",18957290,240398,9177652,11562592,9275243,11351138
"SM(30:0)",130824800,101122008,96443648,22141076,103506152,103602968
"SM(30:1)",97954048,73338152,65395008,13518821,77672072,73128832
"SM(30:2)",5016240,6327234,4433132,11958269,3980832,26778150
"SM(30:3)",25981764,29163112,19829712,36276376,18498988,85417360
"SM(32:0)",233952558,222010741,230724782,182042495,237840294,240351465
"SM(32:1)",3068269438,3334167616,3094745450,2898068765,3818264256,3382092852
"SM(32:2)",58223169,60767445,63093964,45135167,61340723,52387729
"SM(32:3)",7840186,NA,NA,3886597,16637083,9303108
"SM(32:8)",4022208,7054068,7741454,8357717,7269790,7132830
"SM(34:0)",254005948,233137840,247116300,299070596,311891352,300050296
"SM(34:1)",3920937488,3895374992,3949263008,4031659424,4359436736,4184301600
"SM(34:2)",3178889216,3206221563,2902695426,2560617301,3267646700,2830416016
"SM(34:3)",16976090,18291998,13419519,7771986,6364278,16375438
"SM(34:5)",54015328,50883624,59589984,48477808,77347128,54667808
"SM(36:0)",286989472,316663142,420863276,236080791,345044466,280925296
"SM(36:1)",15275436,8067519,16646336,10587664,10908844,12968535
"SM(36:2)",439099164,382160572,421752084,505980980,506538068,492631436
"SM(36:3)",332959120,340902336,356734222,428224468,512548584,435035576
"SM(36:4)",21913696,5575962,19716612,37115784,38235992,5997556
"SM(36:5)",135930696,129857276,120447996,60559700,117503852,93996016
"SM(36:6)",61638046,54315262,56365660,17754791,58590167,42187947
"SM(36:7)",11977100,14811785,15884606,5912299,5094512,5547180
"SM(36:8)",213744,593241,778035,422952,197434,253915
"SM(38:0)",424898907,378762207,397795908,228770895,374142088,388861308
"SM(38:1)",523211004,574032756,653649108,564055540,637008732,554428780
"SM(38:2)",215216084,190760230,182754970,100006562,150615430,199011151
"SM(38:3)",91790704,96544008,82423200,77874080,96465168,86199968
"SM(38:4)",294383777,325402186,360011050,354235026,349985822,305290452
"SM(38:5)",43530695,46991394,46013376,47434600,53375326,41841135
"SM(38:6)",59392271,67726465,61068929,62364970,68323579,49666164
"SM(38:7)",40279656,58489684,38851288,32838690,39256420,39568016
"SM(38:8)",11050507,13328664,10915075,7303956,13656596,8150036
"SM(38:9)",12899441,9100392,9223435,5248058,7374258,8638267
"SM(40:0)",40073509,38417802,62737961,43904688,86089611,55656497
"SM(40:1)",279886644,283699102,341005215,300595276,365245844,313206509
"SM(40:2)",1786392637,1904562170,1834702896,1317619232,1650590019,1471835754
"SM(40:3)",373003276,445548799,409630901,317403731,365323251,329329165
"SM(40:4)",216871640,156723582,236914040,173537580,264104360,227897128
"SM(40:5)",14593201,8832287,6909926,11375354,17616863,24121456
"SM(40:6)",329041054,347938357,324182652,332683692,381815028,344505738
"SM(40:8)",23615824,24367096,14860238,39578928,15977413,28462272
"SM(40:9)",119878776,46706704,49182488,28053410,87339256,172576304
"SM(42:1)",390150544,421558120,460700188,306822457,428276716,343774950
"SM(42:2)",2228714004,2440124320,2462386696,1485917372,1742494144,1570045446
"SM(42:3)",1192214296,1309866488,1285785360,857591232,1034631168,855595608
"SM(42:4)",449901288,475087635,488012875,445598797,538554696,465626426
"SM(42:5)",236298128,232161414,232547153,622787349,820102296,740657864
"SM(42:6)",155631238,138543708,87869038,41596311,119538247,147980660
"SM(42:7)",50369060,34955444,13531896,21918664,42614088,79040928
"SM(42:8)",83249300,79784641,74911500,81495878,84972023,99004108
"SM(44:1)",31940188,23396258,6551252,40751644,39111868,36755584
"SM(44:10)",31018576,15505162,14127589,7363542,22643274,39699564
"SM(44:2)",88881458,94176449,94773172,77231353,102150210,89744976
"SM(44:3)",155167632,152995247,126420299,97303375,128125845,63813374
"SM(44:4)",18734722,20713588,20234258,20271722,25197322,22158726
"SM(44:5)",8708864,9732359,11140285,11195950,13485520,11129469
"SM(44:6)",17272724,23499894,19123540,18679002,25406754,21326986
"SM(44:7)",33760027,28549928,25183524,58856567,69690882,79006236
"SM(44:8)",285629292,193325472,115742108,124758760,239184944,230978160
"SM(44:9)",111245052,138951540,69979700,17267764,77086168,102071238
"SM(46:1)",52054568,45971948,19025128,101971456,89782352,72965712
"SM(46:10)",5695922,7114922,8250622,5706777,4974408,2137295
"SM(46:11)",53450712,53103776,24855622,15689424,25592552,29477212
"SM(46:2)",38412860,29288246,29771152,29881682,35580296,36856612
"SM(46:3)",573771840,526400160,259204176,552311680,554019904,627445696
"SM(46:4)",276525184,316790432,285148192,212856992,345172064,322657536
"SM(46:6)",56153306,81995233,55842562,18046681,47153495,87621606
"SM(46:7)",NA,19855,59493,NA,2221,1415446
"SM(46:8)",19086082,7813650,8676538,5816023,6783862,8993771
"SM(46:9)",15185655,17165553,20316418,16979419,17091282,13733268
"SM(48:0)",14539576,25680258,16189721,5956374,12001917,21043090
"SM(48:1)",40508124,41232860,37365328,74366544,58803084,44236080
"SM(48:10)",36500319,55954031,32721869,11165822,22354243,31210360
"SM(48:11)",79842104,43553476,25626908,13407539,47317392,40415660
"SM(48:2)",395901632,322048480,178245008,552816576,576436480,468722144
"SM(48:3)",52707495,78511056,77168030,31085094,55616691,53565002
"SM(48:4)",1042094904,783472645,421147288,785149362,978273640,1060017572
"SM(48:5)",1340956288,993171456,532383264,888124416,1061160320,1105598464
"SM(48:6)",461830816,362769024,167097552,293189888,323745824,339745152
"SM(48:9)",93287967,123963235,90181434,44067264,84644988,143977482
"SM(50:0)",13240114,19358920,17269178,11558824,22598988,21617888
"SM(50:12)",718271,134023,877850,1100371,633128,434583
"SM(50:2)",20976210,13282211,16393099,34818948,29441082,24030840
"SM(50:3)",45951120,44204418,55055044,8086471,18055465,47615741
"SM(50:4)",21511692,21398714,21811886,20767754,27802524,72461336
"SM(50:6)",23754820,22460356,18871176,12623252,25056794,67137088
"SM(50:7)",3891402,2664615,3067361,3000219,2930456,12346487
"SM(50:9)",120662544,124712296,30969852,34374804,109676008,94911648
"SM(52:0)",75062151,96831865,96006192,10241244,10272151,9075871
"SM(52:10)",617283920,518339504,209364432,208682432,339425832,507218896
"SM(52:11)",830745216,912225492,249637266,287813170,793088904,488460600
"SM(52:12)",57267888,52985908,32418846,24446827,46261906,83595636
"SM(52:2)",46298032,39997756,28898948,23705150,17660256,19278276
"SM(52:3)",230275837,236855214,170078820,78890694,102360459,145996514
"SM(52:5)",18702212,16083986,14151411,4110224,3153452,NA
"SM(52:6)",59092130,54600321,27818916,11016523,44446509,46039075
"SM(52:8)",63499747328,47022600192,18056937472,42225238016,46987161600,44584943616
"SM(52:9)",6495666704,3967358746,2059808352,1718046736,4446582140,3822146180
"SM(54:10)",1440777984,1192804480,872977216,366136224,556629056,371326336
"SM(54:11)",51304409950,30872377870,16654633800,13815314292,35343775301,21223327959
"SM(54:12)",2396965858,2849243795,1426717202,937033162,2291590070,3780860321
"SM(54:13)",295237056,225161312,150837648,51036388,212059360,516545568
"SM(54:4)",263674456,314474280,243503556,179688328,153398368,147569935
"SM(54:5)",43960120,36872690,34430497,8809498,9112532,31059384
"SM(54:8)",271784832,137287024,31178588,155166976,169415696,138551488
"SM(54:9)",1950679,1779517,2211264,1819640,2176320,1961326
"SM(56:1)",202650,396333,258284,619950,366412,225975
"SM(56:11)",1858559360,1592890880,746698688,1513824640,1579760896,1560551552
"SM(56:12)",895596,2305840,1817260,852465,1079487,746795
"SM(56:13)",387355680,336198400,278240416,171817072,176934176,85532232
"SM(56:8)",9812527,1730395,4604533,2643473,11977280,3502432
"SM(56:9)",NA,547890,NA,16530588,10045552,13805237
"SM(58:11)",8557424,14129813,22494954,NA,748390,561823
"SM(58:12)",26712596,37042776,12507863,14852734,21083968,17401302
"SM(58:13)",13315613,25793374,14886922,3458841,18309418,16266247
"SM(58:14)",61257504,63138204,41053356,13260332,58094600,53811808
"SM(58:3)",11632890,6416207,14950876,9159309,25018620,24271250
"SM(58:6)",11036865,11416380,535423,8167022,11119893,3845756
"SM(58:8)",1857708,NA,NA,2969713,2414120,12456430
"SM(60:14)",105484792,51980816,23856764,39251804,82654048,81533288
"SM(60:3)",1037878,3645544,2952526,5657292,5551275,2407573
"SM(60:4)",6299392,5042984,5175548,7350839,6261428,4394500
"SM(60:7)",4729824,4829766,1532138,2329607,5955468,9050498
"SM(60:8)",4936687,4055264,495175,4540132,6973438,21285228
"SM(60:9)",NA,NA,NA,8417980,4582858,4069071
"SM(62:10)",NA,NA,NA,3433916,645278,457723
"SM(62:12)",16877680,7567656,1818466,6947123,9472419,5591136
"SM(64:12)",315317,3487104,296032,1822120,4854437,6112786
"SM(66:14)",541215,NA,NA,5310505,4456534,7252100
"SM(68:1)",27014426,21915008,20068534,7337320,25984078,24939792
"SM(68:3)",37957648,33059444,33581072,10021178,29183218,28508098
"SM(70:2)",31342418,20594400,23840978,11163243,27733208,25595130
"SM(74:13)",14389653,28172078,20386122,4870394,24592184,13556960
"SM(74:14)",NA,NA,NA,4614452,891231,903600
"SM(8:0)",10633644788,8130909653,6751037798,6220683254,9939904538,9054637762
"SM(8:1)",223987573,297421393,254551449,161732903,189471482,170216437
"TG(24:0)",88583624,45328752,71985320,13834746,47552532,43411424
"TG(26:0)",116895340,63260081,91873214,24623872,130206674,118329388
"TG(28:0)",48532859,23972274,21818370,22331891,26769538,87345419
"TG(30:0)",29980562,44142380,24786608,16737319,42642992,18136250
"TG(30:1)",1257824,389724,723717,11131396,13701801,10111578
"TG(32:0)",46286332,61685908,121543368,44341728,60613064,138846688
"TG(32:2)",5886832,5399690,1988727,3791519,2864684,3377444
"TG(32:3)",133167144,171171856,163365728,25311352,85826624,133556496
"TG(32:4)",96912632,114854720,114045544,12380741,58282544,79065520
"TG(34:0)",10413436,11522921,14460053,14398288,15748712,74029160
"TG(34:3)",27665964,14032868,6107519,12837759,21980682,17389096
"TG(34:5)",65351740,113699464,78463160,10783265,36067840,89692248
"TG(36:0)",108405876,82051760,83568030,50431482,99836806,93085582
"TG(36:1)",17829998,16794034,25744768,2270338,11572774,15193088
"TG(36:2)",157291696,156841344,143191408,147567952,149867824,151085856
"TG(36:3)",685263104,497289312,190349280,476264288,475009376,453613152
"TG(36:4)",154177584,118035608,42770748,36967552,104111072,102897352
"TG(38:0)",62599780,43308936,45122134,32424403,48339526,63018012
"TG(38:1)",22956006,23351096,23279134,16251990,20284902,20364210
"TG(38:2)",195536928,202823360,173985726,94059022,152610760,177053416
"TG(38:3)",604896768,616578048,612707904,633250176,674236416,656019264
"TG(38:4)",66444660,126773776,176037744,114000720,134662464,57036632
"TG(38:5)",61381064,33896232,59002648,44737840,43685032,41153144
"TG(38:6)",137153232,100289576,102765808,60672728,104357664,83319120
"TG(40:0)",40150458,52028418,57330171,53162624,57558006,72677988
"TG(40:1)",8322700,10588701,9688122,14400261,19871738,20227134
"TG(40:2)",128472440,143490128,120072672,12782996,15543209,14822037
"TG(40:6)",3077932,3892078,18931146,9742526,4483250,4693416
"TG(42:0)",36140804,38236652,50461416,40504432,48505668,53983944
"TG(42:1)",20017536,19137885,22211907,20544212,22166119,14204736
"TG(42:4)",11622363,13662444,12799590,17093930,8883559,16901524
"TG(42:6)",6394038,6144782,5155760,5303540,5409544,26785966
"TG(42:9)",17805942,19437396,18974450,12076189,18737772,16778358
"TG(44:1)",61772476,75659624,63324736,60852524,77392672,67604688
"TG(44:2)",160844456,198266760,174596176,39782736,76133388,62256324
"TG(44:3)",15465107,17114172,19321590,20372226,28789348,23041358
"TG(44:4)",22162824,29754918,7785572,28709126,22794524,24939864
"TG(44:5)",4595950,9547383,2693402,9137638,4971116,16391703
"TG(44:6)",34760524,45785056,34981960,21088424,12727711,34064664
"TG(44:7)",40043364,47576392,29383852,24704052,19885276,23885582
"TG(44:8)",13187740,11872144,12105488,10955315,13267703,12786672
"TG(44:9)",16078228,19442166,20433696,9389059,8133094,21305596
"TG(46:0)",112320776,165344880,170971968,202785856,223135600,236158064
"TG(46:1)",154490512,176812848,162272352,135326224,133193080,142119760
"TG(46:10)",16321892,21675806,28688526,15224480,14945068,17632686
"TG(46:2)",262491321,310156832,286903363,151171445,145622542,144593800
"TG(46:3)",32940390,43015744,39175728,26728142,27916942,17533224
"TG(46:5)",99100256,65029584,64693620,50987912,48114460,74005720
"TG(46:8)",30057764,35743320,36972872,28670514,32752704,29195510
"TG(48:0)",155635280,158153888,251025904,283911616,282848352,304070144
"TG(48:1)",416198912,492822336,484097568,400517600,399770496,375579040
"TG(48:12)",31723786,39637172,50671476,32886388,97857320,77313256
"TG(48:2)",721831214,859292496,796814882,308673418,300069426,286116544
"TG(48:3)",281268115,329068396,305801831,157410777,148897125,131742546
"TG(48:4)",46657336,56705402,60738960,40516260,43543054,40634611
"TG(50:0)",74708280,82627800,160997296,158585616,125820128,170274208
"TG(50:1)",1115529640,1266947264,1171501924,1539283346,2002910054,1833598712
"TG(50:10)",8226703,7884716,7993778,8634865,9714623,9194702
"TG(50:11)",9114879,4361840,11158429,64349608,36475704,38478032
"TG(50:2)",4162283376,5407900648,5137177922,1956550426,1809044526,1665097732
"TG(50:3)",1895893120,2313771638,2143260970,830583289,668014802,618207429
"TG(50:4)",398832160,488729440,458870176,280295328,307625280,312447392
"TG(50:5)",203887788,212649756,235153836,161565220,191275018,191726724
"TG(50:9)",1007452,1160902,1060797,4154098,4327180,3403066
"TG(52:0)",202106728,239158416,273090168,158861384,116770728,129538156
"TG(52:1)",493806064,563064183,664757668,515785069,488265586,402574196
"TG(52:10)",2690442,3043702,1148071,4463088,2168375,27634432
"TG(52:11)",3369814,2822102,126479,15673834,6430209,11732643
"TG(52:12)",7366499,11237747,12843493,41888152,97761480,79007224
"TG(52:2)",8361577204,9948035628,10216640424,4995855412,4355700351,3529750214
"TG(52:3)",16977033250,21686334780,20665740890,7035850070,5535402188,4892869754
"TG(52:4)",2495461608,2840678432,2794284728,2085973312,2235434000,2364181232
"TG(52:5)",1365825792,1583875072,1449168768,1023933248,1066876608,864672576
"TG(52:6)",434939632,483769712,475215840,328106336,358215376,352082816
"TG(52:7)",69222000,80967208,61908684,49192560,45081736,27938664
"TG(54:0)",18931567,30513554,43450940,31685059,23211349,49048512
"TG(54:1)",64533460,72711880,86557264,98412088,87059184,69908784
"TG(54:12)",1360342,2589696,3154372,2477736,2934713,1365744
"TG(54:14)",3001929,4374678,3908586,5542468,6570998,5428530
"TG(54:15)",6469492,8192840,6150344,7392280,8637451,7168388
"TG(54:2)",4310059316,5209045148,6308885024,2001043656,1387401216,996882192
"TG(54:3)",60934842440,74754785636,73831818912,32359438396,23864876472,16958522880
"TG(54:4)",8914350080,11282144256,10786941952,5887178752,5505143808,5192642560
"TG(54:5)",5650737920,6167987712,6222547456,5676908224,5686143200,5757714176
"TG(54:6)",7471556608,7927423488,7817492224,6281218880,7236762976,8002856384
"TG(54:7)",2245444224,2265907488,2365891808,1595847820,1856120584,2051865896
"TG(54:8)",350504688,385877392,398214224,251414808,276013376,307036304
"TG(54:9)",23122437,22556491,25587372,17029072,17412248,18610235
"TG(56:1)",6845376,8559638,9193942,12988746,15051303,12043268
"TG(56:10)",25626671,29259694,28082150,21894102,21821214,16290333
"TG(56:15)",34638036,14249239,11297543,16738108,24962948,137448736
"TG(56:2)",261141084,333278260,408558532,210648334,140568955,82939771
"TG(56:3)",8282053360,10650471712,11860074152,5619684456,3458753484,2297507364
"TG(56:4)",1593939702,1872611860,1898595888,1120788193,840965217,473198811
"TG(56:5)",4998718976,6595537408,6096961536,3290705920,2475744000,1867262976
"TG(56:6)",13278399060,15371700900,14555046208,8491451438,6689639506,5377370344
"TG(56:7)",6218380128,7202035136,6304509754,2758669616,2328875112,2037943392
"TG(56:8)",1998502912,2503051908,2140151010,645995648,616296412,550067892
"TG(56:9)",173866880,200497196,180750628,80297722,100546762,107427774
"TG(58:1)",1011702,1598438,2114808,2184344,2862280,2835957
"TG(58:10)",603693988,531451008,370651964,372912538,416453289,363240919
"TG(58:11)",153809644,145214178,128319041,130961572,126300768,103672968
"TG(58:12)",187337728,145333264,162829824,64514504,137313456,171282192
"TG(58:14)",26550484,15778847,19481986,5616750,15407174,15711299
"TG(58:15)",10824043,4496902,6158160,3164207,2585182,22867810
"TG(58:2)",15703480,17044470,27050674,20303480,14568648,7663268
"TG(58:3)",645417376,794611527,1006499412,589391960,328071883,198017635
"TG(58:4)",233260624,302487296,337936128,169351824,103686632,73209192
"TG(58:5)",824188864,955697472,989757440,787704320,528010272,344299872
"TG(58:6)",6248021988,7998848196,7493935742,5701988644,4446456422,3191957688
"TG(58:7)",12364657664,14425201664,13370701824,6889136640,5497587712,4367838720
"TG(58:8)",11551547849,14431719401,12783558872,4549926028,3832145052,2875495138
"TG(58:9)",1074582982,1281150718,1056291006,647531596,687244704,604217808
"TG(60:10)",2368558032,2032585464,1354798052,1519079818,1659811324,1578699244
"TG(60:11)",1204098400,1270866136,1053217773,669036490,719620176,627943768
"TG(60:12)",249011876,268215606,263012858,142054885,162564164,135297796
"TG(60:14)",1657301,2809846,777698,3698714,3775717,2691666
"TG(60:15)",317118520,159293632,116549328,736903016,546681032,482870968
"TG(60:16)",61416424,61363060,52062540,668161344,584996224,505572928
"TG(60:2)",633500,9486,682611,2112698,1125158,272353
"TG(60:3)",24462776,34348840,47145316,26593552,21730324,9555190
"TG(60:4)",51318530,66919938,61235016,40259196,28525966,13925732
"TG(60:5)",64527656,73350976,89161520,80596560,53683192,32988052
"TG(60:6)",509193248,586322304,620856896,671425792,432367680,301142080
"TG(60:7)",1247580052,1416263416,1149306916,1119705798,937399448,695328528
"TG(60:8)",1088219904,1343540464,1113872448,901853760,746399256,623196480
"TG(60:9)",760839296,806298768,700268842,827593680,723286464,623829536
"TG(62:10)",380770422,410831730,336146110,499695810,473039273,375392011
"TG(62:11)",666836768,708287179,696681856,609510477,519270304,492510482
"TG(62:12)",674521367,760989002,684079445,330957355,350639584,297188032
"TG(62:13)",299519006,305749164,292676488,102002096,113839262,94298330
"TG(62:14)",549674240,603861632,675484864,80833736,239584464,111122144
"TG(62:15)",3762574490,4202094260,2122089956,1566190353,3184123141,5972161995
"TG(62:16)",706825840,660524192,399334468,123229188,562593304,1165320224
"TG(62:17)",5529071,3586508,3991570,5348683,7646664,40015696
"TG(62:3)",230609,299827,2130842,6451123,7364866,2135964
"TG(62:4)",127999,141215,52661,9100635,10243301,1066002
"TG(62:5)",2302147,2942930,3109545,9169841,9614369,2034348
"TG(62:6)",32422396,34272680,41573328,57790716,34033112,23918136
"TG(62:7)",88888296,91747617,83303072,99281245,71593593,52015382
"TG(62:8)",68721396,80939524,82593720,98329784,74217758,52218110
"TG(62:9)",125403200,161330400,145334080,288968192,242213152,195316112
"TG(64:10)",21594542,23864600,17338720,29968224,22754808,18065896
"TG(64:11)",23554870,20889938,28894502,35954580,29630868,22312430
"TG(64:12)",15896160,27220756,23614580,12116315,11680487,11233928
"TG(64:13)",5886204,7259945,8491746,6493656,6944114,5496210
"TG(64:14)",11780429,9615457,14247159,4595066,5660107,3405908
"TG(64:15)",154398655,132665430,58678762,81393020,64871481,68372042
"TG(64:16)",43615004,55196584,303466944,6308864,13211456,1187770
"TG(64:17)",765325376,846550208,1141446144,116301288,434485728,213528720
"TG(64:8)",2973508,3270793,2518773,3894877,2650388,2421800
"TG(64:9)",831157,NA,NA,12244305,8714779,6839142
"TG(66:13)",5637661,6725690,6561270,32437194,20818024,12454779
"TG(66:14)",8411515,5597582,1684158,6050044,6689826,18389056
"TG(66:15)",2679436,691001,NA,3042804,1392115,8947884
"TG(66:18)",32164828,28965982,15267316,25517318,22710340,35696352
"TG(68:13)",10105677,9009921,12102501,41935792,38885968,29622196
"TG(68:17)",30405638,21264454,36195176,3444067,11727810,13045546
"TG(68:18)",166707472,141659008,115212336,45617408,142580832,249545552
"TG(68:19)",3413962,1588144,1155698,1757530,316792,8374096
"TG(72:15)",376368,705952,493731,1506944,42029,4127216
"TG(74:19)",NA,NA,682371,1043678,NA,487006
