LipidIon,D0_1,D0_2,D0_3,D4_1,D4_2,D4_3
AcCa(14:0),0,0,0,8881484.077,3184536.181,7765675.209
Cer(d12:0_14:0),12500000,16100000,18700000,13600000,12900000,18400000
Cer(d32:1+O),0,0,0,1325992.359,921532.348,792329.266
Cer(d16:1_16:1),0,0,0,6445807.997,5756542.049,5981961.642
Cer(d34:3),0,0,0,2310540.834,1656527.119,4362369.379
Cer(d18:2_18:0+O),0,0,0,2335571.675,1186497.153,804206.688
Cer(d22:0_18:0),1019017.227,26300000,26300000,21200000,21500000,4738156.151
Cer(d22:1_18:0),280170.4824,7111924.557,4290965.565,9921006.523,11100000,15900000
Cer(d18:2_22:1),0,0,0,3378400.609,2449990.063,1947767.747
Cer(d42:0),4583296.303,2580335.151,1865578.898,7187095.422,6539411.065,2217245.547
Cer(d20:0_24:0),3.834,1841051.177,2836265.314,2614573.873,2195316.776,399725.374
Cer(d44:1),2124930.074,7470506.378,6744861.765,27900000,20200000,6401888.674
Cer(d20:0_26:0),0,2664175.691,3702004.265,1969216.147,2375350.766,0
Cer(d20:2_26:0+O),0,2748944.563,2867702.25,1471491.779,4210599.958,858337.784
Cer(m18:0_16:0),0,346053.3168,398855.2488,12800000,4973912.398,4732229.796
Cer(m18:0_24:0),0,2103961.748,1873118.062,7518852.647,4990260.827,2979316.615
Cer(t18:0_14:0),11200000,7706791.132,9868255.314,16500000,1.50E+07,19300000
Cer(t16:0_16:0),5095404.744,8501158.632,6252559.966,30900000,25100000,25800000
Cer(t32:1),0,0,0,1325030.438,924222.821,791765.052
Cer(t36:0+O),2617734.079,8780015.978,7679743.647,6255201.954,6745305.428,7730023.715
Cer(t20:1_22:0+O),0,0,0,1252136.071,688612.52,461804.792
Cer(t16:0_26:3),0,0,0,1549366.377,611852.289,0
Cer(t18:1_26:0),171483.4593,0,490515.5868,888613.476,502570.999,672629.16
Cer(t18:0_26:1),14400000,15600000,17500000,50400000,37400000,35200000
Cer(t20:0_26:0+O),0,2206049.676,2786123.323,2608326.793,1312967.74,467928.792
Cer(t46:1),0,0,356396.637,332991.992,249004.002,0
ChE(16:0),0,0,0,12200000,7666256.875,13300000
ChE(16:1),0,2656611.421,1282257.259,18400000,13100000,2.10E+07
ChE(18:2),0,32100000,68200000,67600000,61100000,87600000
ChE(20:3),243070.3665,5600382.185,10100000,32300000,22200000,30800000
ChE(22:3),0,0,0,9138900.894,2892643.599,6158920.837
ChE(22:5),0,20300000,22900000,95700000,53600000,70400000
Co(Q7),0,3467513.642,2030990.255,11500000,10200000,1524589.266
DG(34:3),3988014.073,0,0,0,0,0
DG(18:4_18:1),1076460.983,44900000,66600000,2.15E+08,58800000,2.41E+08
DG(18:1_22:1),793412.277,1033366.805,2746435.446,5999470.841,8649085.393,3179192.761
DG(18:1_24:1),0,4056929.059,5599214.94,11300000,11200000,8745308.487
DG(48:2),0,17900000,18800000,51500000,51600000,6.20E+07
Hex1Cer(d18:1_14:0),4995691.34,1582454.975,4623988.98,2940658.939,1972358.264,1132409.785
Hex1Cer(d16:0_20:4),3886055.771,2253105.187,140283.9087,17400000,14400000,12200000
Hex1Cer(d16:1_20:4),2.65E+08,2.37E+08,3.52E+08,6.20E+08,6.10E+08,6.25E+08
Hex1Cer(d22:1_16:0),599045.4363,0,0,0,0,0
Hex1Cer(d16:0_24:6),2461311.795,2492307.488,2403964.546,13100000,14200000,14200000
Hex1Cer(d18:1_26:0),0,6582748.99,4429442.933,9837596.752,9744597.606,0
Hex1Cer(d44:1),0,2679183.759,2481739.146,3419183.852,3164272.526,4164377.946
Hex1Cer(d18:1_26:1),10300000,10200000,11300000,16300000,14500000,12800000
Hex1Cer(m20:1_18:1),1778651.561,0,0,0,0,0
Hex1Cer(t34:0),2720288.077,4299054.609,4729096.024,3.70E+07,35700000,3.40E+07
Hex1Cer(t18:0_16:1),29300000,35500000,3.50E+07,68900000,66400000,55300000
Hex1Cer(t16:1_20:4),7879210.124,1.10E+07,13800000,15900000,16400000,14900000
Hex1Cer(t18:0_26:1),10300000,10200000,11300000,16300000,14500000,12800000
Hex2Cer(d18:1_16:0+O),12800000,12400000,13100000,17600000,13900000,1.10E+07
Hex2Cer(d34:1+O),2710738.437,4648926.163,4397762.08,7799465.646,5585338.555,4215483.021
Hex2Cer(d40:1),2264130.659,3270412.658,5954319.323,6563793.384,6493275.732,2757554.333
Hex2Cer(d18:2_24:0),7357660.164,1840134.317,3836566.181,13600000,1.20E+07,4121149.809
Hex2Cer(d42:3),2613357.825,808213.3632,796005.0783,4293259.873,2940806.17,5194739.913
Hex2Cer(t34:1),2893910.674,2326231.201,1189656.204,7799595.188,5586306.114,4215232.368
LPC(20:1e),3699254.164,6479194.559,7368550.605,21800000,16500000,1.70E+07
LPC(28:0),67900000,1.02E+08,1.11E+08,49500000,56400000,44900000
LPE(16:1e),6423830.11,3516198.025,10600000,45600000,39200000,36400000
LPE(24:1),0,468304.344,0,1567613.278,1033813.947,1513229.79
LSM(d22:0),61300000,8485720.186,5552095.599,6665305.146,10300000,2.60E+07
PC(16:1),6449544.38,8937996.722,7891294.241,7717578.205,5326434.844,3439080.276
PC(24:0),0,169041.2841,0,0,0,0
PC(26:3e),0,0,0,1702588.396,1527765.445,1790732.477
PC(12:0e_16:0),2346207.24,3188114.123,3424524.326,1353019.524,1456104.071,1118277.864
PC(14:0_18:3),10700000,6861917.012,2.20E+07,16900000,2.10E+07,16200000
PC(32:4e),13500000,13400000,14200000,4113906.073,5557272.257,3199597.759
PC(20:3_14:2),952948.886,183860.4339,802699.1502,2133606.928,2021990.426,1842159.232
PC(16:1e_20:5),1777824.315,6430252.781,5308715.182,2.60E+07,21200000,23300000
PC(22:6_14:1),14300000,7366015.355,10100000,48200000,33700000,35300000
PC(16:1_24:1),9997830.014,1.90E+07,21700000,10700000,9669121.891,15500000
PC(18:2e_22:5),82100000,41900000,75100000,2.55E+08,2.40E+08,2.21E+08
PC(20:5_22:6),0,354330.457,274664.182,796743.596,852725.019,545731.957
PC(18:1e_24:1),4905794.253,558354.564,267910.182,2157590.857,1219584.896,1807537.345
PC(18:3e_24:0),13400000,1.28E+08,1.41E+08,4.22E+08,3.66E+08,88200000
PC(22:5_22:5),0,556643.778,1021886.918,870064.04,572100.536,958125.337
PC(22:6_22:6),0,1411480.767,850862.5122,528190.282,1626171.347,1160375.355
PC(44:12),28500000,23200000,29300000,27200000,25700000,21300000
PC(26:1_18:1),0,1768079.518,1588283.799,945023.239,1618840.398,4762549.445
PC(30:1_18:1),0,313264.809,310702.653,884234,275964.853,312096.378
PC(30:1_20:4),311716.95,267358.983,406054.917,1146861.721,712045.771,345696.026
PC(32:1_20:4),0,643897.714,755798.894,1104973.492,513397.747,1107259.422
PC(30:1_22:5),551611.965,854960.371,1533652.59,2419143.366,1919854.5,2056218.39
PE(14:0_18:2),0,0,251230.6314,1006254.522,2508173.614,2116891.856
PE(18:2e_14:0),22300000,3.60E+07,40500000,40800000,40500000,41500000
PE(12:0p_20:4),2642893.101,2182189.346,2256044.359,2752399.726,3399778.411,3091807.749
PE(12:1e_20:4),467280.045,1714146.513,1089136.937,1083284.227,1392520.412,1174566.623
PE(14:1e_20:5),0,219462.222,606079.462,1977350.819,2336133.204,1870055.721
PE(16:1e_20:1),58300000,94600000,97500000,94700000,85100000,91500000
PE(16:0e_20:3),5607838.14,1840355.52,10100000,5.13E+08,4.75E+08,4.53E+08
PE(16:0e_22:1),5125655.705,624413.7435,10100000,10600000,8378826.03,8943336.78
PE(16:0e_22:4),3.06E+08,4.22E+08,4.36E+08,5.92E+08,5.87E+08,6.69E+08
PE(18:1p_22:1),73100000,97500000,86400000,92900000,7890900.008,55100000
PE(20:1p_20:4),4.84E+08,6.75E+08,7.63E+08,6.56E+08,6.57E+08,6.26E+08
PE(18:2e_24:1),2993156.064,6931383.989,7493385.04,7961991.962,5679333.266,8602220.588
PE(20:3_22:3),12800000,7984316.085,24300000,15400000,17400000,17400000
PE(42:6),2814429.262,7233895.171,7045925.316,2002166.933,5079120.291,3040034.637
PE(26:1_18:1),417775.87,2771889.251,2669895.699,222887.796,485675.134,1239835.98
PE(24:0_22:6),16300000,1475091.097,2088247.149,879716.759,458374.39,1403534.848
PG(36:1),38600000,37500000,42500000,2.01E+08,2.02E+08,1.87E+08
PG(22:2_22:5),0,0,0,654723.611,372602.149,0
PS(16:1_18:2),1516931.351,505500.0489,5247373.29,14400000,15200000,14800000
PS(16:1_20:1),7635338.743,415931.88,3102268.079,36800000,28700000,30200000
PS(16:1_20:4),0,0,0,963536.965,803160.618,1125464.929
PS(20:0_18:1),25200000,10600000,7663608.48,1.18E+08,88300000,7.70E+07
PS(20:1_18:1),1.07E+08,51300000,46500000,3.67E+08,3.01E+08,2.75E+08
PS(38:5e),17700000,21900000,5718813.712,29900000,24300000,26900000
PS(38:8),0,0,0,1801429.285,2026517.313,1404777.227
PS(20:1_22:6),41600000,37700000,45400000,1.44E+08,1.06E+08,97500000
PS(22:5_20:4),2.50E+07,21300000,24200000,25700000,23500000,23800000
SM(d20:1_16:0),5.64E+08,6.15E+08,7.24E+08,8.99E+08,8.09E+08,6.95E+08
SM(d18:2_18:1),36600000,57500000,59600000,48800000,25800000,40200000
SM(d20:1_18:1),0,0,0,0,4246506,2670436.907
SM(d38:3),7047487.702,12400000,10800000,508271.856,0,0
SM(d18:1_24:0),4.93E+08,1.49E+09,1.33E+09,1.72E+09,1.63E+09,1.04E+09
SM(t40:3),1799335.02,2132389.895,2424443.935,3017075.436,1789750.659,1641132.239
SPH(d14:1),9838009.165,10300000,12100000,35100000,80900000,35200000
SPH(d16:1),8263189.021,9808688.333,6883557.975,85200000,98100000,99200000
TG(4:0_14:0_14:0),2508959.19,0,0,0,0,0
TG(12:0e_6:0_20:3),129989.505,4746677.245,4552384.811,38500000,25300000,17200000
TG(16:0_8:0_16:0),2832970.927,6131696.699,5551849.865,12800000,1.60E+07,10400000
TG(12:0e_6:0_22:4),49100000,806325.672,192898.3047,12400000,6659895.478,5053946.634
TG(16:0_12:0_14:0),5002749.427,7786385.857,10100000,54700000,50200000,36200000
TG(16:0e_14:0_16:0),0,1835036.797,1414310.183,6170095.571,4908800.486,8452305.118
TG(16:0e_14:0_16:1),0,10500000,11300000,17100000,14900000,21300000
TG(16:0e_16:0_16:0),0,3268514.209,3420597.492,17100000,13200000,20500000
TG(16:0e_16:1_16:1),0,17900000,18800000,51500000,49900000,62200000
TG(18:3e_16:0_16:0),0,5250228.437,5117139.649,15100000,10500000,23500000
TG(16:1_14:0_20:5),0,2938249.374,3049250.413,46600000,1.01E+08,63500000
TG(16:0e_14:0_22:5),0,3380669.443,5341694.987,19200000,8349854.881,15900000
TG(14:0e_18:3_20:3),0,5188580.225,5037996.624,7731952.835,7337758.836,4808490.781
TG(16:1_14:0_22:6),390437.244,2.50E+07,3.10E+07,1.44E+08,1.49E+08,96300000
TG(20:0e_16:0_18:1),0,1004012.1,2890227.639,20200000,16200000,2.40E+07
TG(16:0e_16:0_22:5),0,19800000,32200000,92400000,45100000,77900000
TG(16:0_16:0_22:6),4299875.242,1.38E+08,1.84E+08,7.37E+08,4.67E+08,4.51E+08
TG(16:0e_16:1_22:5),0,24200000,23500000,90100000,5.90E+07,64600000
TG(16:0_16:0_24:0),523620.477,2932486.357,3420694.81,11700000,8351153.135,9325934.778
TG(16:0_16:0_24:1),0,21800000,29300000,1.07E+08,86500000,1.09E+08
TG(18:1e_18:1_20:1),0,6680249.305,7606319.716,48300000,29700000,37800000
TG(20:2e_18:1_18:1),0,23900000,25800000,1.43E+08,1.52E+08,93600000
TG(16:0e_18:1_22:5),0,6.40E+07,70100000,2.89E+08,1.74E+08,1.96E+08
TG(16:0e_18:1_22:6),563719.856,30600000,36300000,1.60E+08,84100000,1.02E+08
TG(18:0_16:0_24:1),0,12600000,13400000,51900000,37100000,54900000
TG(18:1e_16:0_24:1),0,766344.102,2696753.069,39500000,24300000,33400000
TG(18:1e_18:1_22:1),0,3539362.734,3235892.795,30900000,22300000,27600000
TG(18:1e_18:1_22:3),0,14700000,21600000,93400000,42800000,55300000
TG(18:0_18:1_22:5),5942094.477,4.88E+08,5.45E+08,1.48E+09,7.75E+08,8.30E+08
TG(18:0e_18:1_22:5),0,12400000,31500000,1.19E+08,36400000,39600000
TG(18:0_18:1_22:6),1125109.036,1.35E+08,2.54E+08,6.64E+08,3.28E+08,2.48E+08
TG(18:1_20:4_22:5),1066315.619,96200000,1.27E+08,3.64E+08,1.63E+08,96200000
TG(16:0_22:5_22:6),1593861.754,43600000,73300000,2.94E+08,1.21E+08,66800000
TG(16:1_22:6_22:6),0,3988296.681,4741962.095,20500000,9580363.719,4619314.087
TG(18:1e_18:1_24:1),0,0,0,18400000,1.40E+07,17200000
TG(20:1_18:1_22:3),0,1.11E+08,1.27E+08,3.05E+08,1.39E+08,1.31E+08
TG(20:1e_18:1_22:3),0,2285041.127,3022338.266,23300000,15600000,19800000
TG(20:1_18:1_22:4),0,21500000,23300000,3.17E+08,3.70E+07,2.10E+08
TG(20:1_18:1_22:5),478310.94,1.66E+08,1.89E+08,5.26E+08,2.17E+08,2.12E+08
TG(18:0_22:5_22:5),0,46300000,51700000,1.52E+08,66600000,58800000
TG(26:1_18:1_18:1),0,15400000,16700000,60800000,41200000,52100000
TG(18:1_20:2_24:0),0,15400000,16700000,60800000,41200000,52100000
TG(16:0e_22:5_24:1),0,530653.607,0,25800000,11400000,20200000
TG(18:1_22:1_22:5),0,41700000,53800000,1.74E+08,86400000,1.16E+08
TG(18:1e_22:3_22:5),0,7207488.485,8719215.191,39200000,29600000,29700000
TG(20:1_22:5_22:5),0,2683097.055,8164212.936,28800000,7295142.564,13600000
TG(20:2_22:5_22:5),0,6760976.777,8027044.929,32700000,4983786.77,3694955.658
TG(20:1_22:6_22:6),0,1546938.513,4898772.563,18900000,2455734.941,2529635.143
TG(20:2_22:6_22:6),0,0,0,2341287.171,677168.448,0
TG(18:1_22:3_24:1),0,10100000,14800000,44700000,27100000,38400000
TG(18:1_22:5_24:0),0,23500000,25200000,69300000,43800000,52600000
TG(18:1_22:5_24:1),0,2.70E+07,23400000,67700000,38500000,4.60E+07
TG(18:1_22:6_24:0),0,5170955.101,8652297.424,19200000,3886130.075,19900000
TG(22:2_22:5_22:5),0,0,815563.922,3211641.013,0,0
TG(18:1_24:1_24:1),0,0,0,1207667.295,2329092.314,730278.06
TG(26:1_18:1_22:5),0,5624277.744,7828781.594,23700000,13800000,14400000
AcCa(16:0),30100000,4.30E+07,52200000,1.31E+08,95900000,1.19E+08
AcCa(16:1),0,0,0,61400000,67400000,17900000
AcCa(18:0),7099421.161,9120016.107,1.40E+07,23700000,16600000,20200000
AcCa(18:1),29600000,44600000,23300000,1.51E+08,96300000,68500000
AcCa(20:3),7.86E+08,3.26E+08,3.10E+08,5.13E+08,4.22E+08,5.05E+08
Cer(d16:0_18:0+O),12400000,22800000,23300000,19900000,19300000,21700000
Cer(d16:1_16:0),11100000,10500000,15300000,94400000,71500000,7.10E+07
Cer(d18:0_16:0),43700000,21100000,33100000,2.18E+08,1.26E+08,1.24E+08
Cer(d18:0_16:0+O),2673741.14,5052800.324,739615.956,28400000,14400000,13200000
Cer(d18:0_18:0),4520510.47,4026313.332,3554523.089,23600000,13800000,12800000
Cer(d18:0_22:0),2410188.034,7481108.213,11100000,56400000,32400000,9532369.187
Cer(d18:0_24:0),8800365.531,10100000,12500000,38100000,2.50E+07,8917168.64
Cer(d18:0_24:1),20500000,31400000,44500000,1.25E+08,68700000,62900000
Cer(d18:1_16:0),7.93E+08,1.02E+09,9.58E+08,3.74E+09,2.53E+09,2.33E+09
Cer(d18:1_16:0+O),20600000,11300000,8488694.595,1.47E+08,78500000,70400000
Cer(d18:1_16:1),36900000,13900000,1864287.112,5.11E+08,2.84E+08,2.18E+08
Cer(d18:1_18:0),15500000,36200000,25700000,4.65E+08,2.99E+08,2.68E+08
Cer(d18:1_20:0),5829086.278,13300000,2519828.209,56300000,49500000,49200000
Cer(d18:1_22:0),37100000,8.10E+07,73100000,3.65E+08,2.52E+08,2.15E+08
Cer(d18:1_22:1),8191436.278,5473679.088,4102146.247,91400000,56900000,59100000
Cer(d18:1_24:0),1.20E+08,3.09E+08,2.64E+08,8.87E+08,6.00E+08,2.77E+08
Cer(d18:1_24:1),3.16E+08,4.37E+08,4.68E+08,1.74E+09,1.18E+09,5.51E+08
Cer(d18:1_26:0),1489863.024,9428890.461,7349854.641,23700000,17200000,5028725.134
Cer(d18:1_26:1),9842161.137,15600000,17500000,56200000,43200000,32400000
Cer(d18:2_14:0),564121.123,0,568430.194,5253523.151,4392628.346,3417554.444
Cer(d18:2_16:0),13800000,12600000,18100000,95500000,78800000,81300000
Cer(d18:2_16:0+O),1803626.276,1180319.722,1167373.566,25700000,15200000,12400000
Cer(d18:2_16:1),1975450.598,2987806.645,4461529.197,64300000,44400000,37100000
Cer(d18:2_18:0),1714359.812,0,0,15700000,9016810.641,9093926.15
Cer(d18:2_22:0),9162234.936,5895012.588,4463885.583,68800000,53700000,42200000
Cer(d18:2_24:0),59200000,1.03E+08,1.10E+08,3.21E+08,2.24E+08,1.26E+08
Cer(d18:2_24:1),57300000,58800000,40800000,4.64E+08,3.38E+08,2.79E+08
Cer(d20:0_18:0),14100000,96700000,43500000,1.08E+08,83600000,1.07E+08
Cer(d28:0),35400000,48700000,59600000,50500000,49600000,71600000
Cer(d30:0),2.02E+08,58200000,2.98E+08,1.28E+08,1.29E+08,1.73E+08
Cer(d32:0),3.38E+08,4.69E+08,7.58E+08,3.93E+08,4.06E+08,4.84E+08
Cer(d34:0),44600000,1.35E+08,1.22E+08,1.81E+08,2.01E+08,2.30E+08
Cer(d36:1+O),0,0,0,3361793.389,2046857.959,932853.92
Cer(d36:2),4435981.626,3152777.493,1.20E+07,9942759.634,4574367.649,2595802.164
Cer(d38:1),6486635.374,7706208.825,4899436.872,1.40E+08,86400000,85100000
Cer(d38:2),302895.126,5554434.113,751191.8238,24500000,15500000,0
Cer(d40:1),68400000,1.33E+08,1.21E+08,6.58E+08,4.17E+08,3.94E+08
Cer(d40:3),866909.253,0,0,5826762.578,0,1856648.547
Cer(d42:1),1.91E+08,4.20E+08,4.03E+08,1.49E+09,1.01E+09,4.31E+08
Cer(d42:2),4.73E+08,7.52E+08,7.87E+08,2.83E+09,1.95E+09,8.87E+08
Cer(d42:3),1.12E+08,88500000,63200000,7.94E+08,5.45E+08,5.38E+08
Cer(d44:2),9854234.931,18900000,18600000,68900000,52500000,40500000
Cer(d44:3),4597163.684,9941896.246,10600000,24900000,17500000,18800000
Cer(t16:0_16:1),0,0,0,6444225.355,5755534.267,5399114.846
Cer(t18:0_16:0),3.13E+08,2.53E+08,1.56E+08,1.53E+09,1.08E+09,1.03E+09
Cer(t18:0_18:0),18900000,38500000,35600000,2.02E+08,1.31E+08,1.27E+08
Cer(t18:0_20:0),5829086.278,13300000,2519828.209,56300000,49500000,49200000
Cer(t18:0_22:0),37100000,8.10E+07,73100000,3.65E+08,2.52E+08,2.15E+08
Cer(t18:0_24:0),1.20E+08,2.76E+08,2.59E+08,8.81E+08,6.01E+08,2.77E+08
Cer(t18:0_24:1),3.11E+08,4.52E+08,4.86E+08,1.68E+09,1.17E+09,5.49E+08
Cer(t18:1_16:0),20600000,11300000,15700000,1.47E+08,78500000,67900000
Cer(t18:1_16:1),1975450.598,2987806.645,4461529.197,64300000,44400000,37100000
Cer(t18:1_22:0),9162234.936,6766264.612,5540124.352,68800000,53700000,42200000
Cer(t18:1_24:0),59200000,1.02E+08,1.13E+08,2.54E+08,2.24E+08,1.27E+08
Cer(t18:1_24:1),75900000,1.24E+08,40800000,4.65E+08,3.38E+08,3.22E+08
Cer(t20:0_26:0),2779499.441,4886601.527,4474284.715,4740693.537,3224503.305,1075031.505
Cer(t34:0),32100000,49300000,50300000,47700000,45800000,54800000
Cer(t36:0),6324603.324,4030499.67,5477064.525,15600000,31600000,2.30E+07
ChE(),2991990.014,2.80E+08,2.93E+08,2.02E+09,1.55E+09,2.24E+09
ChE(18:1),0,18100000,23600000,1.77E+08,1.39E+08,1.79E+08
ChE(20:4),657681.06,39400000,54900000,1.06E+08,99200000,1.25E+08
ChE(20:5),0,17100000,19400000,36200000,25900000,31400000
ChE(22:6),807279.519,98300000,1.04E+08,2.66E+08,2.24E+08,2.88E+08
Co(Q10),2988277.079,52700000,59800000,1.54E+08,95700000,44600000
Co(Q9),41600000,3.15E+08,3.59E+08,9.00E+08,8.07E+08,3.83E+08
DG(16:0_14:0),15500000,1708890.851,3865691.909,1.40E+07,19400000,17600000
DG(16:0_16:0),9006516.65,17700000,26500000,95100000,86100000,89600000
DG(16:0_16:1),21200000,9007771.069,16100000,1.43E+08,1.50E+08,1.86E+08
DG(16:0_18:1),90600000,29500000,30600000,2.24E+08,2.04E+08,2.41E+08
DG(16:0_22:6),1.57E+08,6631990.569,12600000,74100000,58500000,4.00E+07
DG(16:1_14:0),3276523.419,0,0,12800000,18800000,7383027.571
DG(16:1_18:1),7831931.273,6380906.67,12200000,2.15E+08,2.08E+08,2.41E+08
DG(18:0_18:0),33500000,50600000,50600000,68800000,57700000,28100000
DG(18:0_18:2),3.39E+08,2892514.863,2130511.622,6881737.738,13600000,1.60E+07
DG(18:0_20:3),24200000,37300000,26200000,3.36E+08,2.20E+08,1.56E+08
DG(18:0_20:4),2.12E+08,95400000,1.46E+08,1.74E+09,1.19E+09,4.51E+08
DG(18:0_20:5),2052567.703,4044414.832,1671458.23,98500000,57800000,1.30E+07
DG(18:0_22:3),4447837.812,7312804.383,12800000,25700000,17600000,12200000
DG(18:0_22:5),26700000,15800000,12200000,1.98E+08,1.31E+08,53200000
DG(18:0e),0,0,0,378683.324,291682.129,1171278.356
DG(18:1_18:1),58100000,16800000,24600000,2.32E+08,2.04E+08,1.56E+08
DG(18:1_20:3),2135903.475,6630264.091,10300000,1.15E+08,87700000,64700000
DG(18:1_20:4),14500000,16700000,34400000,3.77E+08,2.97E+08,2.64E+08
DG(18:1_22:6),7549977.455,10200000,9196191.577,83100000,61800000,42800000
DG(20:0e),0,0,0,1120385.267,1557025.409,2625295.886
DG(22:2e),0,0,0,0,0,0
DG(24:0e),0,0,360916.191,1.10E+07,12100000,10200000
DG(24:1e),0,0,0,1078166.638,2814824.585,2324398.214
DG(24:2e),0,369577.549,418563.075,1203778.285,1474435.102,0
DG(26:0e),0,2581389.811,1978087.637,48800000,58400000,37800000
DG(26:1e),0,0,307023.67,14800000,21200000,12400000
DG(28:0e),0,13400000,17900000,2.23E+08,3.35E+08,2.18E+08
DG(28:1e),0,4871321.333,5621060.308,1.14E+08,1.50E+08,1.01E+08
DG(28:2e),0,3615504.584,7255584.023,29300000,30100000,27400000
DG(28:3e),0,2581361.485,1979053.692,48700000,58700000,37700000
DG(30:1e),24600000,38300000,41500000,5.01E+08,8.22E+08,6.04E+08
DG(30:2e),659061.538,37700000,41700000,1.51E+08,1.62E+08,2.29E+08
DG(30:3e),0,13600000,18100000,2.24E+08,3.45E+08,2.22E+08
DG(32:0e),8.10E+07,2.54E+08,2.92E+08,1.17E+09,1.03E+09,1.34E+09
DG(32:1e),8180505.704,1.54E+08,2.11E+08,9.21E+08,1.11E+09,1.29E+09
DG(32:2e),4279730.619,92400000,95600000,3.50E+08,4.17E+08,5.48E+08
DG(32:3e),53800000,1.26E+08,1.70E+08,9.03E+08,1.06E+09,1.35E+09
DG(34:0e),1.90E+08,3.36E+08,3.10E+08,2.87E+08,2.94E+08,2.73E+08
DG(34:1e),7862742.906,1.93E+08,2.19E+08,9.10E+08,7.43E+08,8.92E+08
DG(34:2e),486347.715,25200000,34400000,89200000,71700000,98300000
DG(34:3e),7443336.228,2.53E+08,2.94E+08,2.50E+09,1.10E+09,1.25E+09
DG(34:4e),5153307.266,1.54E+08,2.10E+08,9.24E+08,1.09E+09,1.54E+09
DG(36:1e),0.418,13200000,15400000,50300000,50300000,53800000
DG(36:4e),7862742.906,1.93E+08,2.19E+08,9.10E+08,7.43E+08,8.92E+08
DG(38:1e),0,2542296.016,2884393.915,14500000,8586604.651,12900000
DG(38:2e),11800000,4065787.201,3461426.837,19500000,9921184.801,9815872.703
DG(38:4e),37100000,32200000,42900000,1.57E+08,1.30E+08,1.30E+08
DG(40:1e),0,1921486.157,1391360.342,7246353.994,4420672.119,7597510.903
Hex1Cer(d18:1_16:0),7.03E+08,5.91E+08,6.20E+08,6.53E+08,5.72E+08,5.57E+08
Hex1Cer(d18:1_18:0),29500000,41100000,21100000,48100000,40300000,31300000
Hex1Cer(d18:1_22:0),47800000,79500000,74400000,87900000,80900000,60400000
Hex1Cer(d18:1_24:1),2.89E+08,1.94E+08,1.59E+08,4.73E+08,3.94E+08,4.11E+08
Hex1Cer(d18:2_16:1),633218.1975,2345158.757,1110180.067,5317229.825,5752680.735,6162970.272
Hex1Cer(d18:2_24:1),13300000,12500000,14600000,27200000,25100000,28900000
Hex1Cer(d22:1_18:1),0,0,0,0,0,0
Hex1Cer(d34:0),9548555.27,13200000,15900000,6619936.093,6053649.145,4234494.779
Hex1Cer(d34:1),5.50E+08,4.47E+08,2.37E+08,5.23E+08,4.28E+08,4.14E+08
Hex1Cer(d40:1),28300000,41800000,48700000,5.20E+07,46700000,23300000
Hex1Cer(d42:2),1.81E+08,3.24E+08,1.52E+08,4.42E+08,3.73E+08,3.70E+08
Hex1Cer(d44:2),2309122.454,4574224.686,4165587.098,7739338.582,8778881.955,6490033.873
Hex1Cer(t18:0_22:0),25400000,35800000,21700000,87900000,80900000,60400000
Hex1Cer(t18:0_24:0),1.91E+08,3.56E+08,3.43E+08,3.58E+08,3.22E+08,2.26E+08
Hex1Cer(t18:1_16:1),633218.1975,2345158.757,1110180.067,5316125.287,5752680.735,6162970.272
Hex1Cer(t34:1),16500000,19600000,21400000,46500000,33300000,28600000
Hex2Cer(d18:1_16:0),78200000,93700000,1.42E+08,1.15E+08,91500000,75500000
Hex2Cer(d18:1_22:0),5999917.306,5330542.401,15500000,23400000,15400000,14500000
Hex2Cer(d18:1_24:0),35700000,74300000,54600000,76700000,50400000,3.60E+07
Hex2Cer(d18:1_24:1),73100000,29900000,20300000,1.35E+08,95500000,62500000
Hex2Cer(d34:1),21500000,28700000,27200000,38500000,29600000,23700000
Hex2Cer(d42:1),7286712.806,21700000,17500000,2.80E+07,22500000,14200000
Hex2Cer(d42:2),19300000,7365706.616,1.00E+07,45600000,39700000,34200000
Hex2Cer(t18:0_24:0),35700000,74300000,54600000,76700000,50400000,3.60E+07
Hex2Cer(t18:0_24:1),73100000,65100000,66800000,1.23E+08,95500000,62100000
LPC(16:0),1.13E+09,1.57E+09,1.97E+09,5.25E+09,4.60E+09,4.51E+09
LPC(16:0e),1.90E+07,22700000,27700000,38300000,42400000,46200000
LPC(16:1),76100000,1.02E+08,1.27E+08,2.61E+08,2.50E+08,2.47E+08
LPC(16:1e),17200000,24700000,30900000,80100000,89700000,69800000
LPC(16:2e),7105895.478,4820629.328,7624948.331,20100000,19600000,2.20E+07
LPC(18:0),1.29E+09,2.30E+09,2.75E+09,6.63E+09,5.68E+09,5.20E+09
LPC(18:0e),7782528.601,1.40E+07,14200000,25800000,24500000,24100000
LPC(18:1),3.82E+08,7.76E+08,8.91E+08,1.54E+09,1.42E+09,1.30E+09
LPC(18:1e),17700000,24300000,3.60E+07,41100000,34800000,34600000
LPC(18:2e),937781.197,7880890.265,7647870.395,23800000,19800000,1.70E+07
LPC(20:0),19500000,27400000,31500000,64100000,59700000,57700000
LPC(20:0e),5067002.559,13500000,16500000,40600000,32800000,32400000
LPC(20:1),5.10E+07,88800000,97100000,1.67E+08,1.36E+08,1.56E+08
LPC(20:2),7227521.225,19700000,2.60E+07,11900000,11800000,27900000
LPC(20:4),71100000,1.02E+08,1.61E+08,71900000,70600000,6.40E+07
LPC(20:5),0,0,0,8276504.988,11200000,10900000
LPC(22:0),20500000,20800000,22500000,50200000,48700000,43900000
LPC(22:1),13100000,24100000,26500000,75500000,43400000,56400000
LPC(22:5),9.10E+07,1.15E+08,1.33E+08,80600000,6.60E+07,70100000
LPC(22:6),93200000,1.27E+08,1.52E+08,74600000,53400000,71500000
LPC(24:0),74900000,1.09E+08,1.25E+08,2.95E+08,2.39E+08,2.35E+08
LPC(24:1),52600000,58100000,68700000,1.93E+08,1.46E+08,1.30E+08
LPC(24:2),1583656.439,2181295.434,6257626.039,16300000,11400000,11900000
LPC(26:1),14500000,28600000,14200000,82200000,77400000,61300000
LPE(16:0),19300000,26200000,31800000,87300000,80500000,78700000
LPE(18:0),90700000,1.13E+08,1.27E+08,2.28E+08,2.26E+08,2.17E+08
LPE(18:1),22600000,28800000,35400000,66700000,65700000,64500000
LPE(18:2e),1672069.69,9490890.984,4037018.956,45600000,4.40E+07,42300000
LPE(20:3),412794.892,3079749.334,1996897.467,3002180.067,2898063.012,2367938.922
LPE(22:6),7486716.099,16600000,29900000,13900000,16400000,12700000
LSM(d20:0),1.92E+08,8582749.529,1.50E+07,17700000,24300000,58300000
PC(14:0_14:0),21900000,31400000,35600000,25900000,27400000,26700000
PC(14:0_20:5),5596494.025,5091314.733,8314531.388,10600000,8765720.996,7530959.128
PC(14:0_22:4),1.73E+09,1.80E+09,1.87E+09,1.69E+09,2.14E+09,1.74E+09
PC(14:1e_16:0),6921409.663,58600000,6313501.83,1.69E+08,1.62E+08,1.69E+08
PC(14:1e_18:0),1.91E+08,1.21E+08,1.78E+08,1.58E+09,1.28E+09,1.17E+09
PC(14:1e_20:4),17200000,21200000,2.40E+07,1.58E+08,1.51E+08,1.43E+08
PC(16:0_14:0),3.84E+08,5.13E+08,5.80E+08,5.95E+08,6.13E+08,6.00E+08
PC(16:0_16:0),9.26E+08,1.40E+09,1.50E+09,2.01E+09,2.14E+09,1.99E+09
PC(16:0_16:1),1.23E+09,1.80E+09,2.24E+09,3.26E+09,3.30E+09,3.20E+09
PC(16:0_18:1),2.13E+09,3.28E+09,3.82E+09,4.46E+09,4.53E+09,4.54E+09
PC(16:0_20:3),1.53E+08,54800000,3.85E+08,2.33E+08,2.33E+08,2.30E+08
PC(16:0_20:4),3.85E+08,5.64E+08,6.67E+08,8.23E+08,6.65E+08,7.22E+08
PC(16:0_20:5),5.40E+07,1.35E+08,1.69E+08,5.40E+08,3.85E+08,3.93E+08
PC(16:0_22:1),27900000,46900000,15500000,81100000,75800000,7.20E+07
PC(16:0_22:5),1.06E+09,9.03E+08,8.78E+08,6.59E+08,7.73E+08,8.23E+08
PC(16:0_24:0),2321946.389,21400000,25400000,67600000,60700000,24400000
PC(16:0e_22:3),4378286.561,7548797.127,7783612.261,27400000,28300000,22600000
PC(16:0e_22:6),3724822.365,11800000,5319723.186,37200000,21100000,24700000
PC(16:1_14:0),1.15E+08,1.51E+08,1.71E+08,2.09E+08,2.27E+08,2.29E+08
PC(16:1_18:1),4.11E+08,6.76E+08,6.89E+08,1.85E+09,1.96E+09,3.75E+08
PC(16:1_20:4),6.00E+07,98800000,2.50E+07,1.74E+08,1.70E+08,63100000
PC(16:1_22:6),1.38E+08,2.07E+08,6.30E+08,6.26E+08,5.67E+08,5.18E+08
PC(16:1e_18:0),1.33E+08,3.57E+08,4.86E+08,6.52E+08,5.12E+08,5.25E+08
PC(16:1e_18:1),3.60E+08,6.56E+08,7.88E+08,1.36E+09,1.43E+09,1.43E+09
PC(16:1e_20:4),20400000,30200000,35500000,1.12E+08,88100000,80300000
PC(16:2e_22:3),5824622.576,622843.5378,454022.9139,27300000,22200000,0
PC(18:0_16:0),1.38E+08,89200000,80600000,3.56E+08,3.24E+08,3.09E+08
PC(18:0_20:4),3.25E+08,5.22E+08,6.27E+08,9.30E+08,7.89E+08,7.26E+08
PC(18:0_22:2),16400000,5425662.222,33500000,37100000,37600000,1213057.487
PC(18:0_22:3),52800000,2.22E+08,8.90E+07,2.47E+08,6.22E+08,5.46E+08
PC(18:0_22:5),1.11E+08,57200000,55400000,2.51E+08,2.27E+08,2.09E+08
PC(18:0e_16:0),5509856.316,6989986.887,7230225.388,11300000,8382182.66,10300000
PC(18:1_14:1),97300000,37900000,25700000,2.43E+08,1.54E+08,1.44E+08
PC(18:1_18:1),9.19E+08,5.85E+08,5.76E+08,2.35E+09,2.40E+09,2.33E+09
PC(18:1_18:2),1.81E+08,3.66E+08,5.12E+08,7.64E+08,7.42E+08,7.07E+08
PC(18:1_20:4),3.32E+08,3.48E+08,3.70E+08,6.89E+08,6.15E+08,6.18E+08
PC(18:1_22:4),32500000,2064779.621,1490887.275,57900000,51900000,49500000
PC(18:1_22:6),2.37E+09,1.02E+09,1.44E+09,4.28E+09,4.43E+09,4.21E+09
PC(18:1_24:0),4507737.404,14300000,14700000,17800000,15400000,21200000
PC(18:1e_20:4),94300000,1.71E+08,2.00E+08,1.24E+08,1.03E+08,84700000
PC(18:1e_22:5),16300000,32300000,38300000,23500000,20100000,19700000
PC(18:1e_22:6),18900000,20900000,18400000,14600000,17700000,14900000
PC(18:2e_18:0),1.76E+08,2.90E+08,4.04E+08,1.21E+09,1.01E+09,1.25E+09
PC(18:2e_20:4),2.80E+07,4876341.258,9893295.615,1.03E+08,82100000,72800000
PC(18:3e_18:0),2.15E+08,4.33E+08,5.08E+08,7.73E+08,6.87E+08,6.45E+08
PC(20:1_18:1),9279442.641,16100000,12700000,1.26E+08,1.20E+08,1.27E+08
PC(20:1e_18:1),6874504.044,11100000,13700000,12400000,14400000,1.50E+07
PC(20:3_22:1),17500000,33600000,22200000,35200000,23500000,24700000
PC(20:4e_18:0),7.50E+07,1.66E+08,1.52E+08,4.80E+08,4.48E+08,3.96E+08
PC(22:5_20:4),2287550.634,4151778.91,1584085.143,5726086.531,6322195.984,5551469.962
PC(24:1_18:2),1144391.373,9906697.796,4268030.896,16200000,12900000,16300000
PC(26:2e),2209865.011,1901720.294,781203.5532,11700000,6857657.998,9566959.939
PC(28:0),4.52E+08,6.08E+08,6.95E+08,5.48E+08,6.70E+08,4.86E+08
PC(28:2),6687891.892,13200000,13500000,1694823.221,1588285.33,1606156.146
PC(30:0),8.07E+09,1.22E+10,1.38E+10,1.34E+10,1.40E+10,1.38E+10
PC(30:0e),1.61E+08,1.19E+08,1.69E+08,3.79E+08,3.57E+08,3.39E+08
PC(30:2),93900000,1.06E+08,1.24E+08,66600000,82400000,68600000
PC(30:3),11300000,6493628.57,7447724.804,21600000,17500000,16900000
PC(32:0),1.99E+10,2.59E+10,2.64E+10,3.45E+10,3.43E+10,3.10E+10
PC(32:0e),5.61E+08,1.02E+09,1.20E+09,1.88E+09,1.64E+09,1.59E+09
PC(32:1),3.40E+10,5.10E+10,5.70E+10,8.36E+10,8.22E+10,8.22E+10
PC(32:1e),1.02E+09,5.37E+08,2.11E+09,2.48E+09,2.35E+09,2.12E+09
PC(32:3),2.75E+08,3.73E+08,4.33E+08,5.53E+08,5.67E+08,4.90E+08
PC(34:0e),33900000,64800000,52900000,2.58E+08,2.41E+08,9.00E+07
PC(34:1),4.87E+10,6.78E+10,7.11E+10,8.35E+10,8.38E+10,8.10E+10
PC(34:1e),3.90E+09,7.57E+09,9.13E+09,1.18E+10,1.00E+10,9.71E+09
PC(34:3),7.16E+08,1.17E+09,1.43E+09,2.97E+09,3.28E+09,2.97E+09
PC(36:0),29800000,71600000,57200000,3.83E+08,3.27E+08,3.46E+08
PC(36:0e),13100000,9397494.445,9996385.072,55800000,41100000,15100000
PC(36:1),9.98E+09,5.69E+09,5.72E+09,4.63E+10,4.03E+10,3.28E+10
PC(36:1e),1.18E+08,7524899.535,2.43E+08,3.33E+08,2.74E+08,2.26E+08
PC(36:2),2.51E+10,1.02E+10,1.47E+10,4.70E+10,4.92E+10,4.75E+10
PC(36:3),1.85E+09,3.14E+09,3.96E+09,9.59E+09,1.01E+10,9.14E+09
PC(36:4),1.04E+10,1.55E+10,1.75E+10,2.03E+10,1.67E+10,1.66E+10
PC(36:4e),5.02E+08,8.17E+08,8.97E+08,9.64E+08,9.83E+08,7.60E+08
PC(36:5),1.98E+09,3.26E+09,3.77E+09,1.08E+10,9.91E+09,9.14E+09
PC(36:5e),6.06E+08,1.11E+09,1.32E+09,2.99E+09,2.48E+09,2.41E+09
PC(36:6e),89500000,1.51E+08,90200000,6.75E+08,5.32E+08,5.43E+08
PC(38:0),23600000,55600000,1.18E+08,19600000,6.80E+07,92400000
PC(38:1),4.62E+08,2.08E+08,9.78E+08,1.54E+09,1.36E+09,1.37E+09
PC(38:2e),6304093.467,9754844.748,10400000,27300000,23900000,23600000
PC(38:3),1.52E+09,1.06E+09,9.76E+08,5.03E+09,4.63E+09,4.27E+09
PC(38:3e),10800000,7.50E+07,25500000,9.90E+07,73600000,80300000
PC(38:4),7.34E+09,1.31E+10,1.58E+10,2.21E+10,1.81E+10,1.71E+10
PC(38:5),1.19E+10,1.71E+10,1.92E+10,2.15E+10,1.95E+10,1.89E+10
PC(38:5e),1.14E+09,2.08E+09,9.47E+08,3.22E+09,2.67E+09,2.63E+09
PC(38:6),3.65E+09,2.80E+09,4.12E+09,8.41E+09,8.10E+09,7.64E+09
PC(38:6e),4.77E+08,2.91E+08,2.78E+08,2.68E+09,2.09E+09,2.08E+09
PC(38:7),6.31E+08,8.67E+08,9.79E+08,1.62E+09,1.65E+09,1.31E+09
PC(38:7e),80300000,2.78E+08,2.23E+08,9.03E+08,7.94E+08,7.07E+08
PC(38:8e),19600000,40900000,23700000,1.04E+08,76400000,1.29E+08
PC(40:0),42400000,1.31E+08,1.26E+08,1.11E+08,1.14E+08,79900000
PC(40:2),2.83E+08,5.21E+08,1.32E+08,7.22E+08,6.99E+08,6.89E+08
PC(40:3),1.97E+08,3.29E+08,3.58E+08,4.87E+08,4.03E+08,3.87E+08
PC(40:4),3.99E+08,7.40E+08,1.89E+08,1.23E+09,1.06E+09,1.08E+09
PC(40:5),2.51E+09,4.46E+09,5.43E+09,6.61E+09,5.64E+09,5.51E+09
PC(40:6),2.67E+09,4.07E+09,4.64E+09,4.80E+09,4.50E+09,4.24E+09
PC(40:6e),3.34E+08,2.23E+08,3.12E+08,8.30E+08,6.93E+08,5.67E+08
PC(40:7e),2.22E+08,3.04E+08,4.12E+08,5.49E+08,5.84E+08,5.81E+08
PC(40:8),1.46E+08,19300000,30300000,3.07E+08,2.81E+08,2.54E+08
PC(40:8e),35700000,5.30E+07,83500000,3.33E+08,3.19E+08,2.88E+08
PC(42:11),6025501.221,8943452.758,10200000,17200000,17400000,1.60E+07
PC(42:2),1.31E+08,2.40E+08,2.73E+08,2.99E+08,2.90E+08,2.68E+08
PC(42:3),75600000,1.24E+08,32100000,2.00E+08,1.72E+08,27300000
PC(42:4),25600000,37600000,49700000,2.15E+08,1.80E+08,2.06E+08
PC(42:4e),29300000,48100000,51500000,96300000,72300000,71100000
PC(42:5e),24700000,26800000,40100000,2.54E+08,2.08E+08,2.11E+08
PC(42:6),1.54E+08,3.18E+08,98800000,4.94E+08,4.76E+08,4.17E+08
PC(42:7),1.22E+08,96200000,68900000,2.72E+08,2.79E+08,2.37E+08
PC(42:7e),25200000,20300000,16900000,95100000,89300000,79100000
PC(44:10),17900000,22800000,29700000,26300000,28700000,26300000
PC(44:4),8836781.237,16300000,24700000,51400000,50800000,9690867.145
PC(44:5),36100000,1.70E+07,17200000,1.18E+08,1.06E+08,90600000
PC(44:5e),11500000,26800000,32700000,55300000,42900000,39400000
PC(44:6),7863487.863,25200000,19800000,15300000,82400000,10300000
PC(44:7),5576382.496,71400000,14900000,1.00E+08,70100000,5.90E+07
PE(14:0_20:5),0,0,582703.138,1006254.522,2508173.614,2116891.856
PE(14:0_22:6),17400000,6957186.743,7290888.739,20700000,28800000,25100000
PE(14:1e_20:4),2631790.412,3693086.442,1277103.648,6179808.853,7500715.173,7003732.871
PE(16:0_16:0),51400000,59800000,67300000,84200000,82300000,64300000
PE(16:0_16:1),20700000,9.40E+07,3.78E+08,7.40E+08,1.02E+09,9.41E+08
PE(16:0_18:1),1.47E+09,1.88E+09,2.12E+09,2.29E+09,2.66E+09,2.01E+09
PE(16:0_20:4),1.60E+08,1.89E+08,1.64E+08,1.97E+09,2.14E+09,1.67E+09
PE(16:0_20:5),85300000,58200000,1.58E+08,3.81E+08,3.60E+08,3.87E+08
PE(16:0_22:6),2.19E+09,1.30E+09,2.65E+09,2.75E+09,2.89E+09,3.37E+09
PE(16:0e),19300000,26200000,31800000,87300000,80500000,78700000
PE(16:0e_18:1),56300000,89800000,86500000,3.54E+08,3.47E+08,3.31E+08
PE(16:0e_22:5),5.90E+08,4.99E+08,7.56E+08,3.52E+09,3.56E+09,3.24E+09
PE(16:0p_18:1),7.94E+08,1.07E+09,2.95E+08,1.11E+09,1.10E+09,1.05E+09
PE(16:0p_20:1),1.67E+08,2.27E+08,2.35E+08,2.35E+08,2.09E+08,2.25E+08
PE(16:0p_20:3),52300000,2.25E+08,75200000,3.54E+08,3.47E+08,3.31E+08
PE(16:0p_20:4),1.26E+09,1.65E+09,1.78E+09,3.23E+09,2.92E+09,2.86E+09
PE(16:0p_20:5),2.46E+08,2.46E+08,2.47E+08,2.01E+09,2.08E+09,2.07E+09
PE(16:0p_22:1),5.60E+07,6.90E+07,71200000,62500000,53800000,47100000
PE(16:1_16:1),5822137.471,15900000,6350017.852,1.78E+08,2.32E+08,2.35E+08
PE(16:1_18:1),52600000,92600000,30400000,1.74E+09,1.97E+09,1.88E+09
PE(16:1_20:4),62400000,41200000,99200000,2.38E+08,2.23E+08,2.55E+08
PE(16:1_20:5),7916499.232,9595080.456,8954497.721,52200000,60500000,66800000
PE(16:1_22:6),1.04E+08,1.38E+08,54800000,2.07E+08,2.42E+08,2.32E+08
PE(16:1e_16:0),4894008.02,6156809.5,3135159.925,7545190.634,7049032.586,6723343.052
PE(16:1e_20:3),77300000,2.25E+08,75200000,3.54E+08,3.47E+08,3.31E+08
PE(16:1e_20:4),2.53E+08,4.79E+08,1.63E+08,8.00E+08,7.50E+08,7.25E+08
PE(16:1e_22:3),48700000,26600000,19900000,2.31E+08,2.23E+08,83800000
PE(16:1e_22:4),4.86E+08,1.87E+08,6.83E+08,8.24E+08,7.82E+08,1.11E+09
PE(16:1e_22:6),1.16E+08,1.22E+08,1.85E+08,6.02E+08,5.94E+08,5.62E+08
PE(18:0_18:0),7.91E+08,3.17E+08,1.19E+09,1.05E+09,1.01E+09,8.70E+08
PE(18:0_18:1),1.28E+09,4.20E+09,4.50E+09,5.59E+09,5.19E+09,4.74E+09
PE(18:0_20:1),3.64E+08,1.18E+08,5.45E+08,5.06E+08,4.13E+08,2.88E+08
PE(18:0_20:2),1.29E+09,1.92E+09,6.32E+08,1.65E+09,1.53E+09,1.52E+09
PE(18:0_20:3),1.86E+09,8.66E+08,7.81E+08,2.57E+09,2.30E+09,2.23E+09
PE(18:0_20:4),8.21E+08,4.20E+09,1.32E+09,5.59E+09,5.19E+09,4.74E+09
PE(18:0_20:5),4.63E+08,2.27E+08,2.25E+08,1.33E+09,1.16E+09,1.19E+09
PE(18:0_22:4),3.64E+08,1.80E+08,5.23E+08,5.02E+08,4.13E+08,2.88E+08
PE(18:0_22:5),1.29E+09,1.92E+09,6.32E+08,1.66E+09,1.53E+09,1.52E+09
PE(18:0_22:6),1.86E+09,2.49E+09,7.74E+08,2.55E+09,2.30E+09,2.23E+09
PE(18:0e),90700000,1.13E+08,1.27E+08,2.28E+08,2.26E+08,2.17E+08
PE(18:0p_20:4),1.38E+08,6.41E+08,2.19E+08,1.16E+09,1.01E+09,1.03E+09
PE(18:0p_20:5),33600000,24100000,1.80E+07,4.81E+08,4.71E+08,4.46E+08
PE(18:1_18:1),7.78E+08,8.89E+08,1.17E+09,3.43E+09,4.26E+09,3.25E+09
PE(18:1_18:2),1.47E+08,88100000,76600000,5.13E+08,5.07E+08,4.91E+08
PE(18:1_20:3),2.11E+09,1.17E+09,1.23E+09,3.02E+09,3.02E+09,2.70E+09
PE(18:1_20:4),2.38E+09,3.49E+09,1.25E+09,3.45E+09,3.45E+09,3.35E+09
PE(18:1_20:5),1.33E+08,1.72E+08,76600000,5.04E+08,4.94E+08,4.84E+08
PE(18:1_22:1),2567559.613,4179268.417,75200000,1756337.16,46400000,27700000
PE(18:1_22:3),6320785.008,7230645.208,21300000,27500000,25700000,2.50E+07
PE(18:1_22:5),7.23E+08,4.73E+08,50700000,8.44E+08,9.69E+08,8.66E+08
PE(18:1_22:6),2.13E+09,2.63E+09,2.88E+09,3.03E+09,3.02E+09,3.03E+09
PE(18:1_24:1),37600000,51800000,45300000,24300000,20400000,1.70E+07
PE(18:1e),22600000,28600000,41900000,67100000,67800000,68100000
PE(18:1e_18:1),4.43E+08,6.38E+08,7.12E+08,1.16E+09,1.01E+09,1.04E+09
PE(18:1e_20:4),1.26E+08,1.99E+08,2.20E+08,3.58E+08,3.21E+08,3.40E+08
PE(18:1e_22:5),3.46E+08,52800000,6897648.96,4.65E+08,3.07E+08,4.37E+08
PE(18:1e_22:6),85600000,1.32E+08,1.26E+08,1.73E+08,1.69E+08,1.78E+08
PE(18:1p_18:1),1.71E+08,2.16E+08,2.73E+08,1.28E+09,1.21E+09,1.04E+09
PE(18:1p_20:1),86900000,1.44E+08,1.73E+08,1.60E+08,1.44E+08,1.44E+08
PE(18:1p_20:2),1.44E+08,2.18E+08,2.26E+08,2.39E+08,5.35E+08,2.25E+08
PE(18:1p_20:3),4.83E+08,1.87E+08,6.83E+08,8.25E+08,7.55E+08,1.11E+09
PE(18:1p_20:4),7.58E+08,9.50E+08,7.16E+08,6.06E+09,5.56E+09,5.35E+09
PE(18:1p_22:5),1.35E+09,1.39E+09,6.15E+08,1.29E+09,1.29E+09,1.26E+09
PE(18:1p_22:6),5.05E+08,7.84E+08,7.56E+08,3.52E+09,3.56E+09,3.24E+09
PE(18:2_18:2),1.04E+08,1.40E+08,54800000,2.15E+08,2.56E+08,2.46E+08
PE(18:2e_16:0),2.21E+08,4.03E+08,4.37E+08,4.04E+08,4.03E+08,4.21E+08
PE(18:2e_16:1),20700000,13300000,14900000,1.13E+08,1.19E+08,66200000
PE(18:2e_18:1),2.04E+08,89600000,8.90E+07,4.11E+08,4.15E+08,4.20E+08
PE(18:2e_20:4),2.09E+08,3.17E+08,2.54E+08,1.74E+09,1.68E+09,1.63E+09
PE(18:2e_20:5),2.07E+08,2.92E+08,2.86E+08,1.12E+09,1.07E+09,1.00E+09
PE(18:2e_22:1),19400000,40100000,7517868.625,37200000,48100000,7621481.361
PE(18:2e_22:5),1.05E+08,1.52E+08,1.80E+08,4.50E+08,4.44E+08,4.24E+08
PE(18:2e_22:6),1.34E+08,1.54E+08,2.27E+08,9.19E+08,9.16E+08,8.68E+08
PE(20:1p_22:5),66500000,91800000,1.09E+08,1.36E+08,79900000,76200000
PE(20:3e),6654046.725,15700000,1.60E+07,14200000,16400000,12500000
PE(22:5e),12100000,18300000,1.40E+07,12400000,10800000,12600000
PE(32:1),4513167.18,0,0,3.40E+07,25900000,53200000
PE(32:2),0,487417.3275,293672.8074,12500000,26700000,20800000
PE(34:2e),7.97E+08,9.17E+08,9.63E+08,1.11E+09,1.10E+09,1.05E+09
PE(36:5e),30700000,40900000,38400000,1.08E+08,1.13E+08,1.01E+08
PE(38:0e),73100000,97500000,86400000,92900000,6223810.882,55100000
PE(38:4e),1.44E+08,6.50E+07,81500000,2.39E+08,5.35E+08,2.25E+08
PE(38:7),7379474.707,11300000,16800000,2.40E+07,30200000,24400000
PE(40:4),27100000,13600000,5.20E+07,4.60E+07,38400000,17500000
PE(40:5),1.26E+08,1.68E+08,1.98E+08,1.28E+08,1.12E+08,1.17E+08
PE(40:6),1.18E+08,1.56E+08,43300000,1.43E+08,1.19E+08,1.25E+08
PG(16:0_18:1),38800000,23500000,88100000,5.91E+08,5.46E+08,5.39E+08
PG(16:1_18:1),29600000,45700000,53600000,1.95E+08,1.77E+08,5.90E+07
PG(16:1_22:6),2326211.781,3391687.088,3061587.441,66200000,63400000,58300000
PG(18:0_18:1),5.30E+07,81700000,92300000,1.22E+08,89600000,1.12E+08
PG(18:1_18:1),4.54E+08,71900000,39800000,1.48E+09,1.39E+09,1.46E+09
PG(18:1_18:2),2.70E+07,40700000,48800000,91900000,86400000,79100000
PG(18:1_20:2),5435486.983,3964750.164,8626468.57,80900000,66800000,65700000
PG(18:1_20:3),4846473.832,3442270.867,3690874.838,34400000,26700000,2.60E+07
PG(18:1_22:5),30700000,16700000,65200000,1.70E+08,1.41E+08,1.02E+08
PG(18:1_22:6),1.19E+08,54500000,80800000,4.29E+08,4.83E+08,3.37E+08
PG(20:5_22:6),1191767.048,859863.1086,1924117.639,12700000,9066783.14,9363218.205
PG(22:5_22:5),1243145.023,1235142.667,1385565.96,1.10E+07,8074315.294,8456491.133
PG(22:5_22:6),7242407.59,4997108.27,4552088.284,81300000,66500000,56900000
PG(22:6_22:6),28500000,12800000,9947475.941,1.83E+08,1.46E+08,1.40E+08
PI(18:0_16:1),42400000,56500000,21200000,80900000,6.70E+07,77800000
PS(18:0_18:0),289108.1709,297807.921,297737.9943,2503468.861,4811131.484,6868142.71
PS(18:0_18:1),26800000,8810305.301,5051222.08,1.44E+08,1.67E+08,1.50E+08
PS(18:0_20:2),8980477.136,0,0,5012666.716,6764082.02,10700000
PS(18:0_20:3),73500000,1.02E+08,1.08E+08,1.03E+08,90600000,97300000
PS(18:0_20:4),19800000,26100000,27800000,85400000,1.09E+08,88300000
PS(18:0_22:5),1.08E+08,1.20E+08,46500000,3.72E+08,3.01E+08,2.75E+08
PS(18:0_22:6),83500000,25800000,1.20E+08,1.33E+08,1.20E+08,1.26E+08
PS(18:1_18:1),1120571.453,1091611.298,723141.9075,2981560.896,5058347.983,4896473.336
PS(18:1_22:6),41500000,58900000,56700000,49500000,50800000,49500000
PS(18:2_20:4),23900000,4022953.483,8011553.395,32400000,35400000,29900000
PS(18:2_22:6),22200000,27600000,28400000,25600000,24200000,23800000
PS(20:2_22:6),43400000,5.30E+07,59800000,45900000,45600000,43900000
PS(20:5_18:2),2530113.015,1417631.014,1887703.361,10200000,10600000,10200000
PS(38:7),2149985.999,884233.9371,3179599.881,5021413.938,5926404.72,5253591.234
PS(38:7e),16500000,9564543.219,6634168.109,23900000,26700000,24600000
PS(40:7e),12600000,3823864.746,5806700.507,27800000,24900000,25900000
PS(40:8e),8053700.201,9306630.225,11400000,56600000,54300000,50200000
PS(40:9e),2.90E+07,42600000,43200000,41600000,44100000,42900000
PS(42:7),35500000,41900000,47500000,32200000,32100000,40200000
PS(42:7e),7168367.523,9452311.926,8552238.909,8055167.121,1.70E+07,8622137.117
SM(d18:1_16:0),1.51E+10,2.07E+10,1.87E+10,2.45E+10,2.52E+10,2.58E+10
SM(d18:1_16:1),8.17E+08,1.02E+09,1.15E+09,1.88E+09,2.02E+09,1.89E+09
SM(d18:1_24:2),79300000,29900000,42800000,1.36E+08,1.14E+08,1.30E+08
SM(d18:2_18:2),7.39E+08,9.69E+08,9.44E+08,9.10E+08,8.94E+08,8.76E+08
SM(d20:1_16:1),2.50E+08,1.07E+08,3.34E+08,3.23E+08,4.02E+08,4.18E+08
SM(d30:2),2.97E+08,39400000,50700000,99300000,1.44E+08,1.97E+08
SM(d32:0),14300000,14900000,18100000,1.80E+07,24400000,18400000
SM(d32:1),4.54E+08,4.52E+08,4.94E+08,6.47E+08,6.63E+08,5.77E+08
SM(d34:0),8.54E+08,1.08E+09,1.20E+09,1.29E+09,1.22E+09,1.09E+09
SM(d34:1),9.97E+08,1.24E+09,1.52E+09,1.81E+09,1.79E+09,1.60E+09
SM(d36:2),35700000,36500000,39900000,24600000,23400000,27700000
SM(d38:1),1.24E+08,1.78E+08,2.27E+08,2.82E+08,2.68E+08,1.62E+08
SM(d38:2),16900000,31200000,32700000,1.32E+08,1.27E+08,1.13E+08
SM(d40:1),1.14E+08,1.40E+08,1.75E+08,8.95E+08,7.83E+08,5.38E+08
SM(d40:2),77200000,1.24E+08,1.26E+08,5.45E+08,5.40E+08,5.02E+08
SM(d42:1),5.04E+08,1.49E+09,1.33E+09,1.69E+09,1.63E+09,1.04E+09
SM(d42:2),3.57E+09,1.79E+09,2.35E+09,1.00E+10,9.21E+09,9.23E+09
SM(d42:3),3.59E+08,3.68E+08,6.18E+08,2.45E+09,2.53E+09,2.31E+09
SM(d42:4),36800000,85300000,20700000,1.28E+08,1.30E+08,98900000
SM(d44:1),3573149.479,23200000,26800000,1.82E+08,2.41E+08,1.35E+08
SM(d44:2),27800000,54500000,57700000,91700000,94400000,88500000
SM(d44:3),29600000,48100000,52800000,53600000,59100000,44100000
SM(d44:5),2.35E+08,5.11E+08,5.71E+08,7.41E+08,6.73E+08,6.82E+08
SM(d44:6),7215826.613,27500000,39700000,3.64E+08,3.70E+08,2.13E+08
SM(t32:1),17700000,16200000,16200000,3.40E+07,31900000,2.70E+07
SM(t34:0),58400000,92200000,80500000,1.06E+08,78600000,58600000
SM(t34:1),1.02E+09,1.15E+09,1.07E+09,1.97E+09,1.59E+09,1.29E+09
SM(t34:2),2.38E+08,2.00E+08,2.22E+08,2.86E+08,2.36E+08,2.93E+08
SM(t36:4),53200000,1.04E+08,1.09E+08,1.83E+08,1.51E+08,1.16E+08
SM(t42:6),1.26E+08,91300000,1.22E+08,3.07E+08,2.53E+08,2.18E+08
SPH(d20:1),1.76E+08,11800000,15800000,7961962.728,5534702.656,5767650.137
SPH(t20:0),57200000,28800000,25800000,9737169.074,4.40E+07,11600000
TG(12:0e_6:0_20:4),18100000,23600000,30700000,3.44E+08,2.24E+08,1.10E+08
TG(12:0e_6:0_22:5),681940.1424,1318676.555,2419720.8,31700000,11900000,9654003.675
TG(12:1e_6:0_20:4),9713716.825,16100000,7422076.973,86300000,66100000,6.60E+07
TG(16:0_10:0_16:1),968551.1964,6492661.009,11100000,1.56E+08,2.04E+08,1.85E+08
TG(16:0_14:0_14:0),5892281.53,31500000,38800000,1.64E+08,1.96E+08,1.84E+08
TG(16:0_14:0_16:0),18500000,1.11E+08,1.49E+08,4.89E+08,5.67E+08,8.20E+08
TG(16:0_14:0_16:1),7258820.992,2.59E+08,3.44E+08,2.16E+09,2.76E+09,2.58E+09
TG(16:0_14:1_16:1),9627372.226,1.94E+08,2.29E+08,2.99E+09,4.05E+09,2.81E+09
TG(16:0_16:0_16:0),37400000,2.50E+08,2.87E+08,1.11E+09,1.22E+09,1.76E+09
TG(16:0_16:0_16:1),38600000,9.13E+08,1.03E+09,4.74E+09,5.81E+09,7.39E+09
TG(16:0_16:0_18:1),50800000,1.36E+09,1.54E+09,6.69E+09,6.36E+09,7.35E+09
TG(16:0_16:1_16:1),32900000,9.77E+08,1.34E+09,8.65E+09,1.13E+10,1.15E+10
TG(16:0_16:1_18:1),50200000,2.27E+09,2.63E+09,1.23E+10,1.41E+10,1.61E+10
TG(16:0_16:1_22:5),78500000,5.27E+08,5.96E+08,1.45E+09,1.09E+09,7.83E+08
TG(16:0_16:1_22:6),8783432.983,2.63E+08,3.47E+08,8.89E+08,6.91E+08,4.64E+08
TG(16:0_18:1_18:1),72200000,2.66E+09,3.19E+09,1.36E+10,1.06E+10,1.21E+10
TG(16:0_18:1_20:4),24800000,9.00E+08,6.15E+08,2.20E+09,1.60E+09,1.52E+09
TG(16:0_18:1_22:1),0,1.27E+08,1.40E+08,4.86E+08,3.66E+08,4.54E+08
TG(16:0_18:1_22:3),8886868.546,8.63E+08,9.93E+08,1.68E+09,1.22E+09,1.45E+09
TG(16:0_18:1_22:5),21900000,9.20E+08,1.17E+09,2.80E+09,1.63E+09,1.55E+09
TG(16:0_18:1_22:6),8689011.183,4.43E+08,5.55E+08,1.59E+09,8.79E+08,8.64E+08
TG(16:0_18:1_24:0),0,12400000,17700000,60300000,50700000,54900000
TG(16:0_18:1_24:1),559741.708,71300000,71100000,2.68E+08,1.95E+08,2.54E+08
TG(16:0e_16:0_18:1),0,42700000,49400000,1.95E+08,1.48E+08,2.09E+08
TG(16:1_12:0_16:1),2102915.147,30400000,19500000,7.07E+08,8.81E+08,6.23E+08
TG(16:1_12:1_18:2),6159945.438,0,218626.83,23600000,19400000,49300000
TG(16:1_14:0_14:0),2899284.297,41800000,53500000,6.30E+08,7.38E+08,5.43E+08
TG(16:1_14:1_16:1),1322993.602,55300000,70600000,9.74E+08,1.42E+09,1.07E+09
TG(16:1_14:1_18:2),1966940.433,59600000,68200000,6.40E+08,8.27E+08,5.23E+08
TG(16:1_14:1_18:3),1.30E+07,22200000,1.80E+07,76100000,90100000,48900000
TG(16:1_16:1_16:1),16500000,3.49E+08,4.03E+08,4.91E+09,7.32E+09,5.20E+09
TG(16:1_16:1_18:1),45900000,1.06E+09,1.15E+09,9.70E+09,1.26E+10,1.10E+10
TG(16:1_16:1_18:3),5682124.491,39100000,50700000,3.12E+08,3.94E+08,2.45E+08
TG(16:1_16:1_22:6),2214268.68,33600000,59600000,2.72E+08,2.58E+08,1.77E+08
TG(16:1_18:1_18:1),75200000,2.30E+09,3.19E+09,9.20E+09,9.56E+09,1.06E+10
TG(16:1_18:1_18:2),75300000,7.50E+08,1.46E+09,1.97E+09,2.54E+09,2.21E+09
TG(16:1_18:1_18:3),32900000,2.63E+08,3.89E+08,7.05E+08,9.21E+08,5.32E+08
TG(16:1_18:1_22:3),17600000,2.47E+08,1.39E+09,4.55E+08,5.63E+08,1.73E+09
TG(16:1_18:1_22:5),10300000,4.11E+08,5.78E+08,1.32E+09,9.31E+08,5.59E+08
TG(16:1_18:1_22:6),7762848.455,2.65E+08,3.31E+08,9.67E+08,5.78E+08,3.25E+08
TG(16:1_18:2_22:6),764554.2363,28100000,47900000,86200000,56200000,32600000
TG(18:0_16:0_16:0),4669502.066,3.85E+08,2.21E+08,9.50E+08,1.03E+09,1.20E+09
TG(18:0_16:0_18:0),8404617.706,64200000,78400000,1.38E+08,1.43E+08,1.36E+08
TG(18:0_16:0_18:1),13600000,4.73E+08,5.68E+08,1.83E+09,1.37E+09,1.67E+09
TG(18:0_18:0_18:0),3507421.662,32600000,29600000,67900000,71500000,82300000
TG(18:0_18:0_18:1),2352805.938,89900000,1.09E+08,3.00E+08,2.32E+08,2.68E+08
TG(18:0_18:1_18:1),13500000,7.59E+08,8.87E+08,2.65E+09,1.89E+09,2.34E+09
TG(18:0_20:3_24:1),0,25300000,2905226.064,63100000,45700000,55300000
TG(18:0e_16:0_16:0),0,1468325.327,1878901.454,13600000,7537751.429,12300000
TG(18:0e_18:1_18:1),0,19500000,19100000,8.40E+07,65700000,82600000
TG(18:1_14:2_22:6),0,2701834.785,3461636.365,22600000,21500000,6975373.198
TG(18:1_18:1_18:1),57100000,1.67E+09,2.09E+09,6.54E+09,6.79E+09,6.43E+09
TG(18:1_18:1_18:2),1.09E+08,4.57E+08,1.49E+09,1.98E+09,2.00E+09,1.76E+09
TG(18:1_18:1_22:1),0,1.09E+08,1.29E+08,4.07E+08,2.99E+08,3.83E+08
TG(18:1_18:1_22:2),0,1.63E+08,1.99E+08,1.49E+08,3.17E+08,3.77E+08
TG(18:1_18:1_22:4),3508519.099,1.34E+08,1.36E+08,3.16E+08,2.12E+08,1.67E+08
TG(18:1_18:1_22:5),1.40E+07,4.46E+08,5.36E+08,1.18E+09,7.03E+08,8.37E+08
TG(18:1_18:1_22:6),5905564.76,3.76E+08,3.82E+08,1.18E+09,6.56E+08,5.27E+08
TG(18:1_18:1_24:0),0,33800000,4.40E+07,1.20E+08,91800000,1.26E+08
TG(18:1_18:1_24:1),548247.527,74100000,73500000,2.49E+08,1.88E+08,2.29E+08
TG(18:1_18:1_24:2),0,74500000,7459269.675,1.46E+08,1.00E+08,1.18E+08
TG(18:1_18:2_22:6),2581500.564,1.21E+08,1.77E+08,2.54E+08,1.19E+08,61300000
TG(18:1_20:4_24:1),0,44700000,58500000,1.48E+08,64500000,99600000
TG(18:1_22:5_22:6),0,26400000,37400000,1.17E+08,45900000,29600000
TG(18:1_22:6_22:6),0,6778624.855,10600000,31700000,15700000,6957515.2
TG(18:1e_16:0_18:1),784003.353,1.38E+08,1.52E+08,5.21E+08,3.78E+08,5.13E+08
TG(18:1e_16:0_22:3),564692.825,16600000,26200000,62300000,50100000,52600000
TG(18:1e_16:1_18:1),0,76500000,81100000,2.61E+08,2.12E+08,2.61E+08
TG(18:1e_18:1_18:1),0,40400000,58200000,2.01E+08,1.42E+08,1.89E+08
TG(18:1e_18:1_22:5),0,40800000,42800000,1.58E+08,90800000,1.16E+08
TG(18:4_14:1_16:1),50365.2492,2582689.622,338377.833,14100000,6836764.463,7468552.563
TG(20:0e_18:1_18:1),0,2458098.578,2032408.441,42300000,2.80E+07,41600000
TG(20:1_18:1_18:1),2985096.794,3.96E+08,4.00E+08,1.45E+09,9.50E+08,1.05E+09
TG(20:1e_14:0_14:0),0,20700000,21200000,77300000,64500000,1.00E+08
TG(20:1e_16:0_16:0),0,16900000,2.00E+07,86600000,53500000,8.60E+07
TG(20:3e_16:0_18:1),0,30600000,34100000,1.02E+08,66200000,79100000
TG(4:0_14:0_16:0),7186868.242,0,0,0,0,386696.69
TG(4:0_16:0_16:0),2096823.438,1641115.759,2525349.497,1519632.71,1471225.939,4435618.745
TG(4:0_16:0_18:1),424710.7836,1262839.462,2289100.768,8805080.671,15100000,26900000
TG(8:0_8:0_8:0),8115132.567,20200000,14400000,12500000,20200000,21600000
