"subclass","Cold-1","Cold-2","Cold-3","Cold-4","Cold-5","Cold-6","Cold-7","Cold-8","QC-1","QC-2","QC-3","QC-4","QC-5","RT-1","RT-2","RT-3","RT-4","RT-5","RT-6","RT-7","RT-8"
"CL(16:0)",11438962,9763376,11789592,9312232.75,15949889.5,4531954.75,15195817.25,13289127.75,7892940.25,6854142,6656298,3431662,7130740,1550925.25,1447529.25,2164489.75,2367327.25,1866113.25,2644726.75,2579387.5,2308548
"CL(16:1)",1833025.5,1430056.5,1619511.75,1668904.5,1817309.25,1029048.5,1222058.75,1948384.25,1182154,1335712.75,1149454,572764.75,1183649.75,481252,533973.5,792641.5,1050980.5,677914.25,863410.25,1091760,785216
"CL(18:1)",29464180,25353286.25,27029896.5,25687328.5,37223837.25,13978972.5,37163071.25,32549559.75,20700908.25,18783975.25,18084538.5,9275319,19674212,5068624.25,5198910,7880358.25,7854350.75,8834151.25,9789905.25,10529093.5,8398387
"CL(18:2)",116492535.75,104346773.75,104775206.75,107370142.5,132344370.5,61323735,130280497.25,132947076,83371474.5,80338844.5,74732015.5,36952576,81467797.5,25876215,30486319.5,45335529.25,47351519,50640712.25,55192603.5,60797422.25,46019698.75
"CL(18:4)",240588.5,206288.75,228466.75,221150.75,251954,181097,176798,309288.75,199285.25,182944.75,176597.5,63895.75,161324.25,70439.75,61408.75,114156.25,163419,131818,136648,153193.5,123956.5
"CL(20:2)",1953561.5,1105066.5,1602619.25,1337375.25,2118934.5,966598,1896457.5,1692736,1084383,1196170.5,746487,390155.5,1097786,247850.75,387507.5,467011.5,414995.75,446129.25,749970.5,674463.25,572100.25
"CL(20:4)",844102.75,711152.25,836109.25,706746.75,1004704.5,470712.5,1015738.5,1018020.5,645005,492087.5,359794,267238.75,546720.5,201102.25,148014.75,163842.5,320121,223436.75,297602,326181.25,265761.5
"CL(20:5)",3008478,3180806,2774415.75,3011345,3798495.5,2041119.75,3746865.5,3939175,2394623.75,2551810.75,2351282.5,1125277.25,2479037,940037.75,938119.75,1506689,1649228.75,1563715,1744802.75,2052702.75,1507641
"DG(14:0)",14500000,11500000,20500000,2.1e+07,2.1e+07,2.7e+07,14500000,3.1e+07,1.5e+07,16500000,16500000,1.5e+07,14500000,16500000,14500000,1.1e+07,1.7e+07,1.2e+07,12500000,1.2e+07,1.2e+07
"DG(16:0)",753500000,627500000,8.73e+08,1037500000,1062500000,6.16e+08,669500000,8.71e+08,6.22e+08,632500000,6.02e+08,5.97e+08,6.01e+08,448500000,358552013.5,444746831,429500000,580441736.5,6.06e+08,549225107,461500000
"DG(16:1)",1.14e+08,8.1e+07,8.1e+07,80500000,152500000,109500000,9.6e+07,73500000,9.1e+07,91500000,5.5e+07,56500000,90500000,36500000,41552013.5,66246831,89500000,50941736.5,8.5e+07,83725107,72500000
"DG(18:0)",1.17e+08,145500000,131500000,1.54e+08,1.56e+08,124976802.5,1.7e+08,1.37e+08,9.2e+07,9.7e+07,86500000,92500000,91500000,42104356,54523264,48696865.5,46728666.5,70357271.5,61987158.5,6.6e+07,53756881
"DG(18:1)",1704960864.5,1.238e+09,1.694e+09,2.335e+09,1.97e+09,1342976802.5,1594500000,1.971e+09,1402326465.5,1325225859.5,1259916566,1274601071.5,1282693510,714039557.5,726325125,739329743,824361201,1349914187.5,1155152950,1224011654,961095455
"DG(18:2)",3.913e+09,2.708e+09,3.913e+09,4866500000,4699500000,3149445248.5,3890807351,4.499e+09,3.159e+09,3115500000,2.998e+09,2.999e+09,3030500000,1703594924.5,2116682738,2111742338,2033079939,2918834431,2.98e+09,2.989e+09,2.279e+09
"DG(18:3)",65259072,50624645,77244403,69738061,83609732,54881307,61263523,81439229,65160538,61199447,57455595,58122314,60877276,40135462,52572845,59894786,57756688,66500000,8.7e+07,8.3e+07,65500000
"DG(20:1)",54500000,4.1e+07,5.1e+07,7e+07,56500000,4.4e+07,5.5e+07,5.6e+07,35981285.5,38500000,33960880,3.8e+07,37792930.5,19610236.5,23685406,28496012,23426097,32531285,28877707,28688954.5,27354041
"DG(20:2)",1.8e+07,1e+07,22500000,2.6e+07,25500000,30500000,2.2e+07,3.7e+07,1.5e+07,17500000,1.4e+07,15500000,14500000,9500000,1.2e+07,8e+06,12500000,1e+07,10500000,10500000,9e+06
"DG(20:3)",22500000,16500000,2.9e+07,30500000,31500000,23500000,2.1e+07,3.5e+07,1.8e+07,17500000,18500000,20500000,17500000,1.4e+07,13500000,9500000,1.4e+07,12500000,1.6e+07,1.5e+07,1.3e+07
"DG(20:4)",165500000,1.88e+08,2.05e+08,2.25e+08,2.42e+08,1.73e+08,2.19e+08,210500000,139500000,143500000,132500000,1.41e+08,137500000,77500000,9e+07,71500000,82500000,103500000,112500000,103500000,94500000
"DG(20:5)",6e+06,5500000,7500000,6e+06,1e+07,3445248.5,4807351,6500000,6e+06,6e+06,5500000,5500000,6e+06,3094924.5,4682738,3105881.5,4079939,3834431,8e+06,5500000,6e+06
"DG(22:4)",4460864.5,5e+06,5500000,7e+06,6e+06,8e+06,6e+06,7500000,4345180,4225859.5,3955686,4101071.5,4400579.5,3353499.5,2469367.5,2419695.5,2577793.5,3107095.5,2788084.5,2322699.5,2797322.5
"DG(22:5)",2.1e+07,16500000,39500000,2.7e+07,28500000,3e+07,18500000,4.1e+07,17500000,16500000,1.6e+07,2.6e+07,2.8e+07,10500000,1.5e+07,10636456.5,1.6e+07,10775807,1.3e+07,13500000,10187210.5
"DG(22:6)",110500000,1.08e+08,1.72e+08,1.42e+08,188500000,7.5e+07,8.5e+07,124500000,93500000,1e+08,9.2e+07,1.02e+08,99500000,74028534.5,66352912.5,43282830,66871356,59857271.5,1.13e+08,82500000,8.3e+07
"FA(20:4)",5068305,4062261,5850977,5407837,5854570,5376502,8044717,5130649,4437779,4804078,4520603,1916171,3359065,2143922,2879870,3728889,3320680,3394031,3761325,4992507,4044172
"LPC(14:0)",3393320,1550603,2064050,1818513,2520812,1688141,2114053,2297740,1980809,1599847,1486452,1733664,1624305,1272504,1753562,1141593,1231399,794086,1708783,1561264,1300625
"LPC(16:0)",406253476,275199194,286326568,275510643,307259444,244367821,356625568,306947714,254597779,275124476,254836898,254849467,254121071,193346358,203827741,223627931,172782622,172874812,245231904,225813691,213868986
"LPC(16:1)",1.8e+07,1.3e+07,1.3e+07,1.2e+07,1.7e+07,1e+07,1.5e+07,9674533,9998188,9903598,1e+07,1e+07,1.2e+07,6733201,8469621,8823335,9719608,6631312,8568239,8575007,9608535
"LPC(17:0)",6059986,5021280,6068294,5428872,5310999,5329965,8168163,6059793,5070934,5027794,4811043,5000544,4345001,4985562,4802942,5157150,3234054,3345007,4355471,4667091,4366412
"LPC(18:0)",415824155,374020004,385181746,404637919,416267602,343451978,545202742,456144678,324214852,324167858,303865847,334274124,343470669,162844156,223430293,242985227,171953566,182420209,224547888,225241102,213552560
"LPC(18:1)",8.7e+07,6.7e+07,7.5e+07,8.4e+07,9.4e+07,7e+07,1.4e+08,1.1e+08,1e+08,7e+07,6.5e+07,6.6e+07,6.2e+07,3.7e+07,6.4e+07,6.6e+07,4.9e+07,5.5e+07,5.5e+07,6.9e+07,6.2e+07
"LPC(18:2)",1.9e+08,1.6e+08,1.6e+08,2.6e+08,2.4e+08,1.8e+08,3.5e+08,1.4e+08,1.3e+08,2e+08,2e+08,2e+08,1.2e+08,4.2e+07,1.7e+08,1.4e+08,8.7e+07,1.1e+08,9.4e+07,1.2e+08,1e+08
"LPC(18:3)",2.3e+07,1.6e+07,1.8e+07,1.4e+07,1.8e+07,1.4e+07,2e+07,1.8e+07,1.4e+07,1.5e+07,1.4e+07,1.5e+07,1.5e+07,1.2e+07,1.2e+07,1.3e+07,1e+07,9954067,1.4e+07,1.3e+07,1.2e+07
"LPC(19:0)",5990729,4286278,6693058,7102788,5037594,4937929,9166918,6466312,4177128,5382333,5138569,5512970,5015978,3060654,5202626,5172691,3301362,3408991,3426689,3007472,4275511
"LPC(20:0)",3011011,2219010,2410095,3032772,2907068,2772465,4211968,2128574,2623945,2621368,2481251,2381206,2339982,2427836,2387869,2788814,1904689,1868275,2206301,2060340,1998077
"LPC(20:1)",3646863,2174078,2899845,2995584,3117524,2638246,4168266,2936949,2985232,2685974,2665050,2856712,2552904,2314883,2482827,2772610,2113142,1919021,2001187,2925640,2547294
"LPC(20:2)",3907200,1889140,2745063,2706230,3413194,3521998,4356099,3741805,2467606,2571039,2562562,2799942,3113431,1545158,2169317,2302787,1906458,1408161,1773472,2732253,2147435
"LPC(20:3)",2.5e+07,2.4e+07,2.5e+07,2.2e+07,2.8e+07,2.3e+07,3.3e+07,2.8e+07,2e+07,2e+07,2e+07,2.2e+07,2e+07,1e+07,1.4e+07,1.6e+07,1.1e+07,1.2e+07,1.6e+07,1.4e+07,1.4e+07
"LPC(20:4)",6.3e+07,2.6e+07,2.9e+07,3.2e+07,3.8e+07,3.1e+07,5.2e+07,4.1e+07,3.1e+07,3.3e+07,2.5e+07,3e+07,3e+07,8348972,3e+07,2.3e+07,1.8e+07,1.9e+07,2.2e+07,2.4e+07,1.8e+07
"LPC(22:5)",8478732,2801797,2956969,2649552,3245207,2311087,4108296,3548781,2043165,3120886,2170761,1278444,2384961,347969,2096197,1463502,1217646,1181702,1665592,1944618,1199759
"LPC(22:6)",2.8e+07,1.5e+07,1.6e+07,1.5e+07,1.7e+07,1.5e+07,2.4e+07,1.5e+07,1.3e+07,1.4e+07,1.3e+07,1.4e+07,1.2e+07,2387632,1.2e+07,8708677,7180793,6826467,9742311,1.1e+07,8349209
"LPC(24:0)",3430870,3159113,2475750,2713382,2510283,2101648,3425401,2669802,2471507,2325655,2153175,2551568,2106957,2140642,1852479,1780319,1661044,2026258,2392477,2667922,1679275
"LPE(16:0)",57648740,39872838,43650697,37816037,54064455,30499565,51782287,45315074,34570346,34558651,34535459,32640333,33251771,14494056,22436083,25173955,22977952,21167886,29457136,28956467,30649171
"LPE(16:1)",5571024,4029427,4022372,3950695,5674512,3277542,4382880,4038572,3599375,3358721,3693591,3084098,3661682,2438716,2600856,3054197,3567542,2566527,2909480,3150231,4021222
"LPE(17:0)",2458575,1611736,2256074,1811937,2416687,1164294,2787611,1766198,1493870,1536696,1243230,1364070,1413839,344107,788186,1120519,801565,752121,975294,1269660,1110889
"LPE(18:0)",189915387,146646026,149666350,149516253,189240560,96468040,1.76e+08,168724547,118296765,118674055,108409495,113251295,106635706,28180546,57033139,67309648,55544568,53944159,81517242,80230001,77535355
"LPE(18:1)",4.8e+07,3.5e+07,3.7e+07,3.9e+07,4.7e+07,2.9e+07,5.5e+07,4.1e+07,3e+07,3.1e+07,3e+07,3e+07,2.7e+07,1.2e+07,2.1e+07,2.6e+07,3.2e+07,2.3e+07,2.5e+07,2.7e+07,2.8e+07
"LPE(18:2)",4.6e+07,2.9e+07,3.8e+07,4.5e+07,5.4e+07,3.3e+07,9e+07,3.1e+07,4.2e+07,4.4e+07,4.4e+07,3e+07,2.9e+07,5753671,2.8e+07,2.1e+07,2.4e+07,1.9e+07,2.9e+07,2.5e+07,2.5e+07
"LPE(18:3)",926941,545507,642681,598576,811621,354199,927034,558971,407413,459737,387738,170831,400547,35903.9,148602,165730,132897,135994,298154,210263,213437
"LPE(19:0)",1100732,788216,978854,1050543,922442,723721,1203339,801541,776034,689637,736189,313192,744346,130737,348172,466110,429109,375041,447938,494923,734366
"LPE(20:1)",1401976,896395,1083154,1051112,1092500,786205,1458632,1003762,855713,930490,743952,759644,884437,221699,629427,863441,795516,629546,618257,814980,861801
"LPE(20:3)",1304098,761209,804585,1142167,2180079,1271423,1989547,1121360,1088968,907845,819728,257283,947802,465274,500705,531786,950749,657677,603176,877675,829411
"LPE(20:4)",6e+07,2.5e+07,3.7e+07,4.4e+07,5.8e+07,2.5e+07,6.1e+07,4.8e+07,2.1e+07,2e+07,3e+07,1.2e+07,2.8e+07,1.4e+07,9605701,1.9e+07,2e+07,1.9e+07,2.8e+07,2.7e+07,1.9e+07
"LPE(20:5)",1736811,1382296,936881,984486,1727585,620608,1505859,929772,868232,858946,787641,342042,753232,481804,215337,483086,567579,412099,738431,621253,773533
"LPE(22:4)",4258793,3547176,1933332,1728956,2835515,665266,535947,2401546,1594464,1606296,1740756,727034,1565126,2110840,550544,950783,1379211,889378,2584493,1510819,1959174
"LPE(22:5)",6565035,4546801,1812726,3615753,4045875,1799292,3375820,3373262,2900199,1742256,2772210,3072751,2933842,2516862,1614779,2959972,1977535,3010154,4476433,4436710,3051380
"LPE(22:6)",6.1e+07,3.9e+07,4.5e+07,4.6e+07,5.7e+07,3.3e+07,6.4e+07,4.4e+07,3.3e+07,3.5e+07,3.4e+07,3.3e+07,3.2e+07,1.1e+07,2.1e+07,1.9e+07,2.2e+07,2.1e+07,2.8e+07,3.1e+07,2.3e+07
"LPG(18:1)",1194605,1093264,808517,1198945,1356746,526199,1673246,955094,795911,657728,585462,305198,596663,753438,395561,501191,436273,526112,587587,971716,535208
"LPG(18:2)",904444,578965,758920,645890,783920,541118,1104725,794196,683122,703674,716830,250650,579388,565107,428169,460390,341445,363470,475300,576216,427463
"LPI(16:0)",2072207,1260118,1598188,1070836,1801424,429951,1263933,1080511,1109343,1169547,1044236,364181,980748,1024843,256522,478344,581968,500513,872110,747912,681893
"LPI(18:0)",1.5e+07,1e+07,1.2e+07,1.1e+07,1.2e+07,5169353,1.5e+07,1.1e+07,9585163,9861011,8990557,3976762,8409514,6124951,2364198,4547496,3940174,4978134,7108325,7638972,4976406
"LPI(18:1)",1918127,687346,1532354,1633057,1531479,252734,1613374,836877,862007,870379,842844,298698,876276,836374,283913,308506,488902,573712,767479,648682,669463
"LPI(20:4)",2688935,1269028,1529818,1496038,1979678,1416198,2538858,1394282,1553914,1627919,1467672,606283,1315948,587281,873491,1218223,877608,913026,941125,1413769,1008197
"LPS(18:0)",4964214,3056969,4383969,4389018,3953896,2705000,3552805,2908237,3183692,3535361,3294172,4012217,3149069,5772196,2584896,4188444,3617177,5001870,4171200,5904812,4127788
"LPS(20:4)",533696,321199,293285,370196,467461,290590,393310,347307,401404,459939,333998,130875,374904,243907,260389,326949,292695,374855,411434,429776,219039
"LPS(22:6)",1541351,874064,1090235,940632,999855,801602,1302410,864093,1046720,962460,881836,383734,911038,359468,574966,661156,690076,610753,679186,948017,742827
"PA(18:0)",17703368.5,3.4e+07,9425891.5,18189757,25863816,7350667.5,20862516,28500000,11938645.5,12581489,12258904.5,4515407,12319790.5,13593649.5,3572201,8661165.5,9886103,20029662,8559330,25457343,10388785
"PA(18:1)",3628500,6e+06,2031810,3398209,5e+06,1529014,4064907,5500000,2834338,2617126,2546060.5,1275990,3036516,4491501,709712,1662228.5,2333063.5,4359531.5,2151096.5,5500000,2649207
"PA(18:2)",10500000,2.2e+07,5500000,1.2e+07,16500000,4482918,13500000,17500000,7e+06,7500000,8e+06,2701481,7e+06,7500000,2318717,5500000,6500000,1.3e+07,5500000,1.6e+07,6e+06
"PA(20:4)",3574868.5,6e+06,1894081.5,2791548,4363816,1338735.5,3297609,5500000,2104307.5,2464363,1712844,537936,2283274.5,1602148.5,543772,1498937,1053039.5,2670130.5,908233.5,3957343,1739578
"PC(14:0)",34241987.5,23157586.5,20600535,20777189.5,26438800,18266948.5,20564345,26465166,19764193,18898797,19109826,10323414.5,20217808.5,17297208.5,13444446.5,11787427.5,16780380.5,12782473,17967752,22820451.5,16023709
"PC(15:0)",3330494,2815686,2871401.5,2313236,2870220.5,1594067,3704332.5,2543404.5,2499151.5,2025171,2206642.5,1046296.5,2605918,1166678.5,1166712,2009607.5,1484489,1648812.5,2435350.5,2744039.5,1800476
"PC(16:0)",2137075048,1662376354,1595439418.5,1614006445,1765643583.5,1241995881,1763643028,1714476842.5,1474513791,1363427821.5,1348660596,750040986.5,1425214004.5,969659339,833939086,1151079289,1219806437,1175234498.5,1363174155,1520409938.5,1169967939.5
"PC(16:1)",159779821,112841812,97833224,94770783,128002217,65878354.5,97645989,95125584.5,90112976.5,84735640.5,90154982,42345257,90862657.5,51392413,33231035,53022650,70910969.5,55363856,70278531.5,73473661,68357869.5
"PC(17:0)",29437863.5,25974969,28512449,29419441,29971748.5,22798075,34530874,29304317.5,25296208.5,22554693,22539128,12290616.5,25202629.5,14139940.5,15148887.5,21222879.5,19205508.5,22016166,20281484,23912877.5,18777174
"PC(18:0)",398675386.5,385224119.5,365277394,382421729,400404957.5,319171160,420120795.5,453333614.5,303728237.5,291906522,287947608,156062059.5,309417090.5,149249821.5,185632822,214444380,220312861.5,245413199,260965891.5,315211641,226827711
"PC(18:1)",2207476812,2122693733.5,2075039275.5,2217141492,2342199249,1834307555,2578240059.5,2408893408.5,1811183533.5,1740212576,1680080835,988401402,1874201131,1061408412,1030798360,1498902182,1369058160,1443175947,1455027623.5,1610416918.5,1282847855
"PC(18:2)",1661454790,1215219909.5,1197788214,1208699354,1298583962.5,907817107,1390415154,1245733573,1064057863,1027369933.5,991945261,560148017,1087980070,536546659,594115866,858417809,818880706.5,811252098.5,866438747.5,964862814.5,766425451
"PC(18:3)",9500000,8500000,7500000,7e+06,7500000,4765034.5,7500000,6500000,5500000,5500000,4824328,2361028.5,5500000,1972508.5,2296693,3881237,6500000,3231503,4060550.5,4752531.5,3161775.5
"PC(19:0)",12960245.5,13484261.5,14372427,17162376.5,15511956.5,13468956.5,18725036.5,16469228,12852030.5,12744746,11932611,5603276.5,12176528,9458230.5,8599299.5,11939986,11358313,9642486.5,9646721,10561743.5,10567379
"PC(19:1)",1916086,1220963,1273394.5,2132446,1448189,1202584,1865925,1225211,1362895.5,1340526,312096.5,739503,1773805.5,1359901.5,827106,1263102.5,1054094,1298833.5,239974.5,1138362,1178396.5
"PC(20:0)",10244590.5,10699397,13050406,11137975,11117561.5,8865288,10658105,14996124,9920494,11947538.5,12161921,5681911,8358933.5,5745660.5,5673159,6203842.5,6332328.5,6416446,8026470,8442370.5,6896924.5
"PC(20:3)",35500000,34500000,37500000,3.8e+07,3.9e+07,35500000,39500000,4.8e+07,3e+07,29500000,28500000,14500000,30500000,1.6e+07,18500000,2.2e+07,2.4e+07,2.3e+07,23500000,27500000,20500000
"PC(20:4)",289408613.5,251059433.5,254111548,255368651.5,270384461.5,230331447,282889442,330208127,221653900.5,216450947.5,207395119.5,130795093.5,224971680,98242140,150299387.5,166372864.5,160630975.5,189711994.5,179966690.5,225480927.5,165982331.5
"PC(20:5)",46079221.5,36874783,31283023,31749395,38561074.5,23139813,35746734,29825452,24802309,23334183.5,23779440,12367955,25771146.5,8866647.5,12435410.5,17640786,17160382,14833229,26752356,22218449.5,17663194.5
"PC(22:0)",6500000,5500000,3775019.5,5500000,4268933,2955627,5e+06,3546449,4095952,4094843.5,3829374.5,1638737.5,3440823.5,1434360.5,1304006.5,1740470,2254293,3008921.5,4000490,3386894.5,2347379.5
"PC(22:1)",6500000,7e+06,6e+06,7e+06,8e+06,3981833,7500000,5500000,5500000,4809255,4837907.5,2428006,5500000,3306897.5,2230196.5,2478863.5,3721480,5e+06,5e+06,4962671.5,4392296
"PC(22:4)",3.3e+07,20697771.5,19904332,20946918,24500000,16864653,3e+07,26500000,2.1e+07,13768505.5,1.9e+07,8301311,19321348,8942680.5,11771624.5,15326121,14193494.5,12541741,19500000,19922492,12543837
"PC(22:5)",82466385.5,50326743,69852098,50176152.5,53890187.5,37761502.5,53545013,54069622,47645341.5,58696400,43128645.5,24094303.5,48268216,21612632.5,28173583,35950101.5,39270300,38419133,44266482.5,52891264.5,38958052.5
"PC(22:6)",207875959.5,118385196,100201732.5,103784681,117017840,82700152,123500680,112508109,93919449.5,85727642,83504022.5,42741828.5,95701492.5,25432669,45461377,56939081.5,57867541,54670234,73239722,87827013,62892338.5
"PC(23:0)",707768,660593,576148,663038,596145,245224.5,566277.5,354731,508502.5,499120.5,418682.5,144923.5,482026.5,184799.5,166677,117573.5,239921,485912,481790,391614.5,305808
"PC(24:0)",9541012.5,8805188.5,6111346,8006635,6731978,4218454,9164070.5,5802572,6197949.5,6236957.5,5858473,2985027,6651364.5,2574827,2348545,3110345,4398646,4979908.5,6155843.5,5395826.5,5058422
"PE(16:0)",1708711389.5,1469885221,1278823183.5,1418803908.5,1719980757,945746375.5,1648093394,1504936205.5,1107361196,1053450255,1045328659,899955174,1103657476.5,322258526,780654509.5,725028310,818175192,829550038.5,936625829.5,1073625238.5,773704913.5
"PE(16:1)",111187772.5,110715706.5,86156540.5,96403905,126353587.5,63752158,101993855.5,98918102,78434502.5,72280473.5,73424421,50350018.5,74905925,25966746,46885680,53232870.5,67443606,60897900.5,63019713,71755570,60095090
"PE(17:0)",29492246,28019144.5,28179983.5,26509028,35642196.5,18814166,37166285.5,31094609.5,22321087,20853197,21713459,16171116,22312027.5,8804129,13875054.5,14675856.5,14610691,15502663.5,15827810.5,20495526,14311532.5
"PE(18:0)",3135596542.5,2915936700,2547751661.5,2741917236,3521486229,1826373119,3602125565,3147294849.5,2011549984,1975755308.5,1936619027,1663107278,2057561382.5,591161812,1247997398,1205781888,1213714339,1311751943,1466855197.5,1749435193,1180252963
"PE(18:1)",3114100990.5,2854041544,2556082488,2709656679.5,3516628639.5,1879092699,3465634897.5,2999988877,2140344224.5,2104062311,2053565792,2022741745,2197078698,638096906.5,1481238939,1279429158.5,1437141720.5,1519117390,1644551838.5,1860827419,1326720801.5
"PE(18:2)",1854909449.5,1623192101.5,1422296800.5,1504402540,1954091532,1044433496,1852625964.5,1607068098,1217643268.5,1177182429,1159597413,876048227,1252907646.5,423074187.5,749961766,817002679.5,879300753.5,885423196.5,1011341918.5,1068888904.5,853969088
"PE(18:3)",26700137,26765719.5,26655172.5,29036113.5,31896890,17479232.5,31388763,26154712,22162532,21040977.5,20233535,22409959.5,22227934.5,7979719,15929329.5,14921056,15530700,16468044.5,16520635.5,15564170.5,14253133.5
"PE(19:0)",10134970.5,9131483.5,8372928,10245616,12492870,7493557,12028401.5,9851021.5,7801665,7302330.5,7278717.5,3951641.5,7671275.5,3395386.5,6740389.5,6407659,6816113,6184964,5593747.5,6271070,6436856.5
"PE(20:0)",25669442,26369546,22653081.5,29010346.5,27365219,20338950.5,30669337.5,25209605.5,25459907.5,21931159.5,19331366.5,19245979.5,22105205.5,5396724,20386705,15411371.5,15571514.5,17489475,18531006,21145168,16802559.5
"PE(20:1)",119385153,117051479,84159358,107613327.5,112005472,62971941.5,120516304.5,89858644,77099537.5,76901562.5,75866089.5,49124992.5,80123069,24269823.5,45059392.5,45585905,58042527,70025592,76390058,79925651,56637860.5
"PE(20:3)",6.2e+07,55500000,4.5e+07,5.1e+07,74500000,3.6e+07,66500000,5.4e+07,42500000,3.8e+07,37500000,2.9e+07,3.8e+07,12500000,25500000,24500000,2.6e+07,3.1e+07,37500000,39500000,27500000
"PE(20:4)",1514923822,1284980006,1178379171.5,1262859760.5,1612610654,888476983,1519988308.5,1480976963.5,959931499,924663200,897106877,691779223.5,957574401.5,307962064,665375749.5,662241501.5,693150898.5,713814965.5,813791670.5,1002931803.5,661924328
"PE(20:5)",124687772.5,118715706.5,105925660.5,113403905,136353587.5,88252158,139993855.5,126418102,94934502.5,87919875.5,81924421,65061151.5,92405925,30086687.5,58500338,65015311.5,71241143,75188785,74257012.5,79255570,74734684.5
"PE(22:1)",1000809.5,1682038,1108685.5,833009,1325000,681565,2049944,696877.5,768541.5,1030750.5,1194975.5,192141,574979.5,437506,143436,619562,482347,557576,684244,648051,557793
"PE(22:4)",5e+07,4e+07,3.5e+07,35500000,4.8e+07,27500000,45500000,4.7e+07,3e+07,3.1e+07,30500000,23500000,3.2e+07,11884520.5,2.5e+07,2.2e+07,20500000,2.3e+07,34500000,37500000,2.3e+07
"PE(22:5)",607301427.5,498625787.5,443799741.5,493118784.5,591347415,341444239,590514060.5,594873076,371875172.5,352637433.5,353687639.5,248784018,367351206.5,92948206.5,223771565.5,232229842,257627850.5,278611338.5,297475295,362331079.5,239207065
"PE(22:6)",1329055807.5,1144551526,1078167329,1158636273.5,1359287492,801474370,1365070233,1228606300,905770442,876406038,843272826,866748531,891457110,232101983,641197236.5,558380278.5,616070795,658329092,678107201,827130861.5,588115909
"PE(24:0)",2182277,1819981.5,1421021.5,1767378,1668573,1038273,1906133,1293888.5,1325486,1346450.5,1394749.5,669228.5,1358307,505120.5,607358,714466,924786.5,1146093.5,1267834.5,1246708,998650
"PG(16:0)",1.11e+08,8.4e+07,69500000,8.8e+07,117500000,35057607,131500000,79500000,39500000,3.9e+07,44500000,13918523,3.4e+07,13074572.5,12775240.5,22035044.5,21240673.5,23404151,35844658.5,43573011,24325749.5
"PG(16:1)",444087,321087.5,419680.5,338633.5,497609,273073.5,396458,451300,309134.5,327858.5,323274,150217.5,372216.5,82571,158916,165823,232617,256025,246274,313422.5,276763
"PG(18:1)",104501712.5,78199617.5,63027062.5,83367047.5,108853403.5,32639530,124148871.5,74043725.5,35626074.5,35831044,41105035.5,12313943,30778631.5,11638835.5,11831050.5,20539258,19402345.5,22025063,33502171,42665969.5,23205286.5
"PG(18:2)",44585771.5,46048436,43677530.5,39736295.5,52693596,47717659,53239198.5,51294394,58646860.5,54494617.5,50344091.5,45651787.5,53000898.5,50757981.5,66955867,57094743.5,62700682.5,47611105,66528540,56998429,74797518
"PG(22:6)",1519139,1432014,1005987.5,1279048.5,1314252.5,783578.5,1228548,1930414.5,1204324.5,1430278,1205347,505216,1234006.5,259397.5,847924,1178385,698097.5,692352,942896.5,1724871,942078
"PG(28:0)",2.1e+07,2.8e+07,2.4e+07,2.1e+07,2.9e+07,3.6e+07,28500000,29500000,4.3e+07,3.9e+07,35500000,38500000,37500000,46500000,6e+07,5e+07,5.5e+07,3.9e+07,5.5e+07,43500000,6.5e+07
"PI(16:0)",45480347.5,37698423,36993916.5,36174967.5,45298545,23991436,40991574.5,34042806.5,31184361.5,28956182.5,29455886.5,23058450.5,30928475.5,14106701.5,17843667,19221375.5,22025991.5,16918753.5,24842843,24474879,20432678
"PI(17:0)",4165843,3983001.5,3982629.5,3614762,4174360.5,2927094.5,4489150,3322064,3658312.5,2997886.5,3310986,1439732.5,3519256,1437581,1865508.5,2594483.5,2149573.5,2252309.5,2803723.5,3610891,2475280
"PI(18:0)",541500000,421617984,370011877.5,374350709.5,411658346.5,274258109.5,454524281.5,413731455.5,305638992.5,308545007,305210457.5,156561636,313319989,129599869.5,171012261,249117031,209990646.5,227982983,251304053.5,315100203,209095482
"PI(18:1)",157193655,104722663.5,134277934,146311910.5,187820798,51254973.5,196192645,112706602,82193349.5,84197280,81667359,35004355,84190793,29843665.85,26112292,36447950.5,46008663.5,41241737,67192568,64805682,44502465
"PI(18:2)",158986826,125371760,125333049,119535349.5,142625662.5,67696306,121007463.5,108640382,102431628,98103049,93858387,41201954.5,100702180,40422479.5,37482252.5,54802154.5,67066115.5,51528276.5,79437227.5,83793313,66199910.5
"PI(18:3)",495802.5,398871.5,534029.5,633477.5,601487.5,388587.5,465913,396427,504598,322624,264611.5,110972,400562,162053.5,174359,182864.5,233385.5,223251,286425.5,338788,240062
"PI(20:3)",2.1e+07,8500000,9500000,10500000,1.4e+07,6e+06,10500000,1.1e+07,8e+06,7e+06,7500000,3604834,8e+06,3898025.5,4035563.5,4808376.5,4249043.5,4209841,8e+06,7500000,4471186
"PI(20:4)",569152669,450854761.5,399315678.5,409150111.5,444300023,291955732.5,489496613.5,443462446,333089940.5,337100935.5,330669373,176863769.5,345721436,140758617,189902820,269482205.5,236239110.5,249677771,273240951,343271367,235181003.5
"PI(20:5)",16631329.5,15608290.5,13221163.5,12689832.5,16230688,7403758,14802260.5,10515293.5,13002193.5,11663361.5,12406953,5170364.5,9921357,3194475.5,3784103.5,5032881.5,6270786.5,4882522.5,8048793.5,7376994,5887905.5
"PI(22:6)",12046870.5,4031908.5,4028535,3860729.5,4445514,2044505.5,3940327.5,4069143.5,3405650,3125651,3258370.5,1607871.5,3345132.5,1142359.85,1427036,1862557,1993759.5,1454245,2626301.5,3343819,1792189.5
"PS(16:0)",10943143,8847352.5,10536675,9081091.5,11182819.5,6676900,11845131.5,10140638.5,6651219.5,6436272,7303548.5,4259984,7343594.5,2941473,3595068,4314641.5,5594220,4345524.5,6047636,6454178.5,4885481.5
"PS(17:0)",1408846,1055996,929215,1264677,1318375,729103.5,1689350.5,1191159,669680.5,887431.5,694120,322252.5,838150,238278.5,352019,357195.5,379033,580314,530500,796056.5,561973.5
"PS(18:0)",576460937,610739477.5,515350114.5,556177097,539968709,480650907.5,587896765,559957633,533042405.5,500372041,468368026.5,462135526.5,521321876,280352955,487995574,383757808,406441298,443590675,502956974.5,534804403.5,375073595.5
"PS(18:1)",327263848.5,350465032,285680698,314240546.5,302379479.5,217887481.5,339653599.5,282191765,271555068,270719281,273290579.5,244703440,270365074.5,128132374,198067648,177525076.5,184672285.5,228977038,260074268.5,265740868.5,177866738.5
"PS(18:2)",102038370.5,98244121,90952581.5,102255599.5,101718725,67802811,116272667.5,91076447.5,78642445,70064927.5,74251290.5,46252805,79190564,37569806,49225704,66517816,61726777,59282707.5,80494274.5,77417485,57498206
"PS(18:3)",2388481,2272298,1778065,1840738,2957974,1304806.5,2210376.5,1891245,1554475.5,1437282,1523694,790484,1669437.5,544352.5,687676,1081210,1387043,1153249.5,1393463,1305559,1149829.5
"PS(20:2)",1960937,2239477.5,1350114.5,1677097,1968709,1150907.5,1896765,1457633,1542405.5,1872041,1368026.5,635526.5,1821876,852955,995574,757808,941298,1090675,1456974.5,1804403.5,1073595.5
"PS(20:3)",3.2e+07,3.7e+07,3.3e+07,3.7e+07,3.9e+07,2.8e+07,3.8e+07,3.6e+07,2.7e+07,24500000,25500000,1.6e+07,29500000,13245171.5,16500000,21500000,2.2e+07,2.3e+07,2.4e+07,2.8e+07,19500000
"PS(20:4)",166838475,202083119,177235619,192129393,182644785.5,196914677,197561551,201257666,210633499.5,195349749,180142458,188118692,201134262.5,136531555.05,238854622.5,178534034.5,183713408.5,213125844,214272144,225111871,163513795
"PS(22:0)",7e+06,8e+06,5e+06,6500000,6e+06,4168439.5,7e+06,4917303,5500000,5e+06,4674101,2338955,5500000,2091931,2256931.5,2343890.5,3700207,4231062,5e+06,4915982.5,3323615.5
"PS(22:1)",3747388,4071920,2434224,2098705.5,1341609,2094498.5,2674851,2570634.5,2663456,1708729.5,2105381.5,928152,2507665,898249.5,1052309.5,598257.5,1843167.5,2188047,2786453,2320443,1083948
"PS(22:4)",2.5e+07,24500000,18500000,1.6e+07,2.4e+07,1.7e+07,22500000,2e+07,2e+07,1.4e+07,1.5e+07,18500000,16500000,6e+06,13500000,9500000,7500000,8500000,15500000,17500000,1.2e+07
"PS(22:5)",6e+07,6.5e+07,6e+07,6e+07,6.5e+07,5.5e+07,6.5e+07,6.5e+07,6e+07,6e+07,5.5e+07,5.5e+07,6e+07,35500000,6e+07,4.9e+07,4.9e+07,5e+07,6e+07,6.5e+07,44500000
"PS(22:6)",149257574,158459953,127515073.5,137685961.5,133716571.5,111641092,138006142.5,143437806.5,121926868,117057161.5,106317223,110646188,126830446.5,41246315.55,99927849,69760702,85830972,84651305.5,90029819.5,106889314,79901113
"PS(23:0)",1371901,1063237.5,943420,1057256,1121698.5,587418,1360819,498615,910473,889059,941787.5,303546.5,952393.5,317395.5,400163.5,320281,651453,700459.5,897788.5,964442.5,394265.5
"PS(24:0)",1.4e+07,19500000,12500000,12500000,13500000,7500000,11500000,1.4e+07,1.3e+07,1.3e+07,11500000,1e+07,1.4e+07,6e+06,5500000,5e+06,8500000,9e+06,7500000,11500000,8500000
"PS(24:1)",2686075,3438463,1905164,2300719,1971061.5,1699067.5,2453267,1829448,1858522.5,2106077.5,1514402.5,1135381.5,2067902.5,956303,411222.5,1210413,1697819.5,1512884.5,1857904,1687847.5,1109318
"PS(24:2)",1094057,1098313,634483,893588.5,762284,588998,1058940,754752,626351.5,642094.5,608979,309620.5,764708.5,250298,249315.5,408662,467473,615525,711609,676526,413455
"TG(10:0)",5691958132.66667,6066632887.66667,7264333333.33333,6324333333.33333,8761333333.33333,12750666666.6667,5673333333.33333,11702666666.6667,8706333333.33333,7.427e+09,7550333333.33333,7912666666.66667,7397666666.66667,9.89e+09,9.478e+09,6171211653.66667,1.0386e+10,7128045798.66667,5853824316.66667,5166633149.33333,8.184e+09
"TG(10:1)",7.17e+08,483666666.666667,9.5e+08,842333333.333333,1.063e+09,2351666666.66667,7.97e+08,2019333333.33333,977333333.333333,930333333.333333,1019666666.66667,767333333.333333,979333333.333333,2482666666.66667,1944666666.66667,592195574,2683666666.66667,5.6e+08,575197109.333333,567486557.666667,806666666.666667
"TG(10:2)",5e+07,42666666.6666667,122666666.666667,59333333.3333333,6.3e+07,7e+07,60666666.6666667,96666666.6666667,64333333.3333333,110666666.666667,102333333.333333,68666666.6666667,5.7e+07,7.1e+07,64333333.3333333,45333333.3333333,88333333.3333333,53333333.3333333,4.8e+07,51666666.6666667,73666666.6666667
"TG(10:4)",6333333.33333333,6666666.66666667,7333333.33333333,7e+06,11333333.3333333,9333333.33333333,7333333.33333333,7666666.66666667,7666666.66666667,7e+06,6333333.33333333,7666666.66666667,7e+06,5333333.33333333,6333333.33333333,5333333.33333333,6e+06,6666666.66666667,8333333.33333333,6666666.66666667,8666666.66666667
"TG(11:0)",5.15e+08,524666666.666667,6.63e+08,5.77e+08,764333333.333333,1075666666.66667,5.82e+08,1029666666.66667,703666666.666667,745666666.666667,775333333.333333,815333333.333333,7.07e+08,994666666.666667,1169333333.33333,6.04e+08,1e+09,5.22e+08,640666666.666667,5.97e+08,915333333.333333
"TG(11:1)",20333333.3333333,16666666.6666667,7.4e+07,32333333.3333333,76333333.3333333,58666666.6666667,26333333.3333333,78666666.6666667,57666666.6666667,33333333.3333333,24333333.3333333,34333333.3333333,45333333.3333333,47333333.3333333,51666666.6666667,31333333.3333333,6.2e+07,34666666.6666667,36333333.3333333,4e+07,6e+07
"TG(11:2)",26666666.6666667,15110079,27333333.3333333,21333333.3333333,34666666.6666667,3.1e+07,25333333.3333333,20666666.6666667,34666666.6666667,27666666.6666667,3e+07,33666666.6666667,39666666.6666667,25333333.3333333,3.7e+07,32333333.3333333,34666666.6666667,30666666.6666667,4.4e+07,3.4e+07,4e+07
"TG(11:3)",8666666.66666667,9e+06,15666666.6666667,8e+06,20333333.3333333,1.7e+07,1.1e+07,9666666.66666667,1.5e+07,10666666.6666667,12333333.3333333,12333333.3333333,11333333.3333333,9333333.33333333,1.5e+07,11333333.3333333,1.3e+07,13666666.6666667,1.5e+07,20666666.6666667,18666666.6666667
"TG(11:4)",10333333.3333333,10333333.3333333,1.1e+07,7666666.66666667,13333333.3333333,10333333.3333333,13666666.6666667,7666666.66666667,12333333.3333333,11666666.6666667,10666666.6666667,11666666.6666667,12333333.3333333,8e+06,1.4e+07,1.1e+07,8666666.66666667,9e+06,1.7e+07,1.3e+07,1.5e+07
"TG(12:0)",30726729425.6667,29137265902.6667,6.0396e+10,50381726506,59940666666.6667,110507333333.333,40969729786.3333,103472666666.667,58524666666.6667,54060666666.6667,52417666666.6667,53433666666.6667,55972333333.3333,87563333333.3333,94839666666.6667,32053555767.6667,9.4239e+10,29037593290.3333,25409534650,27856356241,44535200080.6667
"TG(12:1)",62666666.6666667,63666666.6666667,86333333.3333333,47333333.3333333,62666666.6666667,1.7e+08,52333333.3333333,173333333.333333,65666666.6666667,83333333.3333333,8.1e+07,59666666.6666667,57666666.6666667,1.2e+08,133333333.333333,39666666.6666667,153333333.333333,48333333.3333333,4.2e+07,42333333.3333333,52333333.3333333
"TG(12:2)",54333333.3333333,48333333.3333333,56333333.3333333,39333333.3333333,47333333.3333333,1.05e+08,4.5e+07,123333333.333333,3.1e+07,62666666.6666667,5.8e+07,71333333.3333333,5.1e+07,94333333.3333333,83333333.3333333,46333333.3333333,70666666.6666667,56666666.6666667,5.2e+07,55333333.3333333,74666666.6666667
"TG(12:3)",5e+06,5666666.66666667,7666666.66666667,6333333.33333333,8e+06,6666666.66666667,5333333.33333333,7666666.66666667,8333333.33333333,7e+06,8333333.33333333,8333333.33333333,7333333.33333333,9e+06,8333333.33333333,8333333.33333333,9333333.33333333,8e+06,1.2e+07,8e+06,1e+07
"TG(13:0)",731333333.333333,642911139.333333,7.79e+08,6.59e+08,991666666.666667,982333333.333333,7.73e+08,573666666.666667,915666666.666667,913333333.333333,933666666.666667,9.9e+08,889666666.666667,919333333.333333,1.188e+09,933333333.333333,975666666.666667,702333333.333333,1017666666.66667,1014666666.66667,1280333333.33333
"TG(14:0)",48660333333.3333,47452206824,71629666666.6667,65446666666.6667,78052666666.6667,1.05916e+11,5.4804e+10,99528666666.6667,67972666666.6667,67184333333.3333,6.5686e+10,71771666666.6667,70678666666.6667,8.7902e+10,8.8739e+10,51008666666.6667,92427333333.3333,47476333333.3333,47753333333.3333,4.9124e+10,5.8853e+10
"TG(14:1)",400666666.666667,472666666.666667,445443365,3.74e+08,607666666.666667,444666666.666667,306333333.333333,532558896.333333,412666666.666667,393478402.666667,3.99e+08,4.46e+08,457131878,4.46e+08,374666666.666667,3.37e+08,453666666.666667,365333333.333333,356333333.333333,295333333.333333,516666666.666667
"TG(14:2)",269333333.333333,207333333.333333,5.01e+08,437666666.666667,554666666.666667,8.42e+08,449666666.666667,8.49e+08,335333333.333333,497666666.666667,526666666.666667,4.62e+08,571666666.666667,516333333.333333,757666666.666667,506666666.666667,804666666.666667,5.2e+08,331666666.666667,545333333.333333,5.24e+08
"TG(14:4)",9e+06,8e+06,13333333.3333333,16333333.3333333,13666666.6666667,2.3e+07,2.2e+07,2.1e+07,14333333.3333333,15333333.3333333,14333333.3333333,2e+07,15333333.3333333,21333333.3333333,19666666.6666667,10333333.3333333,1.5e+07,10666666.6666667,12333333.3333333,8e+06,14666666.6666667
"TG(15:0)",13657666666.6667,14351333333.3333,16363666666.6667,14664666666.6667,15164333333.3333,1.5828e+10,1.4417e+10,1.4239e+10,16538333333.3333,16003333333.3333,1.5321e+10,16618666666.6667,1.671e+10,17176666666.6667,1.7254e+10,1.7305e+10,19343666666.6667,15460333333.3333,17259333333.3333,1.7683e+10,18866666666.6667
"TG(16:0)",210574438101.667,229308272484.333,237926122142,215043342797.333,234802333333.333,258518333333.333,216595207487.333,266471333333.333,2.43751e+11,226737333333.333,2.21809e+11,232501333333.333,2.34167e+11,2.52354e+11,258768333333.333,212582829336,266271007626.333,2.2078e+11,212315145345,209513170388.333,228766111815
"TG(16:1)",95017279753,76479666666.6667,86550666666.6667,82526971749.3333,87273666666.6667,85765333333.3333,90774223010.6667,64194333333.3333,88745333333.3333,59894666666.6667,8.2668e+10,84264333333.3333,9.0168e+10,5.836e+10,6.5425e+10,89381333333.3333,65048333333.3333,7.8779e+10,81386333333.3333,8.9359e+10,104419666666.667
"TG(17:0)",24526666666.6667,22565333333.3333,2.6253e+10,2.2222e+10,20935666666.6667,2.7485e+10,2.5738e+10,23967333333.3333,26226333333.3333,2.136e+10,2.3909e+10,2.3003e+10,2.1119e+10,2.2779e+10,29033333333.3333,24885666666.6667,23999666666.6667,2.6102e+10,2.4037e+10,27569333333.3333,2.503e+10
"TG(17:1)",3400333333.33333,3449666666.66667,4.139e+09,4076666666.66667,3965666666.66667,4124666666.66667,4.272e+09,3673666666.66667,4554666666.66667,4297333333.33333,4.263e+09,4324333333.33333,4574333333.33333,4.181e+09,4.779e+09,5212333333.33333,4806333333.33333,4.909e+09,4955333333.33333,4.892e+09,4.949e+09
"TG(18:0)",48794666666.6667,5.4906e+10,46727666666.6667,48317333333.3333,5.0125e+10,4.2756e+10,5.2102e+10,51854666666.6667,4.7673e+10,46753333333.3333,47360666666.6667,4.9476e+10,48826333333.3333,47127938486,48603661017.6667,44487540155.6667,49011314813,54768666666.6667,45576260164.6667,48789751333.3333,51599760270
"TG(18:1)",501716666666.667,473702946448.333,4.82404e+11,496649393172.667,5.1154e+11,5.06081e+11,507650063119.667,527988333333.333,483205666666.667,451534333333.333,4.47072e+11,532695333333.333,501018333333.333,452325271819.333,466798661017.667,461631710819.667,490440640520,425810886060,442483755449,464242965417.667,528020181869
"TG(18:2)",236654228707,234801194808.333,243933865972.667,264605666666.667,266923220325.333,280225333333.333,230013666666.667,270322333333.333,251032666666.667,213724333333.333,232898666666.667,2.80293e+11,255585333333.333,225917657192.333,2.62703e+11,239283995189.333,2.63187e+11,193368461612.667,248254363257.667,241941262992,2.52849e+11
"TG(18:3)",134969333333.333,128903666666.667,128450443365,1.48417e+11,1.61466e+11,1.64085e+11,120208579567.333,178333892229.667,1.32417e+11,122924811736,1.22109e+11,1.6491e+11,147603465211.333,1.39778e+11,175288333333.333,113325333333.333,160421333333.333,114280333333.333,1.20829e+11,1.16434e+11,127179333333.333
"TG(18:4)",2222358927.33333,2790914536,3469561071,4360323940,3783333333.33333,4427333333.33333,3737135681.66667,3721666666.66667,4053666666.66667,3.925e+09,4.095e+09,4313333333.33333,2657666666.66667,4572666666.66667,4542333333.33333,4212666666.66667,5096666666.66667,4044333333.33333,4.583e+09,4320666666.66667,4812333333.33333
"TG(19:0)",6381062759,6699682552,8.112e+09,9.316e+09,7.704e+09,6928666666.66667,8.696e+09,8.478e+09,8176333333.33333,8.134e+09,7.353e+09,8.184e+09,8.56e+09,7372333333.33333,7.431e+09,7898360193.66667,7872333333.33333,8026040563.66667,7159363578,7848485210.66667,8.654e+09
"TG(19:1)",5551666666.66667,3.81e+09,5.813e+09,6.262e+09,5801333333.33333,5.795e+09,5.939e+09,5.404e+09,6.21e+09,4218333333.33333,5807333333.33333,5801333333.33333,5892333333.33333,3698666666.66667,4814666666.66667,6454666666.66667,5787333333.33333,4.055e+09,4397333333.33333,5347666666.66667,4264666666.66667
"TG(20:0)",5815666666.66667,8362333333.33333,5.827e+09,6225333333.33333,8094333333.33333,8141333333.33333,6624666666.66667,5479333333.33333,8171333333.33333,5842666666.66667,7.761e+09,8407666666.66667,8541666666.66667,7352666666.66667,8411666666.66667,7.425e+09,8070666666.66667,6195666666.66667,5306333333.33333,5080333333.33333,8.372e+09
"TG(20:1)",1.2853e+10,1.1938e+10,15077666666.6667,14596666666.6667,13378666666.6667,14161666666.6667,16734666666.6667,13930666666.6667,14488333333.3333,11841333333.3333,1.7417e+10,1.3304e+10,18081666666.6667,1.2045e+10,14417333333.3333,1.1174e+10,1.2667e+10,15684666666.6667,1.3726e+10,12356666666.6667,13933333333.3333
"TG(20:2)",3.27e+09,3365666666.66667,3.165e+09,5.71e+09,3.366e+09,4364666666.66667,3383333333.33333,6364666666.66667,3706666666.66667,5.37e+09,5366666666.66667,3706666666.66667,3.37e+09,3.695e+09,4.04e+09,3.199e+09,5.7e+09,4364666666.66667,3.096e+09,2690333333.33333,3.3e+09
"TG(20:3)",7784666666.66667,7857666666.66667,8950865972.66667,9518666666.66667,7574220325.33333,11929666666.6667,9209666666.66667,11067666666.6667,10253666666.6667,6814333333.33333,8849666666.66667,7830333333.33333,9.879e+09,9181333333.33333,9920333333.33333,8937333333.33333,6820333333.33333,5.672e+09,8980666666.66667,8817333333.33333,5.729e+09
"TG(20:4)",17626666666.6667,1.8289e+10,1.9915e+10,18105333333.3333,20256666666.6667,19094333333.3333,20371333333.3333,18959666666.6667,21063666666.6667,19847333333.3333,2.0718e+10,2.1213e+10,20979666666.6667,22403666666.6667,20915666666.6667,21014333333.3333,21292333333.3333,20619666666.6667,22371766295,21891333333.3333,21147333333.3333
"TG(20:5)",864666666.666667,953244472.666667,1095666666.66667,8.68e+08,1179333333.33333,1.243e+09,990333333.333333,1.142e+09,1.499e+09,1554333333.33333,1386666666.66667,1473666666.66667,1489666666.66667,1.668e+09,1704666666.66667,1522666666.66667,1841666666.66667,1571666666.66667,1.706e+09,1629333333.33333,1814333333.33333
"TG(21:0)",2196666666.66667,2836666666.66667,2386666666.66667,2556666666.66667,2596666666.66667,2006666666.66667,2.55e+09,2106666666.66667,2296666666.66667,2446666666.66667,2113333333.33333,2496666666.66667,2306666666.66667,1603333333.33333,2143333333.33333,2216666666.66667,1946666666.66667,2873333333.33333,2186666666.66667,2033333333.33333,2.69e+09
"TG(21:1)",646666666.666667,6.3e+08,636666666.666667,716666666.666667,733333333.333333,713333333.333333,6.2e+08,906666666.666667,703333333.333333,6.1e+08,6.8e+08,766666666.666667,6.5e+08,593333333.333333,8.2e+08,786666666.666667,723333333.333333,646666666.666667,736333333.333333,593333333.333333,7.7e+08
"TG(22:0)",6333333.33333333,5666666.66666667,5e+06,6e+06,5333333.33333333,73333333.3333333,13666666.6666667,6666666.66666667,5333333.33333333,6666666.66666667,3666666.66666667,93333333.3333333,9e+06,11666666.6666667,4666666.66666667,5e+06,5333333.33333333,143333333.333333,6333333.33333333,3666666.66666667,96666666.6666667
"TG(22:1)",1833333333.33333,1133333333.33333,1.1e+09,1266666666.66667,1166666666.66667,1133333333.33333,1.5e+09,1033333333.33333,1133333333.33333,1233333333.33333,1.9e+09,1.3e+09,1333333333.33333,1733333333.33333,2066666666.66667,1166666666.66667,1166666666.66667,1333333333.33333,1533333333.33333,1633333333.33333,2033333333.33333
"TG(22:2)",4.12e+08,407333333.333333,708333333.333333,453333333.333333,4.43e+08,1.488e+09,1223666666.66667,5.31e+08,1139666666.66667,1105666666.66667,1.08e+09,429666666.666667,1130333333.33333,1.102e+09,1306666666.66667,1014333333.33333,1.004e+09,408333333.333333,394333333.333333,952666666.666667,363666666.666667
"TG(22:3)",26666666.6666667,22666666.6666667,2.9e+07,1.9e+07,2.9e+07,29666666.6666667,27666666.6666667,2.8e+07,34333333.3333333,23333333.3333333,2.4e+07,3.5e+07,2.5e+07,24666666.6666667,3.2e+07,24666666.6666667,3.1e+07,17666666.6666667,39666666.6666667,2.8e+07,28333333.3333333
"TG(22:4)",6444333333.33333,7894666666.66667,7686333333.33333,9061666666.66667,6779333333.33333,10516333333.3333,9555666666.66667,8.264e+09,8.839e+09,6689333333.33333,6575666666.66667,8.447e+09,8308666666.66667,8026666666.66667,8.781e+09,7.273e+09,6751666666.66667,7765666666.66667,9.04e+09,8614666666.66667,6.446e+09
"TG(22:5)",1954666666.66667,1778666666.66667,2305333333.33333,2537666666.66667,2195666666.66667,2711333333.33333,2466666666.66667,2802666666.66667,2256333333.33333,2.228e+09,2.207e+09,2202333333.33333,2.373e+09,2228323859,2294666666.66667,1.939e+09,2230666666.66667,1.919e+09,2000666666.66667,1795333333.33333,1968333333.33333
"TG(22:6)",1.0608e+10,12611666666.6667,1.2933e+10,1.1793e+10,14327333333.3333,1.2841e+10,12183333333.3333,1.2897e+10,12333333333.3333,1.2148e+10,12155666666.6667,12837666666.6667,12005333333.3333,12675333333.3333,1.2359e+10,9628005970,1.2614e+10,10663123044.3333,10872333333.3333,10763268277.6667,12573666666.6667
"TG(23:0)",1096666666.66667,1.22e+09,9.8e+08,1266666666.66667,1039666666.66667,1.07e+09,1.2e+09,1.02e+09,1096666666.66667,1093333333.33333,1156666666.66667,1222666666.66667,1.05e+09,943333333.333333,996333333.333333,9.37e+08,865333333.333333,1.18e+09,910333333.333333,837666666.666667,1036666666.66667
"TG(23:1)",361666666.666667,374666666.666667,389666666.666667,420666666.666667,382666666.666667,3.68e+08,638333333.333333,383333333.333333,450333333.333333,375333333.333333,5.84e+08,409666666.666667,384333333.333333,329333333.333333,632666666.666667,4.16e+08,361666666.666667,613666666.666667,593666666.666667,339666666.666667,409666666.666667
"TG(24:0)",1492333333.33333,2106666666.66667,1290666666.66667,1916666666.66667,1442333333.33333,1402666666.66667,1936666666.66667,1653333333.33333,1.582e+09,1546666666.66667,1.489e+09,1431333333.33333,1586666666.66667,1148666666.66667,1276666666.66667,1142333333.33333,1.174e+09,1875666666.66667,1.18e+09,1164333333.33333,1.423e+09
"TG(24:1)",4.845e+09,5.489e+09,5235333333.33333,5460333333.33333,6650333333.33333,4801333333.33333,6518666666.66667,6.681e+09,5.21e+09,4989333333.33333,5.356e+09,5773666666.66667,5668666666.66667,4266666666.66667,5125333333.33333,4498666666.66667,5220333333.33333,6476333333.33333,4589333333.33333,5612333333.33333,5.584e+09
"TG(24:2)",569333333.333333,7.48e+08,714666666.666667,8.44e+08,6.43e+08,868333333.333333,812333333.333333,1.14e+09,684666666.666667,589333333.333333,714666666.666667,560333333.333333,6.64e+08,577666666.666667,8.42e+08,5.5e+08,742666666.666667,6.42e+08,4.95e+08,571333333.333333,629666666.666667
"TG(25:0)",376333333.333333,406666666.666667,3.43e+08,457333333.333333,341666666.666667,2.97e+08,508333333.333333,363333333.333333,3.51e+08,356666666.666667,331666666.666667,361333333.333333,359333333.333333,2.7e+08,3.15e+08,3.54e+08,278666666.666667,379666666.666667,2.69e+08,2.41e+08,3.5e+08
"TG(25:1)",1.4e+08,143333333.333333,143333333.333333,166666666.666667,1.3e+08,1.4e+08,1.7e+08,146666666.666667,1.5e+08,146666666.666667,143333333.333333,163333333.333333,1.5e+08,1.2e+08,1.6e+08,1.5e+08,123333333.333333,143333333.333333,216666666.666667,123333333.333333,156666666.666667
"TG(26:0)",3.2e+08,3.96e+08,269666666.666667,379333333.333333,2.92e+08,245666666.666667,403333333.333333,3.24e+08,287333333.333333,2.93e+08,274333333.333333,286333333.333333,293333333.333333,221666666.666667,2.5e+08,213162669.333333,209340959.666667,308666666.666667,205478678.333333,202503721.666667,272111815
"TG(26:1)",7.3e+08,806666666.666667,636666666.666667,693333333.333333,6.4e+08,7.1e+08,736666666.666667,766666666.666667,646666666.666667,7.9e+08,603333333.333333,6.4e+08,8.1e+08,526666666.666667,853333333.333333,5e+08,6.5e+08,5.5e+08,536666666.666667,483333333.333333,586666666.666667
"TG(27:0)",20333333.3333333,23666666.6666667,17666666.6666667,25333333.3333333,15333333.3333333,16333333.3333333,2.4e+07,19333333.3333333,18333333.3333333,19666666.6666667,16666666.6666667,17333333.3333333,19666666.6666667,12666666.6666667,1.7e+07,1.4e+07,1.2e+07,1.8e+07,11666666.6666667,12666666.6666667,15333333.3333333
"TG(27:1)",116666666.666667,108333333.333333,106666666.666667,127666666.666667,93333333.3333333,89666666.6666667,1.58e+08,120333333.333333,105333333.333333,104333333.333333,102333333.333333,1.12e+08,107333333.333333,85666666.6666667,1.03e+08,9.2e+07,9.4e+07,99666666.6666667,81333333.3333333,73333333.3333333,101666666.666667
"TG(28:0)",33333333.3333333,5e+07,26666666.6666667,36666666.6666667,2.5e+07,2.3e+07,4e+07,32666666.6666667,29666666.6666667,2.9e+07,27666666.6666667,28333333.3333333,29666666.6666667,20333333.3333333,2.5e+07,2e+07,2e+07,29666666.6666667,1.9e+07,17333333.3333333,2.5e+07
"TG(28:1)",183333333.333333,1.8e+08,166666666.666667,187666666.666667,155666666.666667,141333333.333333,193666666.666667,166666666.666667,158666666.666667,1.6e+08,1.52e+08,167333333.333333,1.61e+08,1.04e+08,173333333.333333,139333333.333333,1.45e+08,143333333.333333,127333333.333333,108666666.666667,156666666.666667
"TG(29:0)",30333333.3333333,34333333.3333333,28666666.6666667,39333333.3333333,2.4e+07,24666666.6666667,4e+07,32666666.6666667,2.9e+07,3e+07,25333333.3333333,28666666.6666667,27666666.6666667,16938486,24327684.3333333,22044153,21640520,25666666.6666667,12781486.3333333,16914278.3333333,23315121.6666667
"TG(29:1)",79666666.6666667,68666666.6666667,74666666.6666667,1e+08,65666666.6666667,63666666.6666667,96666666.6666667,73333333.3333333,7.8e+07,74333333.3333333,7.5e+07,77666666.6666667,81666666.6666667,5.7e+07,7.3e+07,6.9e+07,6e+07,71333333.3333333,53333333.3333333,4.6e+07,7.5e+07
"TG(30:0)",9.6e+07,1.21e+08,99333333.3333333,123666666.666667,8e+07,81333333.3333333,122333333.333333,94666666.6666667,91333333.3333333,1.06e+08,8e+07,8.8e+07,94666666.6666667,59333333.3333333,80333333.3333333,70666666.6666667,76666666.6666667,8.5e+07,61333333.3333333,56333333.3333333,77333333.3333333
"TG(30:1)",2.84e+08,312333333.333333,276532639.333333,376666666.666667,257886992,2.77e+08,4.05e+08,288333333.333333,297666666.666667,3.1e+08,2.89e+08,3.21e+08,284333333.333333,229666666.666667,315666666.666667,2.56e+08,270666666.666667,281666666.666667,2.07e+08,2.03e+08,310333333.333333
"TG(4:0)",7325228707,7507950335.66667,7198110031.66667,7321333333.33333,9447666666.66667,7390666666.66667,7204333333.33333,7869225563,9143333333.33333,9014145069.33333,7937666666.66667,8.473e+09,8620798544.66667,7676657192.33333,8361666666.66667,8935655886,7.791e+09,8012338568.33333,8825930296,7630661381,9980666666.66667
"TG(6:0)",4925666666.66667,5357836369.33333,5973333333.33333,5345393172.66667,6742333333.33333,7.196e+09,5314729786.33333,7.173e+09,6420666666.66667,6.174e+09,6113666666.66667,6120666666.66667,6.372e+09,6865333333.33333,7.103e+09,6338339303.33333,7596666666.66667,6259675771,6117406924.33333,5145652750.33333,7433533414
"TG(8:0)",120333333.333333,132333333.333333,1.62e+08,147666666.666667,180333333.333333,2.38e+08,1.39e+08,2.29e+08,164666666.666667,168666666.666667,1.71e+08,160333333.333333,1.8e+08,179333333.333333,218666666.666667,1.33e+08,2.16e+08,129666666.666667,1.45e+08,1.29e+08,167333333.333333
"TG(9:0)",553333333.333333,559666666.666667,677666666.666667,5.94e+08,7.67e+08,876666666.666667,663666666.666667,7.66e+08,691333333.333333,677333333.333333,654666666.666667,693333333.333333,6.73e+08,7.7e+08,866666666.666667,600333333.333333,8e+08,594666666.666667,710333333.333333,619333333.333333,759666666.666667
