"subclass","I1_0","I1_2","I1_7","I2_0","I2_2","I2_7","I3_0","I3_2","I3_7"
"DG(14:0)",320276,536781,693692.5,265107,690372.5,492436.5,715681.5,490244.5,708135.5
"DG(14:1)",264932.5,227880,134002.5,113994,81523.5,169289,136502,161394.5,346599.5
"DG(15:0)",114610.5,71049,38065,44626.5,49804,54469.5,40692.5,55761,44183
"DG(15:1)",8465.5,7603.5,973,2050,905.5,1527,277,2775.5,5844
"DG(16:0)",2008394.5,5305157,3278604,1007220.5,4548988.5,1474267,2523016,2318458.5,3624230.5
"DG(16:1)",1229568,2193704,1575910.5,806498,1620952.5,860862,1001442.5,1197498.5,2229845
"DG(16:2)",25986.5,31623.5,21057,14468.5,24121.5,15058,17123,10487.5,31096
"DG(16:3)",141317.5,83894.5,53620.5,21005,55205.5,43336,40843,48797,93635
"DG(16:4)",83643,13424.5,13583.5,4121,10197,11884.5,13264,13727.5,63099
"DG(17:0)",124818,122954,133354,59924.5,180236,95535,117015,180134,208596
"DG(17:1)",107508,162678,83173.5,56991.5,93517.5,60517.5,94029,89283.5,155331.5
"DG(17:2)",246101,119274,95709.5,108225,119573.5,75924.5,96553.5,124949,255548
"DG(18:0)",2386267.5,3667192.5,2906755.5,1346882,3635539.5,1931328,2076170.5,2527211.5,3343092.5
"DG(18:1)",6402871,22438174.5,13994839.5,7201149,16613014.5,7569008.5,9362181,11186841.5,16801904
"DG(18:2)",4685247.5,8867559.5,5091359.5,2598505.5,6743999.5,2728478,3764234,3603299,6716010.5
"DG(18:3)",614880.5,612306,307573.5,310674.5,418376.5,255345,299027.5,251138.5,522749.5
"DG(18:4)",2137.5,6375,2818.5,1476.5,925.5,9078.5,7333.5,4393.5,5729
"DG(19:0)",339106,215615.5,231980.5,139336,186312.5,154177,183135.5,196822,271313.5
"DG(19:1)",86615.5,38152.5,25831,35359.5,28620,33417,18550.5,28175.5,3312
"DG(19:2)",294531,233610.5,94432,125270,101129,125555.5,130810,157208,264139
"DG(20:0)",133371.5,99040.5,79026,67780.5,77540,61875,52526,46984,87390
"DG(20:1)",133738.5,277962.5,204272.5,147243,242854,146385.5,147498,214403,263890
"DG(20:2)",353439.5,391139.5,659247.5,367094.5,622384.5,342796.5,304890,413648,618533
"DG(20:3)",112274.5,93526,130762.5,58020.5,112090.5,80914,73190.5,55370,157023.5
"DG(20:4)",120115,313466,282184.5,56939,208232,173208.5,84978,140364.5,510060
"DG(21:1)",125852.5,95222.5,74834,53561,74524,54514.5,67762,68128.5,104555
"DG(21:2)",4928.5,41136,34248.5,21478,33175.5,21382,24267.5,32066.5,18730.5
"DG(22:0)",165729.5,221032,205097,142496,135853.5,132896.5,157087,151754.5,231035
"DG(22:1)",91427.5,226208,262620,108633,212742.5,142012,138879,130335,179481
"DG(22:2)",141943.5,82622.5,63915.5,90399.5,104980.5,90108.5,72522,93380.5,117322
"DG(22:3)",11121,3073.5,5293,1114,3003.5,4137.5,2079.5,5265.5,17468.5
"DG(22:4)",73431.5,426998,335663.5,41395.5,329528.5,191373.5,222432,187561.5,142315.5
"DG(22:5)",21647.5,22564.5,24417,4630.5,37383.5,35386.5,13700,35155,57187
"DG(22:6)",25199,35766,20422.5,13012,37510,17724,34401,21796.5,18520
"DG(24:1)",698,2474.5,5283,1114,3003.5,3185.5,2079.5,5265.5,15620.5
"DG(24:2)",185820.5,228302.5,549521,116813.5,545478,352833.5,528857.5,290847.5,376121
"DG(24:5)",52311,25586.5,28289.5,31599.5,29935.5,19452.5,19469,31634,29979
"DG(24:6)",90679,106296,59853.5,51484.5,92450.5,50390.5,65607.5,90989.5,92796
"DG(25:0)",134320,100819,125734,80893.5,81332,67258.5,85497.5,70364,77915.5
"DG(26:0)",36207,5539.5,5841.5,13759,9290.5,11553,13051,6270.5,13625.5
"DG(26:4)",62828.5,24498,18246.5,21649,26495,23274.5,21131,32279.5,39629
"DG(26:6)",242090,74309.5,98079,70313.5,84642,88607,52419,89033,165123.5
"DG(28:0)",8538,12821.5,9040.5,1762,10681,10757,8510.5,16378.5,11905
"DG(28:2)",4566.5,24808.5,153,2957.5,13516,349.5,7580.5,16008,660
"DG(28:5)",236275.5,118263,92210.5,111410.5,157669.5,93285.5,113003.5,137108.5,240952
"DG(28:6)",67599,9598,11872.5,2310,9633,8530,10732,8809.5,55374.5
"DG(30:2)",61904,413788.5,286276.5,31222.5,304352,150992,214003.5,167921,93379.5
"DG(30:5)",6036,16958,2998.5,5184.5,34221,29960.5,31386,10511,26093
"DG(30:6)",7344,15334,11896.5,9191,29375.5,9609,10082,13752.5,17874.5
"DG(31:0)",8550.5,57090,146905.5,110160.5,8178,90979.5,14362,108260,104527
"DG(32:6)",7681,17752,12453,8404.5,19313.5,16010,20900.5,12890,11892
"DG(34:1)",8902,11635,12556,23306.5,18355.5,28318,21252,10648.5,8045
"DG(34:6)",14214,26166.5,44973,41738,55373,46224,25914,44079,29494.5
"DG(8:0)",223583.5,120010,137295,116855,154985.5,103382.5,91524,117953.5,171509.5
"DG(9:0)",212130,111330,133044,87690.5,122548.5,103783,103207.5,103933,149373.5
"FA(14:0)",51760,53220,54282,29772,48233,56333,28315,42593,95602
"FA(16:0)",721031,730171,897668,502908,673544,800129,377591,666522,1652967
"FA(16:1)",33612,27117,33017,7160,14978,15172,4635,14908,42998
"FA(17:0)",14851,8569,12457,3154,6546,11866,4930,7271,21469
"FA(18:0)",1717572,1246032,1473177,764406,1156653,1427898,554160,1083272,2352239
"FA(18:1)",363192,463384,510867,183730,381755,412855,157978,385434,902533
"FA(18:2)",912835,495548,577736,233056,422636,495867,162433,447293,1428700
"FA(18:3)",70260,41597,43933,17179,35057,48819,14659,54785,154492
"FA(20:0)",62553,38344,53543,24225,36037,46490,19595,35693,83355
"FA(20:1)",34284,25153,52966,20505,37762,21485,12360,32786,68116
"FA(20:4)",65437,58466,83333,32503,69407,52861,32985,57544,85114
"FA(20:5)",25824,6359,1934,19829,34090,34585,15220,37888,4836
"FA(22:4)",4494,9431,8686,1580,9249,6236,1855,5184,12536
"FA(22:5)",12867,15447,13511,1609,11243,15227,1235,4555,22961
"FA(22:6)",27365,55411,31097,26840,60475,50923,28230,46978,95029
"FA(24:0)",27146,21898,26326,13492,23778,16531,7833,23242,38898
"FA(26:0)",17252,17974,19010,9610,11045,15846,14417,17642,18574
"FA(28:0)",21724,9711,14366,17711,15450,13179,14414,16024,29226
"FA(30:0)",26557,24368,29534,23111,22281,22335,23790,32471,20410
"FA(38:5)",34152,26157,54741,62135,55991,37454,25953,34433,26033
"FA(40:5)",107261,117007,192706,89173,73124,204444,97220,184471,111920
"FA(42:5)",313794,156611,68803,231059,126382,251492,148730,159312,188581
"FA(44:5)",146581,104791,147156,158535,85995,128036,91234,139575,125362
"LPC(13:1)",132145,232709,169474,256656,196208,193749,265227,237523,249934
"LPC(15:0)",2664,3328,14538,2946,2240,12711,4181,2025,19089
"LPC(16:0)",69834,112627,367910,55990,123524,327867,66015,90768,399866
"LPC(17:0)",13436,14893,33526,9422,16893,30160,8829,15725,53131
"LPC(18:0)",156116,221930,420345,57303,219017,378492,117488,200656,555298
"LPC(18:1)",60489,58950,148315,46669,73566,137656,63132,70461,195080
"LPC(19:1)",2779,12302,2195,21101,16076,3458,20024,15284,9084
"LPC(20:0)",5136,7614,19885,99,5272,12098,1522,5195,24527
"LPC(20:1)",6838,13444,27036,4476,13501,24546,6164,10119,49105
"LPC(20:3)",8089,27200,71195,2688,23731,59214,10428,20902,22574
"LPC(20:4)",3129,3395,12761,4464,5055,12025,4232,3247,18686
"LPC(22:0)",16459,35721,32436,19140,25142,19144,19295,32534,17459
"LPC(22:5)",6175,7678,9488,2441,6122,5520,13064,9473,10192
"LPC(22:6)",64778,24367,31406,94938,23941,13103,94841,42374,95205
"LPC(23:0)",253421,39113,22937,21677,19115,36384,20641,35203,116919
"LPC(24:3)",97752,59624,41965,54529,67154,26413,42729,44450,45996
"LPC(26:0)",6643,7837,15253,2080,18,17418,231,2983,32080
"LPC(28:0)",41282,23437,23595,19076,23885,13540,23783,19804,28079
"LPC(28:5)",27349,10819,11706,9949,12399,9430,9730,12751,15027
"LPC(28:6)",18734,25357,18869,12197,26270,16215,15095,21113,21230
"LPE(18:0)",14855,33334,97992,2512,39839,96646,3872,23489,126949
"LPE(20:4)",1967,9440,18675,3742,5385,13407,3179,724,27463
"LPE(22:6)",1307,17970,16011,24614,4201,4586,5649,13468,7802
"LPE(5:0)",127324,202785,195930,92394,147322,141045,92800,183216,389791
"LPE(6:0)",51576,226819,208436,127876,192250,178133,140222,190474,459477
"MG(16:3)",262781,210135,142042,207331,201037,140326,229918,165860,177946
"MG(16:4)",138772,112068,84068,65522,114585,88563,64557,110728,123845
"MG(18:0)",46513,21076,13955,12951,19609,6171,8276,11072,41305
"MG(18:1)",76670,82279,43631,30810,47210,27906,42681,79307,72821
"MG(18:2)",347477,159389,100935,84165,52448,104471,59257,104987,187027
"MG(18:3)",224457,178650,180774,137204,165048,201994,96648,164414,358937
"MG(19:0)",148649,157428,216463,91873,151350,154835,100614,124312,244170
"MG(20:3)",151629,480280,369742,280561,504069,271062,256776,413957,373489
"MG(9:0)",1402,4473,3144,1515,3341,4608,37974,101,25080
"PC(12:0)",8642,14146.5,22386,4361,14152.5,17636.5,4142,9930.5,15578
"PC(13:0)",84456,45417.5,57821,18828,37954,24014,29966,31764,79480
"PC(14:0)",438542,588991.5,953879.5,154970,574923.5,716831.5,239138,416624.5,983997
"PC(15:0)",159488,290432,700296.5,102508,296740,658596.5,129741,229780.5,609920
"PC(15:1)",9696,11561.5,18417,1532,10456,13761.5,3088.5,10315.5,29818
"PC(16:0)",3245667.5,9265760.5,16259639,2201028.5,8304762,11582329,2605046,6667873.5,19937154.5
"PC(16:1)",682282,1832571,2967159.5,465408.5,1795460.5,2963511,449366,1205962.5,3400515.5
"PC(16:2)",4003.5,9033,34478,4343,9274,13373,1019,7411,32653
"PC(17:0)",58654.5,163342,264152.5,44214.5,113165.5,178189,130712,74236,247839
"PC(17:1)",37465,164251.5,291213,72813,127328,279383.5,87380.5,163235.5,231472
"PC(17:2)",100878,88326.5,221407.5,41591,90331,143439.5,36879,66035.5,224061
"PC(18:0)",1688634.5,2994458.5,4901002,956381,2906066,4307764.5,1072180,2024964.5,7798207.5
"PC(18:1)",2743460.5,8168235,12914703,1756715,5691310.5,8949924,1626316.5,5051276,15829336
"PC(18:2)",336133,549385,926576,186723,506697,649144,221564.5,414983,1050975
"PC(18:3)",193715.5,578594.5,1120039.5,173725,648157.5,1113588.5,206957.5,453200,1445269
"PC(18:4)",2179,62311,98864,7168.5,24272,21538.5,2285.5,8345.5,72189
"PC(18:5)",232083.5,117001.5,36938,75118,93260.5,89766.5,84154,94660,115526.5
"PC(19:0)",291849.5,181847,255864,77618.5,183191,186441.5,128323,150482,290370
"PC(19:1)",65665,27952.5,247306,22185.5,84239.5,134681,24131,76488,247270.5
"PC(19:2)",236404,281889,589089.5,98718.5,189807,435911,125109,248836.5,768692.5
"PC(20:0)",62519,133934,118591.5,56028.5,116540,48539,52114.5,126587.5,106451
"PC(20:1)",32952,150899,183795.5,32853,141231.5,239786,42107.5,95859,177595
"PC(20:2)",142660.5,125248,109986,75595.5,171793,103596.5,71894.5,118495.5,149965
"PC(20:3)",447658,511462,1155719.5,206589.5,605916.5,1053415.5,257509.5,401220.5,1906472
"PC(20:4)",1708549,3044060.5,5520558,1011836.5,2827690.5,4917131.5,984899.5,2164465,8108224
"PC(20:5)",112769.5,401393.5,409624,69052,377905,360654,77107,251574.5,517568
"PC(21:1)",139583,136791.5,152505,59937.5,130918,128074.5,104209.5,101098,249194
"PC(21:2)",96992.5,57366.5,83391.5,37205.5,51625,54099.5,54967.5,43165.5,86665
"PC(22:0)",18263,34739.5,19312.5,15138,11233,3825,21616.5,16235,14604.5
"PC(22:1)",18576.5,31140,12809.5,17678,16747,9630.5,10274,10442,15015.5
"PC(22:2)",8038.5,9849,4022.5,1226.5,9981.5,5256,3088.5,9770,6410
"PC(22:3)",14935,888,1985,557,549,1045,888,1342,4350
"PC(22:4)",74677,86837,139456.5,34200,78083,113807.5,27474.5,65626.5,181264
"PC(22:5)",152973.5,210375.5,430203,78368.5,150840.5,279250.5,89376.5,172263,521995.5
"PC(22:6)",298707,463104,618013.5,126265,524924.5,591474,192471,375611,1094847.5
"PC(23:0)",9392,20924,6319.5,9486.5,3230.5,5692,2764,20098,8028
"PC(24:1)",76376,53385.5,32966.5,16394,32426,34497.5,25592,28999,60338.5
"PC(24:2)",2574.5,1795,5381.5,1016.5,2235,2545,1128,1644,8603.5
"PC(24:5)",53544.5,3937.5,7643,3193,6088.5,3846,6319.5,5341.5,30845.5
"PC(25:0)",16381.5,21766.5,4915.5,1996.5,17245,4144,6841,1636.5,12108
"PC(26:0)",22099,101954,87196.5,37368,89535.5,25111,43597,102797.5,42553.5
"PC(26:1)",53150.5,57340,84135.5,18404.5,43676.5,24975,91037,19874,54094
"PC(26:2)",7301.5,34633,13418.5,3227.5,15220,13673.5,22819.5,12807.5,17750.5
"PC(26:3)",67746.5,34278.5,27760,3877,23609.5,23892,17119,21111,53505
"PC(26:4)",9739,5686,6003,5880.5,6052.5,5956.5,3075,7057,5457
"PC(26:5)",20400,4098.5,23916,3863.5,5445.5,6868,677.5,4746.5,21109.5
"PC(28:2)",15785.5,754,1216.5,1450,222.5,108.5,783,55,11294
"PC(28:3)",25114,10982.5,7573.5,11826.5,9853,4673.5,4979.5,15393.5,48734.5
"PC(28:5)",14294.5,5481.5,2134.5,NA,2148.5,594.5,185.5,786,7499.5
"PC(30:2)",84456,45417.5,57821,18828,37954,24014,29966,31764,79480
"PC(30:5)",39274,7988.5,897,1752.5,5516,3206,953.5,6001,10311.5
"PC(30:6)",8642,14146.5,22386,4361,14152.5,17636.5,4142,9930.5,15578
"PC(32:6)",485,15692.5,313,1077,13092,99,447.5,934,147.5
"PE(14:1)",2567.5,3818,9454.5,644.5,4104,9874.5,1294.5,3355,12511
"PE(16:0)",772363.5,750036.5,1289191.5,232728.5,809269,1346335,303173.5,652516,2357197.5
"PE(16:1)",270573.5,413171.5,781282.5,134432,464783,557874,142838.5,296443.5,1115308
"PE(16:4)",30032,25731.5,33936.5,8015,38785,52190.5,5604,25502,114763.5
"PE(17:0)",4620.5,13150,33390,5023,15809,28942.5,7208,15038.5,27847
"PE(18:0)",513127,832394,1426747,346520,755363.5,1339316,335327,700351.5,2120967.5
"PE(18:1)",788604.5,833673.5,1833839,384025,862544,1647953,318826,564010,2383789.5
"PE(18:2)",19487,86331.5,238864,30610,93677.5,140748,37537,58869.5,196864
"PE(18:3)",29367,48336.5,1e+05,24815.5,49668,69589.5,25945,35403,153152.5
"PE(20:1)",78078,72999,157266,26044,74094,141555,28942,30014,324216
"PE(20:2)",51088.5,71449.5,116539,30558,68175.5,91626,33127,51269.5,168366.5
"PE(20:3)",115925.5,142944,313848.5,58550,113220,279372,45908.5,76066.5,470611
"PE(20:4)",471028.5,777330.5,1242954.5,271369.5,736836,1112818,274621,684494,1985584
"PE(20:5)",87967,125555.5,199252,24884.5,126773.5,176751,31552,62549,393735
"PE(22:0)",22591,19797,11641.5,6235,25431,33213.5,3427.5,21455,76136.5
"PE(22:2)",18715,20793,45082.5,14050,23668.5,19021.5,14301.5,17328,79949.5
"PE(22:3)",4314.5,6662,11557.5,1947,6247.5,8717.5,5121,3388.5,15212.5
"PE(22:4)",91252,125459,168417.5,42519.5,126434,168887.5,53581.5,93788,262139
"PE(22:5)",454725.5,683417,1165438.5,218003,652104,1247137.5,322877,540895.5,1754723.5
"PE(22:6)",111789.5,250767,513431.5,89098.5,285666,433206,104046,175844,667005.5
"PE(24:4)",7441,5934.5,22295,1780,13354,18977,2176.5,4047,38627
"PE(24:5)",8236.5,9589,18173.5,3575,10189,17783,5935.5,7132,29917.5
"PE(24:6)",61900,108523,163772.5,38265,88211.5,125241,27146.5,77671,285144.5
"PE(25:0)",25056,14027,12097,11433.5,14565,12180,9038,15728,12004
"PE(26:2)",11861,23438,48166,10248,24289.5,44746.5,8359,19262,79203.5
"PG(16:0)",16206.5,31135,26022,9457.5,28546,33173.5,8561,22907,12702
"PG(16:1)",4456,6515,6363,4461.5,5450.5,6856,2567,5199,12702
"PG(17:0)",9680,9269.5,40564,8487.5,14781.5,38773.5,9412,14544.5,42631
"PG(18:0)",12165.5,38945.5,50678,11796,29914.5,56802.5,8560,21556.5,91045
"PG(18:1)",29451,61450.5,113585.5,21710.5,55693.5,129934.5,21039.5,50189.5,126789.5
"PG(22:5)",409,5046.5,11214,614.5,4299.5,11473,652,2702.5,16032
"PG(22:6)",10735,44991,124121.5,2363.5,34927.5,96868,2119.5,25562,169630.5
"PG(5:0)",40221,44667.5,25692,35475.5,40910,29980,28347.5,34905,31975
"PG(9:0)",40221,44667.5,25692,35475.5,40910,29980,28347.5,34905,31975
"PI(16:0)",12049.5,16520.5,65171,4992,30645,59925,10249.5,23893,56810.5
"PI(18:0)",51162.5,142160.5,270118.5,35387.5,164400,261303,38906,104872,200223
"PI(18:1)",8065,21455.5,34073,8059.5,35589,50722,11273,27690.5,50574
"PI(20:3)",1094.5,6813,25891.5,207,8501.5,35064.5,901.5,4678.5,23162.5
"PI(20:4)",62739,169016,298975.5,45519,207018.5,296378,52148,138606,247986
"PI(22:5)",7443.5,4307.5,44495.5,2713,15114,40507.5,7379,13171,36459
"PS(16:4)",9,1283.5,27046,NA,2063.5,22467.5,NA,315,30035.5
"PS(18:0)",11744.5,34542.5,92022.5,14334.5,33707.5,142326.5,8288,29359.5,198017
"PS(18:1)",1934,17717.5,39267,6515.5,19407.5,79291.5,4064,13335,75702
"PS(20:0)",22347,5288,5569,2736.5,14390,23504.5,6126.5,9910,65102
"PS(20:4)",9810.5,16825,52755.5,7819,14300,63035,4224,16024.5,122315
"PS(20:5)",22347,5288,5569,2736.5,14390,23504.5,6126.5,9910,65102
"PS(24:1)",9,1283.5,27046,NA,2063.5,22467.5,NA,315,30035.5
"SM(11:0)",52559,63168,119693,24514,63975,87415,32918,42676,231436
"SM(13:0)",11669,1202,32048,18,1709,24151,615,1201,48469
"SM(13:1)",15009,123511,101466,54363,86269,39321,55518,37500,69650
"SM(15:0)",112562,109752,408421,31937,95742,342627,56378,66102,717552
"SM(15:1)",15437,18066,80714,5768,17773,73221,10887,16956,128239
"SM(16:0)",552617,752106,3351754,405898,764955,2513474,439085,601739,4209322
"SM(16:1)",8824,371,18053,4300,8143,11251,6351,9541,14233
"SM(17:0)",7632,21940,96959,2651,25956,96109,8559,6553,99553
"SM(17:2)",109150,15338,61753,48093,67148,11269,44876,62841,68847
"SM(18:3)",9901,18932,44565,9216,17907,36155,13395,15815,51053
"SM(18:4)",34998,127906,770993,52119,142806,593284,75185,75114,902788
"SM(18:5)",776921,372255,427840,305992,841740,705212,335424,151287,377629
"SM(19:1)",43049,91364,261335,35478,101318,218460,49971,50534,427689
"SM(19:2)",7309,25842,71862,9606,22669,58809,12183,7784,92067
"SM(22:0)",56885,52096,274353,45783,75570,230080,79157,65032,315093
"SM(22:1)",4700,21963,41594,10634,12250,42826,9539,17721,61384
"SM(22:2)",103841,75633,130805,60050,76730,86207,45443,69779,128331
"SM(22:4)",169797,20801,18864,17203,12801,8082,11915,16255,72161
"SM(22:5)",30637,9091,22283,11375,7983,8728,8669,3138,20622
"SM(22:6)",120648,50987,27906,6984,60557,34862,38452,14016,69191
"SM(23:0)",22485,67770,195244,27139,66657,168647,34278,53488,195667
"SM(24:0)",162891,188995,789079,113536,258174,709017,161374,125462,965726
"SM(24:1)",75114,112557,409794,55135,148150,303552,64837,115728,427006
"SM(24:2)",28319,20348,47040,35983,24741,34143,35323,54955,69593
"SM(24:4)",36964,3889,6351,5742,2623,5289,3845,3977,16534
"SM(26:1)",26652,42156,46956,41408,78518,66791,68546,40830,99119
"SM(26:4)",20918,21169,37675,8694,20232,58190,20033,22050,52380
"SM(28:1)",1923,70053,17059,20313,61052,12764,25068,6217,25836
"SM(28:2)",163104,157886,987866,109629,149543,904348,129106,189304,1136382
"SM(28:7)",121412,8245,10504,3546,8698,5552,10752,11726,67518
"SM(30:1)",16948,36642,67093,6273,35361,55641,12210,19008,95069
"SM(30:5)",31755,81779,316409,17832,63213,281288,27738,50648,401183
"SM(30:6)",58571,579,NA,18,150,185,1015,NA,8574
"SM(32:2)",45810,15822,37929,26164,30828,42184,29486,11137,15712
"SM(32:7)",16879,12548,14356,12610,10414,17152,16770,14189,16567
"SM(32:9)",28973,3825,20995,20748,18464,5594,10521,13733,80786
"SM(34:9)",85873,11588,3374,4769,6607,5192,3448,1657,37004
"SM(d14:0)",203683,240036,1322328,131761,220899,1196887,163195,249493,1551798
"SM(d14:3)",176954,99024,172973,94611,163321,170395,121778,84708,299260
"SM(d15:2)",183664,25380,22432,17449,17002,9401,12620,16793,75629
"SM(d15:3)",69330,105693,102966,63918,103746,69175,70459,75539,142129
"SM(d16:1)",56099,5459,6821,1652,3016,1876,3279,4810,20569
"SM(d16:2)",5806,15987,70526,9496,17092,64294,5700,10700,90783
"SM(d17:0)",105466,95428,267750,35955,99796,223529,57349,41988,465257
"SM(d17:1)",15796,6317,13644,2081,9181,24814,11673,10337,18127
"SM(d18:0)",34998,127906,770993,52119,142806,593284,75185,75114,902788
"SM(d18:1)",804164,1029564,4640918,587851,1176728,3786441,709096,848135,5759851
"SM(d18:2)",183742,337034,552956,166532,283192,239382,170471,208207,510737
"SM(d19:0)",862709,419779,629999,312765,883161,857546,369793,175077,832648
"SM(d19:2)",52810,10055,2174,4047,5950,5029,2172,1213,26478
"SM(d19:3)",59449,71659,201595,32881,69280,173936,38123,57465,212201
"SM(d20:3)",30637,9091,22283,11375,7983,8728,8669,3138,20622
"SM(d21:0)",124828,61792,59369,11107,73134,70173,41938,23339,134465
"SM(d21:1)",52559,63168,119693,24514,63975,87415,32918,42676,231436
"SM(d23:2)",109150,15338,61753,48093,67148,11269,44876,62841,68847
"SM(d23:3)",11669,1202,32048,18,1709,24151,615,1201,48469
"SM(d25:0)",15437,18066,80714,5768,17773,73221,10887,16956,128239
"SM(d27:1)",26774,62228,206262,25164,54321,190293,22009,42312,262533
"SM(d28:0)",3012,7969,10788,12364,6213,15833,16065,13651,13099
"TG(10:0)",1148565.66666667,2110662.66666667,2063016,1145508,1890687.33333333,1353367,1872920.33333333,1179227.66666667,1462835
"TG(11:0)",769475.333333333,1234226.66666667,925139,644669.333333333,1284628.66666667,1166021,1132384,1193368,780574.666666667
"TG(12:0)",1350072.66666667,2698829.33333333,2419618.66666667,1619891.33333333,2738814.66666667,1722939,2238443,2023662,1741362.66666667
"TG(13:0)",1099698.66666667,2121587,2315663.33333333,1874622.66666667,2085032.33333333,2042610,2132221.66666667,2275971.66666667,1410505.33333333
"TG(13:1)",999524.666666667,819872,659559.666666667,623431.333333333,686446.333333333,760485.666666667,805545,684234.666666667,870634.333333333
"TG(14:0)",7162571.66666667,25249303.3333333,24110233.3333333,16665731.6666667,27379060.3333333,18067796.3333333,23707802.6666667,18128323,13454426.6666667
"TG(14:1)",1034389.33333333,4647730.33333333,4270954.66666667,2445963.33333333,4314228,2841846.66666667,3608185,2970897,2329094.66666667
"TG(15:0)",3385816.33333333,11924121,10965938,7289481,10498352.3333333,7461447.33333333,9912869,9073088,5154803
"TG(15:1)",1842280.33333333,4479162,3112750.33333333,2267096,3767207.66666667,2720209,3233791.66666667,2716093.66666667,2497201.66666667
"TG(16:0)",19452763,68704775.6666667,72886848.6666667,55589685.6666667,71985316.3333333,54276177,75486834.3333333,54970631,36284806.3333333
"TG(16:1)",6863113,34815619.6666667,37474795.6666667,22574734.3333333,33217861.6666667,21860195,29375691.6666667,25200954.3333333,17854795.6666667
"TG(16:2)",1477195.33333333,3980274.33333333,2266378.66666667,2048508,3021735.66666667,2200042.33333333,3148318,2509014,2459192.33333333
"TG(16:3)",431590.666666667,732867.666666667,509335.333333333,425304,758966.333333333,397355.666666667,528390.333333333,457819.666666667,485815
"TG(16:4)",257489.333333333,330402.666666667,295558.666666667,166309.333333333,298411.666666667,169507,272815.666666667,258471.333333333,218633
"TG(17:0)",1839814.66666667,7013670,6565169,5999468.33333333,7017238,5068286.66666667,7588096.33333333,5853595,3956492.33333333
"TG(17:1)",2788893,8755852.66666667,7221532,4097749,7191074,4625966,7524615.33333333,4854160.66666667,3990451.66666667
"TG(17:2)",2252746.66666667,4238739.66666667,4785625.33333333,2430566.33333333,4915980.66666667,3133086.66666667,4612728.66666667,3176703.33333333,2759738
"TG(18:0)",5178499,18042795,19590775.3333333,16572492,18950211.6666667,16045087.3333333,22025882,17214955.3333333,9729186
"TG(18:1)",36739474.3333333,149213178,157943949.666667,137583711.666667,146667874.666667,124047902.666667,157970945,132667691.666667,77159302.6666667
"TG(18:2)",17366843,74490890.6666667,70456601.3333333,56522313.6666667,69307042.3333333,49245837,63100523.6666667,56963675.6666667,36109461
"TG(18:3)",4178951.33333333,10290648.3333333,9450571,6609580.33333333,10502718,6030826.33333333,9298988.33333333,7911307,5466555
"TG(18:4)",1556222,2275298.33333333,1390699.66666667,1718363.66666667,2888257.33333333,1608381.66666667,2019382.66666667,1963036.33333333,2122725.66666667
"TG(18:5)",217966.666666667,191447,231946.666666667,160204,183529.666666667,146616,208429,161995.666666667,198237.333333333
"TG(19:0)",701427.666666667,3078484.66666667,2037154.33333333,2363472,3155226,2645945.33333333,3149287,2753885,1749040.33333333
"TG(19:1)",2838445.66666667,6500181,5418595.33333333,4842796.66666667,6204565.33333333,5443395.33333333,6214634.33333333,5533589.66666667,4000840
"TG(19:2)",1354163,2433610.33333333,2172565,1602191.66666667,2730472.66666667,1748730,2475647.33333333,2126954.33333333,1640826
"TG(20:0)",668567.666666667,2499916.66666667,2397348.33333333,1976804.33333333,2863084.33333333,1842401.33333333,3001282.33333333,2200911,1210344.33333333
"TG(20:1)",1807537.66666667,8487656.66666667,8339424,4909829,6641375.66666667,5872223.33333333,7660521,7382434.66666667,3823082.66666667
"TG(20:2)",1817786,7702822,6229995,5444044.33333333,7134274,4453664,5531002.33333333,5562187.33333333,3615006.66666667
"TG(20:3)",4519338.66666667,15981957.3333333,15899119,12022098.3333333,15929916.6666667,10563746,16039742,12082343.3333333,8300538.33333333
"TG(20:4)",3185038.33333333,4001874,3548947,2678415.33333333,3967672.33333333,2646263,4361719.66666667,3039902.33333333,2446852.66666667
"TG(20:5)",3626849.66666667,839544.666666667,785239,601767,895089,596620,822135,744416.333333333,2150064.66666667
"TG(21:0)",499455,1189633.33333333,1008921.66666667,759042.666666667,2723267.33333333,1715866.33333333,1196174.33333333,873595.666666667,656647.666666667
"TG(21:1)",403369,1364239,1160000.33333333,789817,1424398.33333333,956911.666666667,1208656.33333333,991075.333333333,644544.666666667
"TG(21:2)",2450130,2976435.33333333,1910991.66666667,1129413.66666667,2699228.66666667,1476408.66666667,2210622.33333333,2155333.66666667,2032873.66666667
"TG(22:0)",1033116.66666667,3113256.33333333,2712461.66666667,841928.333333333,3232854.66666667,1792578.66666667,2642653,1057411,1316048.33333333
"TG(22:1)",77557.3333333333,289746,148134,134610.333333333,228776.333333333,199778.666666667,260151,185545,230576.333333333
"TG(22:2)",96114.3333333333,184949.666666667,138450,117849.666666667,195906.666666667,143145,181746.666666667,131145.666666667,82463.6666666667
"TG(22:3)",147873,527643,295623,399017.333333333,348257.333333333,304238.333333333,404530.333333333,367568,198323.333333333
"TG(22:4)",1275844,1519271.33333333,1201098.66666667,1056129.33333333,1602084.33333333,892907,1438392.33333333,1176607,1069748.66666667
"TG(22:5)",1055495.33333333,1158332.66666667,1179507,982018.666666667,1612787.33333333,785243.666666667,1152584.33333333,946370,965057
"TG(22:6)",2448650,922403.333333333,797738,593953.333333333,1026800.33333333,568897,1090391.66666667,714628.666666667,1465691.33333333
"TG(23:0)",130321.333333333,611894.333333333,543177.666666667,347778,391154,339958.333333333,520051.666666667,435023,305800.333333333
"TG(24:0)",1386686,5655432.66666667,5527419.33333333,4388704.33333333,5627798.66666667,3962652,4891841.33333333,4684192,2625394.66666667
"TG(24:1)",282910.333333333,149937.333333333,98074,83547.6666666667,128072.333333333,99877.3333333333,109283,118218.333333333,215339
"TG(24:2)",56156.6666666667,173593,172585.333333333,127059.333333333,283017.666666667,113068,217293.666666667,192618.333333333,115379
"TG(24:3)",257433.333333333,676516,198413,472136.333333333,431598.333333333,489975.333333333,582264.666666667,556447,649189.333333333
"TG(24:4)",95073,102766,69783.6666666667,67571,106694.666666667,73677,72699.3333333333,76143.3333333333,108027.666666667
"TG(24:5)",207838.666666667,376256.666666667,440684.666666667,103966,102199,372156.666666667,603139,429658,250664.666666667
"TG(24:6)",372635.333333333,283065.666666667,233540.666666667,165929.666666667,217559.666666667,209854,261990.333333333,220407,282407.666666667
"TG(25:0)",147484,329751,322676.666666667,287308.333333333,282704.666666667,321083.333333333,229849.666666667,293416,225524
"TG(26:0)",145652.666666667,430344.666666667,733937.333333333,679066.333333333,612290.666666667,549624.666666667,406629.666666667,510744.333333333,320602.666666667
"TG(26:1)",22756,95628,85724,13876.3333333333,98998.3333333333,83694,32759.3333333333,76401,65781.6666666667
"TG(26:2)",27734.3333333333,20364.6666666667,25114,18714,21996.6666666667,18901.3333333333,26669.6666666667,9407.66666666667,22730.6666666667
"TG(26:3)",6042.33333333333,28278.6666666667,7862,22293.6666666667,9695.66666666667,19079.6666666667,18383,12413,22882.3333333333
"TG(26:5)",41525.6666666667,86566.6666666667,69274.3333333333,61456.3333333333,113070.333333333,60788,109786.666666667,55742.6666666667,51865.6666666667
"TG(26:6)",225717.666666667,58993.6666666667,28870.6666666667,32473.3333333333,49638.3333333333,41505.3333333333,45119,53093,140426.333333333
"TG(26:7)",437055.333333333,163456.666666667,134650,120433.666666667,137170.333333333,100805,127533,121218,182760.333333333
"TG(27:0)",7641.33333333333,12478,16577.6666666667,17755,14480,14008,13347,14711,9746.66666666667
"TG(28:0)",51607.6666666667,257175.666666667,199444.666666667,96510,216176.666666667,119350,216537.666666667,132144,92590
"TG(28:1)",48872,373814.333333333,293233.666666667,147237,354701.666666667,114206.333333333,168051.333333333,186764,145108.333333333
"TG(28:3)",26831.6666666667,255057.333333333,102054,80797,86863.6666666667,77567,121726,130613,39299
"TG(28:4)",26397.6666666667,43697.3333333333,49296.6666666667,31757.6666666667,185071.333333333,46313.6666666667,43866.3333333333,37921,34803.6666666667
"TG(28:5)",35004.6666666667,278590.333333333,94219.3333333333,39962.3333333333,300313.666666667,60458,98417,175819.666666667,51672.3333333333
"TG(28:6)",158984.666666667,29644.3333333333,34408,11730.3333333333,34974.3333333333,16346.3333333333,34232,21512.3333333333,75567.3333333333
"TG(28:7)",41198.6666666667,139420.333333333,55808,67075.6666666667,86333.3333333333,59059.3333333333,40061.3333333333,71221.6666666667,38095.6666666667
"TG(30:0)",466.666666666667,14180.6666666667,8052,26127.3333333333,36268.6666666667,23489,33776.3333333333,31813.3333333333,20166
"TG(30:1)",30013,124489,138982.333333333,110662.666666667,169374.666666667,122809,155977.333333333,137691.666666667,61026.6666666667
"TG(30:2)",6866.66666666667,12487,18363.3333333333,11168,15681,15409.6666666667,15310.3333333333,16917,5547
"TG(30:5)",47988,243943.333333333,115264,83196.6666666667,199490.333333333,93452,121001.333333333,173224,50902
"TG(30:6)",35335.6666666667,20138.6666666667,7105.33333333333,6774,19940.3333333333,9485,23825.3333333333,13869.6666666667,11378.3333333333
"TG(30:7)",1144.66666666667,807,NA,456.666666666667,15.3333333333333,6,49,1131.33333333333,5013.66666666667
"TG(30:8)",114463.666666667,147216.666666667,38649.6666666667,38639,61887.6666666667,30434.6666666667,35752,67909.6666666667,75667.3333333333
"TG(31:0)",110042.666666667,263312,356935.666666667,74739.6666666667,195771.333333333,536602.333333333,426326,445686.666666667,67505
"TG(32:5)",3624.33333333333,5853,3531,1196,4135,4761.66666666667,4339.66666666667,7548.66666666667,5150
"TG(32:6)",9992.66666666667,97021.6666666667,95976.3333333333,16470.6666666667,104718,50993.6666666667,63751.6666666667,63913,16272
"TG(32:8)",34892.3333333333,98992.6666666667,73968.6666666667,52740,93942.3333333333,61146,95056.3333333333,65656.3333333333,28915
"TG(32:9)",332214,137493,104708.666666667,73712,134585.666666667,81865.6666666667,98090.3333333333,102514,229495
"TG(33:0)",23656.6666666667,82334.6666666667,66295.3333333333,38328,42258.6666666667,11459.3333333333,54715.3333333333,16459.3333333333,24247
"TG(34:1)",7745.33333333333,10163,9608.33333333333,9893.33333333333,9444,10247,7209.33333333333,10009.3333333333,8418
"TG(34:6)",39715,176880,107392.666666667,74152.3333333333,137761,141557.666666667,138577.666666667,57503,70659.3333333333
"TG(34:7)",31.3333333333333,7263.66666666667,6934,5123,2506.66666666667,2808.66666666667,5384.66666666667,3881,2397
"TG(34:8)",10354.3333333333,5948.66666666667,5118.66666666667,4480,5605,3641.66666666667,4275.66666666667,6323.66666666667,10422
"TG(34:9)",23096.3333333333,73823.6666666667,25665,14671.3333333333,160224,30076,41478.3333333333,59374,40397.6666666667
"TG(36:4)",6681.66666666667,4737.33333333333,5684.33333333333,4416,4704,4615,4374.66666666667,4027.66666666667,3843
"TG(36:8)",6039,134.333333333333,306.666666666667,602,244.333333333333,969.333333333333,220.666666666667,299.666666666667,2835
"TG(38:10)",2013.66666666667,6713,2983.33333333333,4322.66666666667,3867,2619,1353.33333333333,4441.66666666667,4887
"TG(38:4)",2803.33333333333,3592,606,2241.33333333333,3148,870.666666666667,1171.66666666667,1341,2316.66666666667
"TG(38:5)",2590.33333333333,2036,2616.33333333333,2643.66666666667,1235.66666666667,3538,3136.33333333333,4132.33333333333,4899.33333333333
"TG(38:8)",3085.33333333333,675.666666666667,218,489.666666666667,2203.33333333333,830.666666666667,191.666666666667,190.333333333333,6607
"TG(38:9)",10371.3333333333,6954,8439,3470,8416,6468.33333333333,3362.66666666667,6647,9285.66666666667
"TG(8:0)",1582276.33333333,2274268,1732140.33333333,1390202,2347589,1510164.33333333,1687287.66666667,1713674.33333333,1746090.33333333
"TG(9:0)",2036352,2744511.66666667,1796599.66666667,1710621.66666667,2318456,1922675.33333333,2084183.33333333,2236078.33333333,2364973.66666667
