Metabolite.name,Sample191,Sample197,Sample428,Sample433,Sample464,Sample270,Sample429,Sample430,Sample439
DG 18:0,21578,2392,92848,74713,22417,1347026,481655,169292,3049
DG 24:2|DG 8:0_16:2,7842,7521,610615,26741,4976,352414,287999,120137,12804
DG 26:2,4450572,4255544,2202846,9950663,1726833,6013222,10122259,11410475,2264968
DG 26:4,956,4083,407611,34763,3555,27255,40151,23425,5586
DG 28:1|DG 10:0_18:1,998,5490,74968,120288,381,232714,116683,474548,8623
DG 30:0|DG 14:0_16:0,517653,501528,276525,774591,60029,501294,1003418,771672,142099
DG 32:1|DG 14:0_18:1,558389,1565751,6131950,3482054,512825,1158943,1637430,3226180,361242
DG 32:1|DG 16:0_16:1,126019,322825,6870200,3304108,465190,234731,345969,3359209,73639
DG 32:2|DG 14:0_18:2,160132,295991,5115664,850080,46497,536301,523826,636403,7750
DG 32:3|DG 14:0_18:3,849,4423,1013478,16150,2979,17102,5167,7834,26
DG 32:8,76826,148003,260963,115000,92710,411585,543458,118177,90524
DG 34:2|DG 16:1_18:1,430971,731515,1181192,3379393,1555466,1779653,2043989,4856264,330213
DG 34:4|DG 16:2_18:2,NA,5131,936903,30342,NA,11168,19604,43440,NA
DG 34:5,38257,121397,69120,102335,33639,118680,141841,414048,55377
DG 34:9,1761,1230,4531506,185699,28,158372,253331,11643,328
DG 36:10,1509906,94242,1003855,1056533,1840771,678641,509526,283332,96886
DG 36:6|DG 18:3_18:3,5854,13050,963992,90419,3591,106943,116703,24577,8111
DG 36:9,71539,76961,16854,407216,25833,187745,1202802,75634,41680
DG 38:0|DG 18:0_20:0,687506,204697,1045230,2207210,141568,232627,681461,330081,436446
DG 38:1|DG 18:0_20:1,22474,131,2789909,59672,17723,6636,475880,483914,585676
DG 38:1|DG 20:0_18:1,201245,361610,10519888,1873652,435484,318003,467999,301655,625662
DG 38:10,109783,109386,124789,30486,78879,112099,184583,222684,122213
DG 38:2|DG 20:0_18:2,348899,72003,23924646,1929511,40883,549536,645327,223580,105661
DG 38:3|DG 20:0_18:3,36528,7123,1563612,246726,5571,86159,94677,39871,3948
DG 38:3|DG 20:1_18:2,173755,342853,6479681,1055567,132517,616552,551655,624423,30249
DG 38:4,64904,40584,86988,134918,95570,74979,81026,152762,98054
DG 38:5|DG 16:0_22:5,5120,883185,10723,16066,4104,22312,395732,221262,1279002
DG 38:5|DG 18:1_20:4,579769,1774382,201272,2241042,39273,291104,690442,216002,43344
DG 40:0|DG 20:0_20:0,713717,189247,1702624,2264406,111283,1446169,2358039,1446221,137601
DG 40:1|DG 22:0_18:1,134854,946611,2610610,322429,61661,180738,130059,150856,1493969
DG 40:10,14553,11932,1713377,180020,7642,179527,308415,30355,22397
DG 40:2|DG 18:1_22:1,432351,36196,280014,3148231,314546,78056,89838,106734,25990
DG 40:2|DG 22:0_18:2,111652,129670,8782600,473754,13260,222212,282704,45852,254198
DG 40:4|DG 20:2_20:2,2258,1794,353666,442441,932,438942,207172,1680932,267
DG 40:6|DG 16:0_24:6,300029,6204,72335,90689,4089,71055,272776,434270,129061
DG 42:1|DG 24:0_18:1,908747,425975,594278,911415,17025,62460,86187,55382,460532
DG 42:2|DG 24:0_18:2,796028,104773,4943830,1884843,6323,829833,1030222,199082,71413
DG 44:2|DG 22:1_22:1,23573,3873,4256508,1027916,6524,66233,45738,19489,5420
DG 44:6|DG 18:0_26:6,27837,189301,102456,13559,4502,11427,457942,82033,594914
DG 46:6|DG 16:0_30:6,101076,506489,69723,107263,24149,11222,765359,153932,351656
DG 46:7|DG 18:1_28:6,45937,1049804,69340,29803,42425,40370,18863,127140,877798
DG 48:7|DG 18:1_30:6,17024,2594654,7495,117533,16183,14880,40299,89271,690094
DG 50:6|DG 8:0_42:6,53757,3243,22600890,125007,2364,1337068,952168,34410,4458
DG 50:8|DG 18:2_32:6,36042,85258,1421727,299256,20296,449840,489971,70551,204171
DG 50:8|DG 20:2_30:6,5920,206524,1020096,93627,19028,70893,60626,152690,112893
DG 52:6|DG 24:3_28:3,8234,19162,21231,60376,672,111625,96309,652723,16858
LPC 20:0,20452,88024,45454,484678,26968,25941,32152,22554,12734
LPC 20:1,13418,114720,29221,331753,18612,38648,133134,56412,37830
LPC 22:3,1832044,14671034,681617,11948541,5833565,11721836,2472488,1274553,2068856
LPC 26:0,43401,37605,56715,440136,25309,101746,136908,114651,349889
LPC 26:1,62048,598486,13737,1496032,5152,87891,344118,21632,51040
LPC 26:2,101440,72561,6134,76947,94181,111181,89278,177446,122418
LPC 28:0,227345,50956,199047,187018,131841,327280,144645,185084,49370
LPE 18:0,134369,46818,236194,378856,54529,10006,120043,17927,57244
MG 14:0,16120,8798,4627,5804,7552,14371,19043,27672,17785
MG 16:2,18,6024,62226,3452,326,62556,24235,21288,2526
MG 18:0,851021,519911,1672523,2259902,325478,1724586,3096150,1522665,1010289
MG 18:1,10933,500754,1635437,52495,48701,1456587,2340333,241840,499020
MG 20:0,109709,105884,53162,99512,160210,77929,127350,165578,245961
MG 22:1,235405,102384,15672,220838,375509,230650,175497,307312,127661
PC 28:0,242001,458676,60018,1744399,231779,319683,684254,677743,279681
PC 30:0,654453,351974,22034,584891,737196,529024,1132016,711916,246516
PC 30:0|PC 14:0_16:0,27480718,45116432,8020580,61705560,13508336,18390944,39621720,25955136,24205242
PC 34:2|PC 16:0_18:2,119513920,568404480,14437413,1446351232,71644984,67193488,220700352,124098744,80452128
PC 34:4,296745,774104,35736,3719966,124217,196101,1057370,323046,264739
PC 36:0|PC 18:0_18:0,464039,201831,61339,211615,178467,307701,181988,975211,257338
PC 36:2|PC 16:0_20:2,75086,996264,2813,1363526,103868,136108,110882,168780,409929
PC 36:3|PC 16:0_20:3,87352184,209574304,6712955,417042848,26905950,33092506,133962440,36896660,42022464
PC 36:4|PC 18:2_18:2,8634403,15771651,522946,85435728,1789642,1995078,13373060,3650322,3033295
PC 36:5|PC 16:0_20:5,4759936,10127686,162973,33713452,1316559,672410,6672390,2809727,1728131
PC 36:6,62736,284234,24990,1906707,28859,36235,296213,100126,62092
PC 38:1|PC 18:0_20:1,2084692,6954104,99911,8363704,1124557,3526539,3207342,2172588,2223532
PC 38:2|PC 18:1_20:1,6883727,1446640,140088,10181033,1435030,2574904,7756094,4688904,4898367
PC 38:3|PC 18:0_20:3,80679120,191295712,453890,295280256,13296685,29370620,93466112,20584868,32833294
PC 38:4|PC 16:0_22:4,27071082,55434580,2749572,68366584,6368312,16896494,47054640,12949686,15891097
PC 38:4|PC 18:1_20:3,12955231,27774414,640205,44244168,3808013,5376684,18997618,6223429,6117720
PC 38:6,1574471,3774126,31059,12406017,1363061,580917,2255998,652362,617041
PC 38:6|PC 16:0_22:6,75221784,234684080,10860801,690998080,17663820,21680798,94229344,53430816,37870032
PC 38:6|PC 18:2_20:4,2565036,8624869,63732,28565642,737023,670302,6837561,1736767,1098624
PC 40:7|PC 18:1_22:6,9582471,17226570,1163715,30042632,2086890,2841955,10547194,5011801,4373418
PC 42:0,142656,80140,1944,47298,60009,229479,240677,248604,138850
PC 42:1,113965,928979,188,175954,135053,45847,144795,212920,1075776
PC 42:10,354971,1122757,42380,2495452,74417,85812,957092,161305,177282
PC 42:4|PC 14:0_28:4,99,1121616,2111,7467,NA,1205,5717,4427,72081
PC 42:8|PC 22:3_20:5,614343,1603704,44283,1218658,88289,276782,1517010,268563,580544
PC 44:10,248544,407528,2406,425029,9104,87030,441891,80046,253161
PC 44:11,30637,57533,NA,73333,2704,7071,59381,7342,20666
PC 44:12|PC 22:6_22:6,131271,333569,11777,266253,17138,19323,185060,55093,90719
PC 44:2,78986,238757,92978,171542,115326,71306,234016,128582,113030
PC 44:7,20277,162846,90784,35574,9509,32207,56489,12663,182711
PC 44:9,32284,114137,14658,38837,17478,27425,112122,67236,3141
PC 46:10,50081,104707,5629,65715,6441,20393,131030,46562,81430
PC 46:5,114599,234165,15815,198312,61556,76590,373190,99537,407791
PC 46:8,73946,429126,74347,158844,44556,74666,324666,81184,293275
PC 46:9,158326,143869,7764,41434,45119,124108,170339,210875,90430
PC 48:7,23762,294861,130742,103485,50096,46393,70337,51822,379087
PC 48:8,7123,160169,689449,13637,12677,30836,10553,27807,101777
PC 48:9,27254,113473,15767,4526,10192,22995,26867,79143,201132
PC 56:10,35717,37518,4224,10932,30812,13448,44095,6264,34971
PC 62:9,8790,2839,1996,4159,1087,28,1869,5005,4246
PE 32:0,412179,68109,29896,46748,117428,66118,67046,65796,22618
PE 34:1|PE 16:0_18:1,1472959,1089640,91686,2375740,102476,538730,1227295,500270,312410
PE 34:2|PE 16:0_18:2,386521,740439,1598,2592092,75624,66900,388119,92224,35884
PE 36:3|PE 18:1_18:2,422155,471616,639,2470447,54823,80726,453915,72095,46537
PE 36:4,83973,42115,1980,493136,4454,14962,44065,33993,6438
PE 38:5,56560,83893,4272,246867,90409,13389,43896,40283,15207
PE 38:6|PE 16:1_22:5,6365048,6272886,265416,8304938,643966,1077509,4232275,1445734,1053880
PE 40:4,4529608,1995154,116697,380398,177037,993200,3909662,982736,968799
PE 40:7,2016915,1332151,98030,1568604,197543,416569,1097763,477124,240070
PI 36:1,253727,291620,63,460198,11052,48837,243938,139529,48718
PI 38:2,18456,6199,9954,13323,581,1433,20930,19954,16475
PI 40:4,7109,19092,68,28375,NA,555,7957,NA,260
PI 40:7,9422,18900,28,42774,248,5519,28488,5804,6239
PS 38:2,98427,61386,3854,48440,7932,25397,72823,14478,38035
PS 40:6,42882,23298,13755,37134,3379,40459,56718,2094,3462
SM 30:1;2O,130658,913450,47240,1561988,113848,179347,521472,356653,179061
SM 32:0;2O,125613,279539,8287,957121,38801,137426,583570,519359,166345
SM 32:0;3O,157221,47137,37300,41139,19131,82715,35787,92771,112848
SM 32:1;3O,179650,267244,44121,94496,174636,182392,228540,253835,198903
SM 34:1;2O|SM 18:1;2O/16:0,215820032,530326176,46018248,682430976,67947024,172201120,394706592,190911344,142647184
SM 34:2;2O|SM 18:2;2O/16:0,13558885,28741892,5785622,70168640,5723096,12576361,39244612,18520966,11795950
SM 34:4;3O,25579,3810,9513,20391,14824,30369,18066,52806,12725
SM 34:5;3O,139498,108198,101796,69407,68990,357055,191244,280555,105819
SM 36:4;3O,40533,13661,39376,39737,67954,73289,134084,121292,54068
SM 36:6;2O,2100,119,769165,10148,2658,50085,12502,7273,2579
SM 36:7;3O,1700756,173212,189609,214711,191744,614491,443470,587354,465475
SM 36:8;3O,80550,20053,100384,47083,50607,102820,54595,70995,171378
SM 38:2;2O|SM 18:2;2O/20:0,12391623,5033232,1557216,27373436,3690206,5327994,16267531,10843321,5455860
SM 38:4;2O|SM 18:1;2O/20:3,1200780,117353,54495,1000957,3562478,2620118,1027819,3223342,1861536
SM 38:6;3O,66627,349520,8297,509901,14754,38702,43859,86022,36142
SM 38:7;2O,4784,19807,386114,321188,5525,70288,37212,50109,13836
SM 38:8;3O,106117,134166,46052,189198,49241,115987,145742,116763,184117
SM 40:1;3O,491731,1917639,6796,1811176,293753,553744,353987,831818,343658
SM 40:10;2O,300088,593197,12919,315718,8884,41310,327518,135324,124037
SM 40:2;2O|SM 16:1;2O/24:1,2011540,12982719,73203,35675756,3602182,2939152,11986956,1777233,5386942
SM 40:3;2O|SM 18:2;2O/22:1,3056375,7392340,61010,11108898,1507836,2050736,4590142,4764296,1599625
SM 40:5;2O,24515,1216448,2757,473,3018,4344,102679,39116,311568
SM 40:6;3O,222538,9142299,4764,3899944,263032,2402315,2663587,476217,912373
SM 42:0;3O,170410,9485,34663,124998,10559,19460,358530,622593,324155
SM 42:10;2O|SM 14:3;2O/28:7,731610,603545,9994,40654,36341,73183,202186,47610,81233
SM 42:2;2O|SM 18:2;2O/24:0,19698534,65467036,226978,68089296,11932079,13182162,36280640,29587260,11555912
SM 42:5;2O|SM 16:1;2O/26:4,161731,260945,25803,399621,102487,75644,285141,357428,436708
SM 42:5;2O|SM 16:2;2O/26:3,379475,2645942,70860,182515,248353,256221,367479,517878,1643948
SM 42:7;2O,94647,130012,8912,12654,53779,60254,107147,131304,205717
SM 42:7;3O,2125330,1900402,426719,12196688,688196,2384688,3634272,1311478,1427378
SM 42:8;3O,6939,715932,4565,972968,1748,40209,81757,48491,39442
SM 44:10;3O,39283,3924,22532,10220,136117,17387,21740,25687,8542
SM 44:2;2O|SM 18:1;2O/26:1,493535,465249,305660,851692,634041,185207,1325121,1205860,786055
SM 44:3;2O|SM 18:1;2O/26:2,661814,208712,14433,1399430,254071,112373,1878461,1654088,1280490
SM 44:3;2O|SM 18:2;2O/26:1,665092,81750,75545,252267,303415,26527,1892483,1952366,1324241
SM 44:4;2O,476524,1576354,13201,1598070,56590,61587,634230,618979,815742
SM 44:6;3O,407383,315230,24307,3306872,177649,479611,832699,387560,308901
SM 44:8;2O,8085,1957312,6251,40037,8215,2606,12634,69600,2921254
SM 44:9;2O,87771,150963,143063,13554,202480,64388,35732,120486,2359714
SM 46:10;3O,38174,16827,35773,3141,152203,26276,2043,11454,14442
SM 46:11;2O,1105,3067,72317,631,3910,14824,4276,15652,27446
SM 46:7;3O,154271,256506,88518,682046,9495,105855,53897,89667,81822
SM 46:8;3O,72400,108788,5637,70490,6675,46726,68296,40053,100386
SM 46:9;3O,37849,18742,2347,13404,8573,2126,16155,28579,42865
SM 48:11;2O,15623,9094,24629,7704,91289,47858,41098,27399,20820
SM 48:5;2O|SM 18:2;2O/30:3,2628614,55149,184180,19807,43738,74562,990875,2240419,1320517
SM 48:6;2O,82349,21033,13806,62276,13038,24915,44733,13573,26966
SM 48:6;2O|SM 18:3;2O/30:3,101867,36293,19081,28800,238667,70895,110361,207849,139805
SM 48:6;3O,41301,55230,4191206,324330,18723,139980,333508,113215,114643
SM 48:8;3O,151931,66949,5583,426525,4895,50213,167664,139714,173212
SM 50:11;2O,193,15102,1322530,2484,312,259354,67565,20777,1892
SM 50:13;2O,26472,18302,10967,130890,145754,43422,63842,59952,18429
SM 52:12;2O,NA,NA,2177684,NA,NA,NA,4376,15204,72003
SM 54:3;3O,146267,49634,32602,17121,79466,60167,62787,65123,286545
TG 24:0|TG 8:0_8:0_8:0,497217,763396,892261,1570023,545226,959513,590997,3328136,452140
TG 26:0|TG 8:0_8:0_10:0,39326,15088,2064133,108531,24768,99006,121475,458661,55482
TG 28:0|TG 8:0_10:0_10:0,33237,19839,888427,317950,14816,226990,156963,199154,13000
TG 28:0|TG 8:0_8:0_12:0,28773,10893,105191,47972,11382,35698,27909,1328199,3540
TG 30:0|TG 8:0_10:0_12:0,6490,536,33368,44325,601,13059,34894,2891512,143
TG 30:0|TG 8:0_8:0_14:0,15372,10069,188925,151916,22977,239050,8926,1770980,9500
TG 36:0|TG 10:0_12:0_14:0,14585,2574,233464,21759,12218,86249,208905,1661067,2266
TG 36:0|TG 12:0_12:0_12:0,154059,5695,4463028,732916,67566,660749,825294,26806682,74220
TG 38:0|TG 12:0_12:0_14:0,344356,50943,4213192,753884,172490,611488,1877841,27675790,97859
TG 40:0|TG 8:0_16:0_16:0,836154,223547,1828669,458915,286484,1512480,6878737,20888450,396514
TG 40:1|TG 10:0_14:0_16:1,483269,34448,18704662,1758886,50324,2079024,3481273,2109228,75036
TG 42:0|TG 10:0_16:0_16:0,315693,314044,41667,2786808,80629,33196,535728,256428,105693
TG 42:1|TG 8:0_16:0_18:1,1770964,937134,594134,355118,397719,276799,8960229,407338,1401364
TG 44:0|TG 12:0_14:0_18:0,267399,68211,318296,460842,397694,222006,324132,9402423,228796
TG 44:1|TG 12:0_16:0_16:1,1337579,199719,62861,2580028,1729980,225510,2957882,202776,102813
TG 46:0|TG 10:0_18:0_18:0,71411,122268,283162,138572,54820,88239,127218,53582,261061
TG 46:1|TG 12:0_16:0_18:1,114980,17801,97907,587484,32183,921974,491153,140852,6190
TG 46:2|TG 10:0_18:1_18:1,139051,765300,101754,393064,105915,159557,79222,247128,646074
TG 46:2|TG 12:0_16:1_18:1,1821351,1879733,339395,5979306,1916809,1802336,5920082,2994087,1177542
TG 46:3|TG 10:0_18:1_18:2,53009,215553,40640,24503,7869,16741,25125,49405,2251038
TG 46:3|TG 12:0_16:1_18:2,248294,216067,385217,924236,403200,698926,2404375,993800,172012
TG 46:3|TG 14:1_14:1_18:1,87482136,62068672,78372944,55515928,94164496,79741656,82859048,91226456,93626880
TG 46:3|TG 14:1_16:1_16:1,422020,217556,2240536,727230,81401,816728,2588274,922076,171580
TG 46:5|TG 8:0_16:0_22:5,27738,124,92073,11122,3423,20395,489083,34190,37401
TG 46:6|TG 10:0_18:3_18:3,167355,208129,100863,98059,97195,126998,97775,138334,1445942
TG 46:8|TG 10:0_18:4_18:4,5216,973241,4573,10405,17438,61482,124599,122932,1290521
TG 48:3|TG 12:0_18:1_18:2,353791,237373,735227,825431,142939,104890,809961,1245528,275617
TG 48:3|TG 14:1_16:1_18:1,349713,434233,3226162,1348105,240371,239360,1224921,637400,326355
TG 48:4|TG 12:0_18:2_18:2,469341,978586,1001796,2180826,336841,429019,2573804,861573,83975
TG 50:1|TG 16:0_18:0_16:1,89113,188488,2621420,760543,126045,110594,371338,323270,38649
TG 50:3|TG 16:0_16:0_18:3,1186562,981781,4001730,6641835,492366,239184,770233,1173371,116306
TG 50:3|TG 16:1_16:1_18:1,9729773,44655524,26186778,75623832,28814884,9594385,37156268,29466584,3438874
TG 50:5|TG 14:0_18:2_18:3,880535,1334836,5294070,4019357,600548,512246,3665780,984109,53390
TG 50:6|TG 16:0_16:3_18:3,179314,166510,404083,358717,19978,183488,1262675,60853,218687
TG 52:0|TG 16:0_16:0_20:0,29004,2861204,45394,54368,593376,8698,85444,633801,6159164
TG 52:1|TG 10:0_24:0_18:1,389425,280413,141794,693459,285183,138741,572347,72889,95611
TG 52:2|TG 16:0_16:0_20:2,5916,320723,564428,6359,6866,5591,175505,108675,2682810
TG 52:2|TG 16:0_18:0_18:2,2174425,82314096,17087644,101458472,44086404,12970419,45159892,7628186,5903644
TG 52:2|TG 18:0_16:1_18:1,1480,12407937,NA,10689,19711,2220,67173,155151,11792226
TG 52:2|TG 8:0_18:1_26:1,1747,23792260,4075,34085,152908,101915,123951,497085,18001996
TG 52:3|TG 16:1_18:1_18:1,3452,92546,11443,4115,1850,4018,44968,60758,977491
TG 52:4|TG 16:0_16:0_20:4,64024,757018,189333,926386,1272173,416118,2354222,140478,37156
TG 52:4|TG 16:0_18:1_18:3,29981,854925,242006,135662,278125,25305,11023,1479644,2196036
TG 52:5|TG 14:0_18:0_20:5,1224,124,961786,1447,169,3347,74003,61956,24162
TG 52:6|TG 14:0_16:0_22:6,74795,191078,189020,438114,30646,55918,179970,89216,41948
TG 52:6|TG 16:0_18:2_18:4,879391,2296350,118118,3309693,346034,234564,2996486,496901,2475946
TG 52:6|TG 16:1_18:2_18:3,404206,1684552,8069380,2504838,283861,579890,2533833,780435,73825
TG 54:1|TG 16:0_20:0_18:1,1161309,23380876,15255561,9919499,14380750,2602102,5003992,680764,5556074
TG 54:4|TG 16:0_18:2_20:2,4200,34760,1745270,19255,29843,13250,36310,70563,57630
TG 54:4|TG 18:0_18:1_18:3,30923,238230,2660089,607655,84497,46595,95850,348292,23411
TG 54:4|TG 18:0_18:2_18:2,2494906,16755849,69228552,18551900,4135424,3831420,6651126,17701326,1414591
TG 54:5|TG 16:0_20:2_18:3,15925,6079,2558768,13721,386441,43102,66775,13774,13748
TG 54:5|TG 18:1_18:1_18:3,81638,361941,55381,120322,78743,15297,27446,235098,902035
TG 54:6|TG 16:0_16:0_22:6,189223,1274506,629688,2027666,222124,211811,706015,78005,118526
TG 54:6|TG 16:0_18:2_20:4,3327799,15904049,6461387,19136810,1545681,1517293,13431934,1695404,1242077
TG 54:7|TG 16:0_18:2_20:5,908856,3730111,342544,3917774,252865,332772,3502188,124179,1288284
TG 54:8|TG 14:0_20:3_20:5,4151,135996,252076,10723,1028,17792,29379,54882,78955
TG 54:9|TG 18:3_18:3_18:3,15601,45505,562167,45778,4064,43653,44210,23394,81110
TG 56:1|TG 16:0_22:0_18:1,64534,5228901,2975437,1015433,895272,458773,91531,41217,1515063
TG 56:10|TG 18:2_18:3_20:5,2296,6390,748998,38429,1871,24211,12526,68371,60751
TG 56:2|TG 16:0_16:1_24:1,21894,1092561,3407051,337238,89276,298795,181746,27127,244409
TG 56:4|TG 18:0_18:0_20:4,108914,393802,111907,326228,134051,51981,340343,31520,82253
TG 56:5|TG 16:0_18:1_22:4,833455,4696282,1927411,4675204,1948971,617328,4238178,802566,286205
TG 56:5|TG 18:0_18:0_20:5,47138,16414,3133794,13654,221018,35161,121774,71439,39795
TG 56:5|TG 18:0_18:1_20:4,587993,7753750,3523642,5984738,183192,717906,3921040,548065,139762
TG 56:6|TG 16:0_18:0_22:6,2828,580163,2746352,NA,4839,39,19319,75778,1425080
TG 56:6|TG 16:0_18:1_22:5,5851,7846856,66241,21388,344708,1465,119416,1513626,4629524
TG 56:7|TG 16:0_18:2_22:5,1882,265032,3921,12955,11448,4036,10386,8372,448599
TG 56:7|TG 18:0_18:2_20:5,14526,150367,29816380,170461,168597,122557,350505,29959,48936
TG 56:7|TG 18:0_20:2_18:5,8119,6811,9856629,64,9725,19720,69955,36287,115167
TG 56:7|TG 18:2_18:2_20:3,5390,1309977,17609754,47858,18663,51052,39405,180297,380977
TG 56:7|TG 18:2_20:2_18:3,33564,357208,1694077,34664,202309,67729,176901,111812,123390
TG 56:7|TG 20:1_18:3_18:3,9433,15881,11087404,55457,41316,132953,263239,62196,81009
TG 56:8|TG 16:0_16:2_24:6,NA,11876,978484,NA,NA,3032,NA,190,13172
TG 56:8|TG 16:0_20:3_20:5,4536,7633,28792904,4780,4953,45210,227548,37683,275997
TG 56:8|TG 18:0_18:3_20:5,2911,3276,4943196,971,14015,48973,78141,48356,216853
TG 56:8|TG 18:1_18:2_20:5,239844,3192106,153485,676019,115349,488901,583937,622459,622860
TG 56:8|TG 20:2_18:3_18:3,NA,21480,1534711,NA,NA,7573,15998,12581,39368
TG 56:9|TG 16:1_18:2_22:6,205060,441939,228880,604639,24249,31823,252376,172908,63502
TG 56:9|TG 18:1_18:3_20:5,2403,16032,1866418,10678,50384,13003,49946,31107,31443
TG 58:10|TG 18:2_18:2_22:6,51531,1055098,182711,1241772,95985,108335,1034916,22629,61259
TG 58:10|TG 18:2_20:4_20:4,199958,1090979,22262,1292378,114172,108983,974792,239123,384316
TG 58:10|TG 20:2_20:3_18:5,1795,10685,2592010,2984,15191,1976,14678,50406,106302
TG 58:11|TG 22:3_18:4_18:4,830,147485,574299,9183,701,18635,3673,5849,109217
TG 58:2|TG 18:0_20:1_20:1,8487,238380,19023,48237,665669,13644,80492,60123,655063
TG 58:2|TG 22:0_18:1_18:1,11300,14216251,517861,635497,375825,232702,114670,4718,3993920
TG 58:3|TG 18:1_18:1_22:1,63695,552953,1509962,734446,6821116,185727,253640,61151,120446
TG 58:3|TG 22:0_18:1_18:2,89081,2215885,1108375,247253,75767,121607,112805,39075,598795
TG 58:4|TG 18:1_20:1_20:2,39883,589643,203106,65541,1441688,162002,259217,361036,19444
TG 58:4|TG 18:1_22:1_18:2,58862,101251,904020,438941,225311,23669,24652,148491,10872
TG 58:4|TG 22:0_18:2_18:2,23595,452833,1330796,110583,42333,73475,62369,28952,185730
TG 58:5|TG 18:0_18:1_22:4,82846,471412,267535,270033,76634,100217,517666,49297,59401
TG 58:5|TG 18:1_18:1_22:3,112797,280753,1823687,385131,728446,158075,263277,271034,59496
TG 58:6|TG 16:0_18:1_24:5,157550,878838,48296,741633,64396,107617,631129,462143,94646
TG 58:6|TG 18:0_18:0_22:6,9210,13651,1582702,20203,225591,24903,42956,95394,46081
TG 58:6|TG 18:1_18:1_22:4,193559,281774,2104276,207291,349113,301814,686114,82786,88456
TG 58:7|TG 18:0_18:2_22:5,8177,64328,635942,12223,35127,25040,20751,11426,212149
TG 58:9|TG 18:1_16:2_24:6,5608,6488,1763002,NA,NA,21461,NA,169,51421
TG 58:9|TG 18:1_18:3_22:5,21878,46797,8856463,85255,2920,9590,21256,3896,29988
TG 58:9|TG 18:3_20:3_20:3,NA,59495,379257,NA,16,47,22289,13613,539446
TG 60:1|TG 18:0_24:0_18:1,68436,22389,7240,22561,13634,NA,2420,30932,269629
TG 60:10|TG 18:0_20:5_22:5,3859,34308,9259007,31415,50114,21742,43912,11069,21957
TG 60:11|TG 20:3_20:3_20:5,1118,30775,443488,195,2440,2159,7406,20129,40085
TG 60:2|TG 18:0_24:0_18:2,59496,99613,7114,73121,60411,19115,40485,44165,715978
TG 60:3|TG 24:0_18:1_18:2,13620,598662,367355,117086,6250,33972,53858,73108,166513
TG 60:4|TG 24:0_18:2_18:2,7437,217326,473372,60443,2244,9928,12299,5858,17880
TG 60:8|TG 20:2_20:3_20:3,2726,7222,11092392,793,525,8889,6937,27284,297414
TG 60:9|TG 20:3_20:3_20:3,588,27197,4263673,15273,973,57640,50059,38692,23138
TG 62:12|TG 18:1_22:5_22:6,6972,61431,1294963,51300,709,320402,240163,31274,83086
FA 16:0,130546,131815,226818,161505,111836,193242,217487,219288,160365
FA 16:1,19558,11968,23240,14351,23002,15283,23711,17424,14135
FA 18:0,247252,214311,284944,211905,203277,209388,318906,294585,227523
FA 18:1,146210,91798,167997,105585,98482,137414,151351,151358,118349
FA 18:2,20239,12766,28290,17999,20034,15481,24920,17977,16518
FA 26:2,60,31,28303,5563,54,47710,5883,1203,45
FA 28:2,2,43,258665,8483,30,13448,10008,13361,4
FA 28:3,NA,NA,22184,12601,69,15041,12577,3450,17
FA 28:7,6863,6155,7413,7025,7046,5658,8109,6520,6599
FA 30:1,594,5957,319460,56963,2152,13534,16365,30724,190
FA 30:3,204,126,112628,23600,NA,16678,65915,3903,13
FA 32:2,196,283,131892,4855,272,27980,30108,12318,77
FA 38:5,44545,41359,44815,47315,45489,26644,36936,47771,41032
FA 42:10,1313,2672,4217,1311,21522,748,1651,895,1817
FA 42:8,2556,11857,7076,16389,12275,1626,14726,12529,1812
FA 44:10,30301,7845,10386,6159,4928,236,10259,2641,24109
FA 44:7,316,3991,305,10687,101,312,32817,6815,101
PE 36:2|PE 18:0_18:2,20203,70899,2016,163304,10502,1025,23726,8803,1516
PE 38:3|PE 18:0_20:3,16271,18673,5392,25760,8905,6630,13427,7443,5846
DG 16:0,46762,357188,192958,42982,57441,567771,212188,227436,504267
DG 20:0,24751,10116,46808980,1383268,36723,1094047,701224,489347,9234
DG 22:1,40,8691,280482,408,3623,199689,201686,19421,2675
DG 24:0,NA,25183,61783,NA,15977,273,41145,8106,1403982
DG 24:1,811463,1014500,1240336,1540435,528462,1772776,2271018,1059698,1767691
DG 24:2,605,NA,48284,7257,69,1298,2428,126,415
DG 24:3,NA,103777,76707,2549,NA,87580,393491,75814,75590
DG 26:1,24244,11187,33760,67452,8808,590298,2937766,1561952,2108289
DG 26:3,18973,39315,16101,28104,4490,26829,22213,30309,6814
DG 26:5,143708,32380,154754,218285,60285,134841,205281,99431,81416
DG 28:1,NA,496364,35606,1116,363,4363,8009,20095,124684
DG 28:2,371326,247058,146769,742050,113039,475833,898930,806744,182228
DG 28:3,20033,1537011,1465903,334200,2894305,157308,324691,27746,20409
DG 30:0,5136,NA,1634397,28866,NA,3115,31195,29855,1776
DG 30:1,18492,3523,29488958,311328,7502,128179,170245,657678,669
DG 30:2,780,6133,54372240,122326,1462,153851,21655,313656,1315
DG 30:3,2330,NA,419141,14597,417,19898,30329,3500,321
DG 30:4,525341,178908,182866,396072,280960,262997,416081,344650,301821
DG 32:0,1555578,174491,38113,744217,1145291,1138517,4581994,3001188,863460
DG 32:0|DG 16:0_16:0,3949389,1819410,382251,1034216,801867,2257940,8954780,9434820,6186018
DG 32:1,142161696,59545124,58171568,102091376,67549632,85912160,108796448,108366640,105622504
DG 32:2,4325,NA,1779136,280494,4684,15534,35601,42278,6180
DG 32:3,33201,6190,3243381,583162,19805,365165,250955,32138,14318
DG 32:4,71161,109004,40478,327181,33317,391683,687227,201343,102532
DG 32:5,57570,9845,730374,592816,53627,443799,727884,3026830,48623
DG 32:6,1346,7544,5909,606,197,3948,127858,165022,80834
DG 34:0,NA,259064,1567334,44885,6086,170254,104867,71477,313595
DG 34:0|DG 16:0_18:0,10826106,5174828,14802963,11170325,6268967,12170488,18829552,16173218,11198540
DG 34:1,42181,705426,23312062,749044,3618,1233179,735132,262527,291923
DG 34:1|DG 16:0_18:1,4273574,12945743,14182350,9564992,3366436,4074753,12348437,26539510,23843846
DG 34:2,479157,2147243,20403262,3559494,1477160,4104276,3126024,1854990,851860
DG 34:2|DG 16:0_18:2,3158184,19107846,132829224,22087218,1763302,14671990,14176496,8272370,4286638
DG 34:3,2017297,163511,519139,993120,1845251,962383,941753,645689,375684
DG 34:3|DG 16:0_18:3,79042,207619,19415550,688534,2493,1349757,902321,348641,4275
DG 34:3|DG 16:1_18:2,5409,23193,9706214,72067,18982,75807,35276,103513,306
DG 34:6,547984,387350,128470,518104,582124,438370,707795,589396,573926
DG 34:7,20969,823101,229900,180748,15672,321095,293290,381429,54601
DG 34:8,NA,1918,7111,84,NA,19283,21870,26237,42
DG 36:0,6680129,6081156,272935,7057287,15516025,8932044,11045575,7435129,4590170
DG 36:0|DG 18:0_18:0,6539218,3150016,11508269,6883900,6283908,6232060,12795064,8665446,8383944
DG 36:1,5420,NA,6072429,46181,262,137394,285598,127849,1749
DG 36:1|DG 18:0_18:1,541506,7685282,81889336,3045606,782913,3940045,4645354,6911823,9690991
DG 36:2,38130,15125,42093500,1190841,211727,2772674,1624626,830651,36986
DG 36:2|DG 18:0_18:2,155733,698251,243902848,9384914,109836,2842804,2168237,1142282,326937
DG 36:2|DG 18:1_18:1,2915342,59447052,16777464,14277550,11842331,9452218,2746534,31029932,59753952
DG 36:3,548872,656248,14562576,3202394,1703957,2851127,2651022,2990182,1117998
DG 36:3|DG 18:0_18:3,40761,50263,17540738,471878,11967,204900,150552,234933,5481
DG 36:3|DG 18:1_18:2,4684300,8890300,108695984,29973828,2180604,15296198,16124588,14206863,2396590
DG 36:4,26782,47755,26725094,140452,61285,1020720,200409,117990,59610
DG 36:4|DG 18:1_18:3,429732,617304,17479036,1825151,44674,1589542,1845940,1276574,7326
DG 36:4|DG 18:2_18:2,703519,8317588,135847072,9486251,59284,11488527,8133305,2818331,2037635
DG 36:5,515,15111,1243224,42966,3127,121163,101922,5525,NA
DG 36:5|DG 18:2_18:3,146248,445716,13989416,995439,5293,1160169,973974,125954,32140
DG 36:6,2022368,3577107,1997745,4810008,878055,4684424,8526659,7278071,1190917
DG 36:7,721146,1009448,1246786,1486211,937796,1243686,2443464,1540357,625290
DG 36:8,30700,165319,54176,70481,25352,134159,63183,168644,124204
DG 38:0,50739,2255,7090150,820747,25199,920936,1081969,625270,14765
DG 38:1,4069,1480,40507820,1434016,18260,346373,198765,72207,7528
DG 38:2,6087,NA,177856,19670,446628,23106,69984,75006,26234
DG 38:2|DG 18:1_20:1,19415,27761,2851206,206827,1220531,39056,241399,891494,343976
DG 38:3,8616,NA,580752,4862,3490,13694,80550,71339,7465
DG 38:4|DG 18:0_20:4,252919,20317,37983,209244,6868,872,132384,535613,128781
DG 38:4|DG 18:2_20:2,54394,60196,1683955,150540,19797,8439652,3344882,3579070,6345
DG 38:5,945,466147,855304,6895,1271,786669,1557986,784,421101
DG 38:6,1732585,2390971,923924,1808414,2039230,1428638,304028,1367579,487471
DG 38:7,500,NA,1338549,8755,1297,17839,8443,23022,293
DG 38:8,904168,1032016,2659289,1704112,464597,1773527,1442325,1783695,602876
DG 38:9,226631,128984,241778,58889,183320,191893,303525,322294,238709
DG 40:0,2763,NA,820603,1157,2545,9111,18033,32796,6619
DG 40:1,728723,1673159,367874,2155001,232267,813746,1461453,1052146,674060
DG 40:11,1672186,3289234,1852419,6262526,4773350,779411,8684261,4693248,2268402
DG 40:2,3555,NA,30770,15018,151,106985,94229,616402,NA
DG 40:3,14470,51701,13259293,493886,11573,258695,978406,17850,9956
DG 40:4,1378,5613,88274,3789,104,59824,102116,48290,122
DG 40:5,321142,14936,257966,180545,1631071,191521,310102,528283,251926
DG 40:6,25081,71309,418113,208334,36649,604777,1049754,493666,168203
DG 40:7,625,NA,458808,498,3839,11472,4961,22019,NA
DG 40:8,6021,1360776,103006,15523,7300,148334,68943,158225,947833
DG 40:9,8196,140347,965689,42030,1964,201340,179467,71650,121993
DG 42:6|DG 16:0_26:6,745186,276761,43552,389710,112870,339825,178737,674230,207954
DG 44:7|DG 18:1_26:6,36347,2523753,90218,182953,381238,66856,221646,519555,1268473
FA 22:0,11288,35994,32931,18495,10082,697,42542,61193,29591
FA 24:0,16231,11734,19460,17179,24962,17247,13208,23722,13450
FA 26:0,20522,20511,5797,15933,7857,714,39677,59166,12401
FA 26:1,NA,4,3184,1275,32,3589,8055,3962,18
FA 28:0,13871,11145,35131,23855,17464,5825,33688,24325,16180
FA 28:1,337,435,200631,5543,44,108760,171048,7636,18
FA 30:0,28654,11096,10726,15990,18611,66271,70604,23194,25894
FA 30:2,27,669,291236,45616,140,13945,6531,5266,93
FA 30:5,65,258,10717,2757,10,7425,21052,23233,76
FA 32:0,7472,20826,304,18947,9975,1205,2333,1010,2057
FA 32:1,150,171,31679,4828,353,8272,39863,4032,343
FA 40:5,706244,2942859,1284543,2444706,2662394,13675,3526672,3048292,3738088
FA 42:5,4349328,3312374,1051889,3161785,4154196,37582,4233116,3524874,3799308
FA 44:5,1548154,654479,214487,787210,1255977,16776,1110440,831671,1076707
LPC 16:0,359740,415315,361,3272280,76818,29755,164168,237451,135699
LPC 18:0,5328420,9974309,3767525,30558694,3248020,1195133,6503430,1274245,2792644
LPC 18:1,404801,2036444,505909,2120486,442632,724530,1689130,553035,767358
LPC 18:2,36049,478711,29890,770176,43921,75490,289925,116900,180582
LPC 20:3,809349,975558,297898,701780,918797,783515,874990,567368,661732
LPC 24:0,49489,516117,34673,1335982,20543,7314,336511,17202,121269
MG 16:0,6390795,7724388,496892,30202516,1766189,6186606,4432708,9900489,4056456
MG 18:2,15942,202772,4373429,326128,97792,1903365,1872332,180084,220943
MG 18:3,804098,854726,623488,1998492,581477,1133140,1320250,2431097,838593
MG 20:3,35050,37051,2312593,161940,31544,192358,98283,41609,5177
PC 30:1,48444,1101316,106190,3582056,69505,304296,1225697,572314,126311
PC 32:0,335104,654165,18727266,823084,51563,779187,809613,148609,242166
PC 32:0|PC 16:0_16:0,256109376,391136096,8567852,462874400,97084336,185168800,393910592,204633136,237733760
PC 32:1,1492224,6780416,43615,4631954,256274,3012847,5327918,932112,2704682
PC 32:1|PC 16:0_16:1,37598460,87961392,2348256,142072960,4662319,57585812,44539772,25363462,8264203
PC 32:2,1030564,3770144,76646,17713086,486553,766769,2166411,1206681,549926
PC 34:0,551223,57705,33567,856323,285615,144360,1763473,543781,509745
PC 34:0|PC 16:0_18:0,47775252,45971660,930985,69475688,8628813,16457255,58607020,23295766,32042764
PC 34:1,8360538,68039368,881292,146857904,6908922,5270323,24354378,12140929,6267132
PC 34:1|PC 16:0_18:1,1341714816,2172340480,59864296,2105769984,545733824,978446336,1713384448,1169368064,1121064704
PC 34:2,336408,7973124,47728,18603666,1103918,401451,4630488,2035787,643736
PC 34:3,2410929,842762,5741,29312800,461277,47922,3287939,567336,771556
PC 36:0,4031797,4067014,1052279,782974,1437642,1718855,2403431,2365138,6289826
PC 36:1,4638936,242876,121547,5550070,1802853,1611336,9778362,3816749,3324644
PC 36:1|PC 18:0_18:1,242379184,38096028,3896020,357746592,47811220,65018708,302804928,128845288,162679184
PC 36:2,4627644,7896612,8804,20723352,569764,1399211,11509359,3512707,1673090
PC 36:2|PC 18:0_18:2,246616800,524770272,16638690,1296041216,53296508,61681860,358642400,134467680,91336600
PC 36:2|PC 18:1_18:1,70664944,151734256,2748512,163450224,26368028,56244444,100024480,58144740,53900532
PC 36:3,26011054,70010864,4967137,125360112,13661117,16183716,54021156,22802252,18452564
PC 36:3|PC 18:1_18:2,8455941,58988544,1806045,130932800,3471952,5434714,32528338,9208370,2970880
PC 36:4,4243892,6632331,72711,15291928,3965658,3375287,10264909,4668868,2003555
PC 36:4|PC 16:0_20:4,202664480,560171008,38213820,1104869760,102952432,125536800,436749408,184221792,138503344
PC 36:5,895965,1740609,89930,7310529,465520,440675,1862817,534829,437042
PC 36:7|PC 14:1_22:6,4083488,835403,375257,980642,526749,1210512,2526202,1250928,1114758
PC 38:0,11138,46993,2259224,258324,3176,535538,79347,19836,22809
PC 38:1,315200,195373,151480,414964,79327,257652,514834,1185415,385751
PC 38:2,105391,169154,NA,465983,117904,40406,185302,62258,182276
PC 38:3,13753499,24331110,2679015,45072396,2452283,4910806,15136573,3676952,5044756
PC 38:4,4889444,8745804,79425,6083326,4271474,4318395,9800060,4193940,2759042
PC 38:4|PC 18:0_20:4,232379376,678785216,7558508,851672640,69095392,146877888,405986784,162576848,141339280
PC 38:5,428023,954182,56213,2253486,464855,324606,1306049,574028,187067
PC 38:5|PC 16:0_22:5,15920514,46303372,1031535,78824336,5375780,6431374,27724104,9611072,6502658
PC 38:5|PC 18:1_20:4,30449562,114255472,4944368,175254928,19535154,18364888,68261392,28387266,20641562
PC 38:7,246351,459951,20667,3442461,63636,78677,643586,128484,195047
PC 40:1,78983,126154,35970,293649,121566,89445,279428,253803,106037
PC 40:2,58866,3083413,13617,5819,7175,50831,168783,320016,2623236
PC 40:3,650412,1545500,7487,716736,90215,418543,757252,435531,605032
PC 40:4,1326978,3267565,NA,4094769,237773,1387744,2078510,547008,1016453
PC 40:4|PC 18:0_22:4,16985620,41696116,120759,43653512,2520226,11000071,27885790,6254486,13677225
PC 40:5,1079756,4599715,158531,3863483,335521,2285130,1847718,814233,881099
PC 40:5|PC 18:0_22:5,12261408,46275020,481323,51460884,2782964,4531575,19411028,6940512,8015563
PC 40:6,2080763,312476,154329,3735072,122626,722824,1510413,968732,961515
PC 40:6|PC 18:0_22:6,56138396,167808080,5282458,290941760,13338024,20371680,61431656,31957958,30875788
PC 40:7,768744,1885944,6671,3480839,141971,113174,1299323,81600,362791
PC 40:8,317034,2965513,37574,9625561,222442,121008,3097246,396774,483625
PC 42:2,233306,358959,51377,503724,162512,83903,491352,369306,497864
PC 42:3,42277,51291,8816,101951,24328,70052,798784,206314,202168
PC 42:4,698146,542768,16569,3162689,66928,515889,2378114,452168,1536537
PC 42:5,429881,919696,2809,626536,58539,549232,759873,512089,321759
PC 42:6,78148,68892,4875808,743353,31199,144141,108445,271527,247419
PC 42:7,1066336,1741454,33797,1659934,169000,438168,903570,302869,697105
PC 42:8,301502,639676,8799,989787,21948,56255,328753,210938,222574
PC 42:9,198434,336469,9993,531436,21957,52460,283755,72325,88294
PC 44:0,91805,1057646,38908,39720,87586,120353,117758,243388,1232824
PC 44:4,1613,147232,562069,28349,4720,38252,46389,53724,470133
PC 44:5,247783,182347,35861,1136715,72907,151355,677862,145515,300671
PC 44:8,425683,700186,36798,407196,200907,102295,1338973,336906,434441
PC 46:7,84954,206323,2946,255795,15326,32240,57602,39553,97895
PE 36:1|PE 18:0_18:1,1752773,1802091,NA,3406786,201781,435896,1888435,616264,375465
PE 36:2|PE 18:1_18:1,2130653,895522,27753,1794810,163492,237826,1017633,119921,131598
PE 38:4|PE 18:0_20:4,9296790,8517466,323780,13975556,782687,2190893,8561718,2673905,2257117
PE 40:4|PE 18:0_22:4,7930,10211,20649,39279,17049,926,45420,25530,21179
PE 40:5|PE 18:0_22:5,29788,33675,21237,54889,14248,2391,31167,18860,9399
PE 40:6|PE 18:0_22:6,21903800,12349665,1261530,9194146,1972900,7461134,15355387,6026219,4601764
PI 34:2,263460,216787,6870,1011833,23023,55707,204585,102077,66877
PI 36:2,19090,84979,1449,658890,1902,770,52,11625,108
PI 36:3,115906,103440,3051,365879,14993,26304,96791,63016,25456
PI 36:4,626348,660970,67399,1240726,74017,145907,978478,320445,280987
PI 38:3,673648,709434,9413,1408167,54228,107644,566755,305009,201658
PI 38:4,2717315,2810602,385324,6420632,906892,2210330,2566470,3829516,1967614
PI 38:5,678259,448400,60471,765781,33121,223047,722875,262299,202011
PI 38:6,158645,129661,16940,377138,10459,52932,159526,70848,75107
PI 40:6,291034,256624,37244,274158,39020,140519,264721,241269,235024
PS 36:1,125945,23188,38174,240119,6549,75330,1605175,536999,1271767
PS 38:4,180462,74283,40680,601050,61898,63883,323370,117636,62556
PS 40:4,428832,415386,536037,285094,146473,287433,507785,465978,495221
SM 32:1;2O,1999727,2682837,39148,20336668,234733,132770,21447,1599514,90991
SM 32:1;2O|SM 18:1;2O/14:0,5598442,11883697,3037399,38076036,2457376,8532443,22196776,13367301,6142500
SM 34:0;2O,21609526,53572584,1007719,72557936,7524394,17968944,37940456,19698256,14085544
SM 34:0;3O,63510,228392,65842,655542,15882,20440,100104,97889,57261
SM 34:1;2O,2982488,45686704,1507,142655616,1023764,86846,151171,661108,41330
SM 34:1;3O,6077338,1543596,353344,3365328,2162735,994173,1350822,5277829,1039104
SM 34:2;2O,711700,2348560,14263,34095916,72144,99866,50995,954680,13875
SM 34:2;3O,74091,99988,22865,117185,378169,93656,368431,914891,125226
SM 34:7;3O,15484379,11083262,3589714,8397142,7107642,15639693,14375156,15895069,12645027
SM 36:0;2O,4033619,3696235,644118,6926560,169953,226682,5080362,3419009,2617974
SM 36:0;3O,1486620,2217513,22055,2898131,236448,931082,2244668,1235411,718181
SM 36:1;2O,1608012,531470,393496,859039,605853,488635,1417489,534151,268085
SM 36:1;2O|SM 18:1;2O/18:0,152357456,228260448,8508967,219630976,50340268,97633800,165773424,128638408,95304584
SM 36:1;3O,24338476,7357584,1160371,56074796,9199356,17237338,23211858,20750602,14369028
SM 36:2;2O,720715,4521578,7685,13249204,275194,25192,58194,132564,16166
SM 36:2;2O|SM 18:2;2O/18:0,27435160,99524544,12963659,74133648,17831952,24192210,53452752,35944220,22641852
SM 36:2;3O,2864,328680,1188,8038,3389,26193,72985,85788,810506
SM 36:3;2O,47402,176198,5044,854174,7193,42854,46099,152267,12892
SM 36:3;3O,2167548,1525032,454938,21747330,1139288,1678589,5556880,4114540,1367613
SM 36:7;2O,247743,86621,46642,245598,88845,135060,323128,317004,266318
SM 38:0;2O,581585,742462,59041,5013036,82014,108531,715825,509403,259844
SM 38:0;3O,4352,11148,2091719,548242,5004,722021,481072,311573,20319
SM 38:1;2O,2876800,30273158,77752,38351400,3531020,3986708,12407660,2392670,4154260
SM 38:1;2O|SM 18:1;2O/20:0,32508308,4050446,1248791,47690968,3033625,1281500,28610238,25249098,15194625
SM 38:1;3O,1902303,4010209,58071,4793550,226731,1264579,1528850,883907,1183128
SM 38:2;2O,12567785,21878382,1558681,27115180,4018696,6077269,17962178,11232437,5110479
SM 38:2;3O,3066182,1121473,42998,8150568,1210893,2728667,2863430,2560456,336103
SM 38:3;3O,4549801,6202458,77644,5780602,1393268,2951970,3942585,3390813,2125878
SM 38:4;3O,309167,989156,70316,3085309,96140,447848,863760,187914,181884
SM 38:6;2O,76830,112987,4396529,280520,7746,1718344,1507809,168089,68319
SM 40:0;2O,803159,2575551,30044,2957034,565465,295628,999131,1176849,366622
SM 40:0;3O,982433,146573,12189,570620,117728,305706,1026674,934163,999439
SM 40:1;2O,5339808,37425576,1492553,16716317,2028168,3360700,8836043,6848620,3206768
SM 40:1;2O|SM 18:1;2O/22:0,37256464,13595923,332995,132914816,8225299,18937672,69319736,45536124,19456532
SM 40:2;2O,3881200,8339478,1557538,12924262,1062348,1932816,4611862,3798326,1443038
SM 40:2;2O|SM 18:1;2O/22:1,9404690,2015875,145768,35816988,3491760,3021726,9827903,9145852,4504359
SM 40:2;2O|SM 18:2;2O/22:0,26218302,17408710,309600,97152160,6572501,11790119,40489536,22158098,10453207
SM 40:3;2O,3062132,7249010,36226,12207475,1673502,2011398,4618397,4543864,1681964
SM 40:3;3O,394849,430288,1803,2362316,66321,829247,147797,122130,262802
SM 40:4;3O,2134964,8000676,27581,8284928,544966,4946518,5926018,1721295,2187556
SM 40:5;3O,1157654,3764187,17429,4933516,79412,329370,2510132,1297235,1346781
SM 40:6;2O,2306759,2140054,884177,2601092,909714,1204848,2346909,1950558,2791222
SM 40:7;2O,1571746,805372,42542,1678186,395588,1288748,1434366,388296,1266573
SM 40:7;3O,284793,5040610,84759,5973082,116975,397175,279854,481748,201480
SM 40:8;2O,2524,282636,846,3518,26550,5695,38946,8726,946498
SM 42:0;2O,2502744,1540038,198401,2429406,2031951,306584,1388866,3490200,1903232
SM 42:1;2O,311234,2291345,63783,2982012,472371,305172,1911558,852544,307453
SM 42:1;2O|SM 18:1;2O/24:0,19458218,63313872,1001918,81161464,17965272,8549552,42178052,24327788,15168440
SM 42:1;3O,1651093,2302242,48953,3793011,410345,842393,1907770,1624961,1013469
SM 42:2;2O,9921758,4169170,147656,32376828,3620716,4569340,2913147,10615984,6737932
SM 42:2;2O|SM 18:1;2O/24:1,115439152,222537488,1386312,422504544,75690656,73947296,172467216,134606896,64312264
SM 42:2;3O,243314,1070993,1256,596245,6999,21849,116508,186600,69402
SM 42:3;2O,57897580,10781164,1826691,33317062,21107968,4506028,11323153,55478840,4024042
SM 42:3;2O|SM 18:1;2O/24:2,73311776,127347136,563884,237073328,27510590,34902120,95553384,71262552,33893648
SM 42:3;3O,34101,1091514,20501,266601,3594,122974,333321,92537,592159
SM 42:4;2O,1270144,2618794,10965,5378152,292295,607136,1736976,450149,368046
SM 42:4;2O|SM 18:2;2O/24:2,5068211,12778830,105147,18890026,1772059,2583094,7990703,8360834,7894710
SM 42:4;3O,305078,401728,9953,1191053,152814,443912,374989,382078,348912
SM 42:5;2O,146447,374794,NA,617035,38204,276360,1293911,1858714,1180773
SM 42:5;2O|SM 18:2;2O/24:3,175452,1298237,4582,534154,100365,106930,1019919,386143,38345
SM 42:5;3O,508292,2488508,6182,899609,81304,996965,1333567,200627,838227
SM 42:6;2O,23017,3200980,27954,58142,34538,42947,21094,93167,8220937
SM 42:6;3O,2067234,1654887,70848,10637119,532647,3183855,3619442,1519252,2816775
SM 42:9;3O,286888,557929,488828,187725,383962,294371,511733,538574,539878
SM 44:3;3O,30511,155135,4911900,825762,23699,4821036,6062696,621763,53730
SM 44:4;3O,35589,164498,283933,118297,12816,124930,764046,132013,1389606
SM 44:5;2O,489020,553790,8337,397295,151884,176234,754233,879483,495711
SM 44:5;3O,328298,1899545,4122,3876593,207280,1279921,1005818,260956,637698
SM 44:6;2O,398119,129591,21375,70879,246970,193329,213572,248193,278903
SM 46:4;3O,42834,282584,4996338,91069,74941,48095,135265,276259,70748
SM 46:5;3O,2107375,864220,194430,2605323,1793444,779448,3337583,495247,2396856
SM 46:6;3O,1749421,4062200,73548,8169195,703079,1951482,2846518,1181517,1022893
SM 48:7;3O,371816,1171848,21400,2137468,285450,620532,813177,691208,829229
TG 32:0|TG 8:0_12:0_12:0,55452,46098,477126,414414,43648,88230,156754,18146850,48872
TG 34:0|TG 10:0_12:0_12:0,63240,7329,101340,332850,2946,46297,204470,11191737,11543
TG 42:0|TG 12:0_14:0_16:0,648044,190765,368636,389195,938300,358001,740748,13747891,329135
TG 42:2|TG 8:0_16:0_18:2,1332017,307178,572919,87517,24868,98868,5479261,204074,447777
TG 44:0|TG 14:0_14:0_16:0,2110760,965180,2749234,3662308,2266034,3444516,5443254,1251832,2150326
TG 44:1|TG 10:0_16:0_18:1,977790,1155053,83472,2965566,1526899,1519705,4770896,1865967,1238773
TG 44:2|TG 8:0_18:1_18:1,1237034,1364709,1727258,1341015,530404,468362,4312908,1506396,1758327
TG 44:3|TG 8:0_18:1_18:2,17798,94485,412215,45401,148479,50105,511261,227278,430535
TG 46:0|TG 14:0_16:0_16:0,4756706,3801089,10633453,6916403,3477203,5435117,9545523,10326689,3855131
TG 46:1|TG 10:0_18:0_18:1,179190,735411,40829,438628,188880,84237,195061,222430,998239
TG 46:1|TG 14:0_16:0_16:1,2262356,3586177,7324621,8947612,3717013,2954031,8416099,1003622,1935778
TG 48:0|TG 14:0_16:0_18:0,1281097,365403,6494538,6650848,496423,288879,557430,3948996,152417
TG 48:0|TG 16:0_16:0_16:0,6484662,11715031,20439208,21435412,6384244,7892370,24174856,18890968,4905398
TG 48:1|TG 14:0_16:0_18:1,6802790,17201100,30857428,37280764,13780516,7068550,24531718,19695020,3248610
TG 48:2|TG 14:0_16:0_18:2,5216242,14788611,11834555,29736394,11157884,4455244,20244758,12956354,2625794
TG 48:3|TG 14:0_16:1_18:2,2148369,3834637,304404,9928619,2683496,1860070,8982247,3666526,261401
TG 48:3|TG 16:1_16:1_16:1,739021,1239438,529600,358861,1089480,1689020,95999,1898506,2125898
TG 50:0|TG 16:0_16:0_18:0,3198561,15505676,44545820,28010932,11306304,910304,2310629,15136153,2869705
TG 50:1|TG 16:0_16:0_18:1,2294,720510,88021,163921,1041,57785,44004,1912539,442891
TG 50:2|TG 16:0_16:0_18:2,5485200,57887008,182911152,87254288,13816647,26138076,34056416,80244856,10688310
TG 50:2|TG 16:0_16:1_18:1,20713392,32666052,161651328,81793040,108688280,27507540,38885124,82850616,9446695
TG 50:3|TG 16:0_16:1_18:2,903166,4164512,5829454,7337632,4814385,1881347,36289884,1492632,374059
TG 50:4|TG 14:0_18:2_18:2,1996577,9022302,14811545,15738262,2467010,2239350,10903882,1406391,564425
TG 52:0|TG 16:0_18:0_18:0,145644,849481,31891,61702,178665,861,25903,218406,2593778
TG 52:1|TG 16:0_18:0_18:1,8243996,69272336,104186920,78715968,81608904,11804761,33476178,39703620,15597220
TG 52:1|TG 18:0_18:0_16:1,31267,11593266,89535,62550,6371318,42139,557223,4623414,49295564
TG 52:2|TG 16:0_18:1_18:1,41088464,372882336,529313024,461975200,492961664,58137660,170399984,206312560,77146424
TG 52:3|TG 16:0_18:1_18:2,50945780,456796224,368020960,541810432,222283056,63010104,237864368,187906672,32896470
TG 52:4|TG 16:0_18:2_18:2,26070768,244556096,41337604,271829280,49962304,30610158,101039720,65259200,11472641
TG 52:5|TG 16:0_18:2_18:3,7119272,22605904,63915452,31354786,3661152,4345600,25790256,4331187,1512000
TG 52:5|TG 16:1_18:2_18:2,871642,11136116,5230701,18775440,3698852,2845678,5258426,6914684,461663
TG 54:0|TG 18:0_18:0_18:0,102840,979212,3943520,1774971,670443,1418805,376033,20372,822856
TG 54:1|TG 18:0_18:0_18:1,139465,10556684,20582958,6601948,5533188,2160262,3271388,130611,2731298
TG 54:2|TG 18:0_18:0_18:2,20872,1550677,843581,79009,313827,50272,4121795,717112,822241
TG 54:2|TG 18:0_18:1_18:1,4533252,121005616,99782320,38070188,71366496,11505280,21848968,3791503,30341400
TG 54:3|TG 18:0_18:1_18:2,5391708,33660388,114431752,50821140,9687726,3735376,6472424,9625996,3684058
TG 54:3|TG 18:1_18:1_18:1,9561025,394243136,223683184,78207608,280523968,28932058,46445288,145376128,162130880
TG 54:4|TG 18:1_18:1_18:2,20327030,183235216,268328112,137723520,73503632,47991072,86819208,129327936,35841208
TG 54:5|TG 18:1_18:2_18:2,12370572,103161808,105236384,84382344,25960476,29620444,63064696,7684086,16758561
TG 54:6|TG 18:1_18:2_18:3,5420940,30673262,401590112,40094000,6906483,18246562,34683292,17371726,5333710
TG 54:6|TG 18:2_18:2_18:2,787382,29916348,44011652,6321142,1320816,17197998,36128556,732923,4608150
TG 54:7|TG 18:1_18:2_18:4,20034,56027,17177028,6675,1698,36788,195679,75992,111915
TG 54:7|TG 18:2_18:2_18:3,1409283,6375809,65615912,10042666,1134525,3243952,8278892,2033963,233413
TG 54:8|TG 18:2_18:3_18:3,178863,459951,9195644,921512,93776,409488,1406362,265680,38078
TG 56:0|TG 16:0_16:0_24:0,127969,168672,32517,47540,7340,48226,119971,255478,146089
TG 56:0|TG 16:0_18:0_22:0,175150,32586,NA,178910,22020,13381,144977,8153,15138
TG 56:2|TG 18:0_18:1_20:1,184664,3410854,8418536,2779662,8260497,553854,787883,205990,557843
TG 56:2|TG 20:0_18:1_18:1,36678,6919276,8618895,2587590,12000193,138597,162096,129664,1756522
TG 56:3|TG 18:1_18:1_20:1,568641,7072008,23427744,7271970,51710664,1417119,2135560,1244538,1484780
TG 56:4|TG 18:1_20:1_18:2,986360,6133846,14869008,4774304,10621481,1875239,900025,7030543,298266
TG 56:4|TG 20:0_18:1_18:3,197529,2099526,1663979,1680124,691318,623183,1517493,454897,192762
TG 56:5|TG 18:1_18:2_20:2,1133756,6209158,16452393,4353382,3525936,2121870,3305652,5022674,420730
TG 56:6|TG 18:0_18:1_20:5,12067,70826,22225844,130488,888620,243171,467914,88391,12544
TG 56:6|TG 18:1_18:1_20:4,3650840,23748012,10130890,19085856,2970953,2923058,15917606,2657553,1243710
TG 56:7|TG 16:0_18:1_22:6,NA,3070935,140802,14684,18148,11472,7787,45118,2806678
TG 56:7|TG 18:1_18:2_20:4,2262058,15358452,3549329,15522973,1349276,1576747,9282783,1987699,830511
TG 56:8|TG 16:0_18:2_22:6,720890,7355005,1892916,8252868,463963,290759,2886062,888305,380432
TG 56:8|TG 18:2_18:2_20:4,884803,3501094,164836,4394992,519034,522901,3818412,544413,615023
TG 56:9|TG 18:2_18:3_20:4,284954,572953,118876,370460,78778,197877,1201214,26906,88610
TG 58:1|TG 16:0_24:0_18:1,118168,38634,33318,299841,12682,5761,63400,61691,24644
TG 58:10|TG 18:0_20:5_20:5,16181,134480,32725046,143326,45457,781050,943790,46672,269434
TG 58:10|TG 18:2_18:3_22:5,NA,10590,5030480,4874,992,1641,16913,25558,109846
TG 58:11|TG 18:1_20:5_20:5,911,2042,20932144,1026,2717,102461,776172,93160,104393
TG 58:2|TG 20:0_18:1_20:1,95116,899259,519317,344144,883117,194373,322080,67634,301333
TG 58:3|TG 18:1_20:1_20:1,102289,151884,98368,350975,1238188,98847,146579,47528,57949
TG 58:7|TG 18:1_18:2_22:4,63609,3277168,66992,2390409,304266,223537,2002446,77910,109016
TG 58:8|TG 18:1_18:1_22:6,469205,2215456,52517,2180151,339599,168676,566534,288749,176983
TG 58:8|TG 18:1_18:2_22:5,109373,1242114,206682,672491,93365,86704,1024409,106066,111707
TG 58:9|TG 18:1_18:2_22:6,526381,3034629,431861,2972528,236852,335590,2713416,616422,425525
TG 60:11|TG 20:3_20:4_20:4,199,5180,3447883,385,4232,909,13599,14531,15306
TG 60:2|TG 24:0_18:1_18:1,134487,20730,41668,95499,6153,1610,41828,552634,25878
TG 60:3|TG 18:1_20:1_22:1,65964,56120,744546,146281,844965,46817,26115,28083,5144
