"","D0_1","D0_2","D0_3","D10_1","D10_2","D10_3"
"AcCa(14:0)",3720000,3720000,3720000,19100000,18600000,20300000
"Cer(d12:0_14:0)",12500000,16100000,18700000,16700000,18400000,17900000
"Cer(d32:1+O)",544931.4472,544931.4472,544931.4472,2724657.236,2899931.092,3135158.491
"Cer(d16:1_16:1)",1889460.6934,1889460.6934,1889460.6934,9447303.467,1.4e+07,12600000
"Cer(d34:3)",1749876.2236,1749876.2236,1749876.2236,8749381.118,13400000,10900000
"Cer(d18:2_18:0+O)",1005961.4902,1005961.4902,1005961.4902,5029807.451,5420463.49,5459371.995
"Cer(d22:0_18:0)",1019017.227,26300000,26300000,9013787.352,10900000,28200000
"Cer(d22:1_18:0)",280170.4824,7111924.557,4290965.565,14100000,15600000,16400000
"Cer(d18:2_22:1)",1573695.1558,1573695.1558,1573695.1558,9743376.337,8344733.981,7868475.779
"Cer(d42:0)",4583296.303,2580335.151,1865578.898,7854570.224,9641141.151,9145299.632
"Cer(d20:0_24:0)",3.834,1841051.177,2836265.314,1664745.029,0.7668,0.7668
"Cer(d44:1)",2124930.074,7470506.378,6744861.765,29900000,29500000,29100000
"Cer(d20:0_26:0)",532835.1382,2664175.691,3702004.265,532835.1382,532835.1382,532835.1382
"Cer(d20:2_26:0+O)",549788.9126,2748944.563,2867702.25,8550418.73,4350177.685,4815628.956
"Cer(m18:0_16:0)",69210.66336,346053.3168,398855.2488,6235864.977,7024462.925,7255584.182
"Cer(m18:0_24:0)",374623.6124,2103961.748,1873118.062,5366320.222,7882268.108,3570920.546
"Cer(t18:0_14:0)",11200000,7706791.132,9868255.314,18400000,18200000,20800000
"Cer(t16:0_16:0)",5095404.744,8501158.632,6252559.966,63700000,61900000,60500000
"Cer(t32:1)",544878.3802,544878.3802,544878.3802,2724391.901,2901969.317,3134676.905
"Cer(t36:0+O)",2617734.079,8780015.978,7679743.647,6758206.425,7358707.186,6513692.39
"Cer(t20:1_22:0+O)",265338.5856,265338.5856,265338.5856,1540652.528,1326692.928,1381667.197
"Cer(t16:0_26:3)",666410.222,666410.222,666410.222,3502305.133,3645636.186,3332051.11
"Cer(t18:1_26:0)",171483.4593,34296.69186,490515.5868,2347120.077,1601068.954,424269.897
"Cer(t18:0_26:1)",14400000,15600000,17500000,74200000,62700000,58700000
"Cer(t20:0_26:0+O)",441209.9352,2206049.676,2786123.323,3138111.596,4627876.539,441209.9352
"Cer(t46:1)",67243.3106,67243.3106,356396.637,669187.5717,336216.553,685844.365
"ChE(16:0)",3320000,3320000,3320000,16600000,20900000,23200000
"ChE(16:1)",256451.4518,2656611.421,1282257.259,24600000,34100000,34400000
"ChE(18:2)",6420000,32100000,68200000,90800000,1.31e+08,1.24e+08
"ChE(20:3)",243070.3665,5600382.185,10100000,3.5e+07,44800000,45500000
"ChE(22:3)",675445.1402,675445.1402,675445.1402,4507843.152,5877970.393,3377225.701
"ChE(22:5)",4060000,20300000,22900000,34600000,44300000,50900000
"Co(Q7)",406198.051,3467513.642,2030990.255,8434309.681,7564899.019,8297447.495
"DG(18:4_18:1)",1076460.983,44900000,66600000,25400000,56800000,22100000
"DG(18:1_22:1)",793412.277,1033366.805,2746435.446,7650991.285,7359588.182,7430875.181
"DG(18:1_24:1)",811385.8118,4056929.059,5599214.94,8267117.992,6350633.075,811385.8118
"DG(48:2)",3580000,17900000,18800000,1.11e+08,1.17e+08,1.13e+08
"Hex1Cer(d18:1_14:0)",4995691.34,1582454.975,4623988.98,4991980.119,4917686.723,6710905.241
"Hex1Cer(d16:0_20:4)",3886055.771,2253105.187,140283.9087,8924744.032,8388218.761,9506127.495
"Hex1Cer(d16:1_20:4)",2.65e+08,2.37e+08,3.52e+08,7.27e+08,7.42e+08,6.4e+08
"Hex1Cer(d22:1_16:0)",599045.4363,119809.08726,119809.08726,1704863.248,119809.08726,78600000
"Hex1Cer(d16:0_24:6)",2461311.795,2492307.488,2403964.546,3993999.912,20500000,15800000
"Hex1Cer(d18:1_26:0)",885888.5866,6582748.99,4429442.933,1.1e+07,5068677.358,5410925.598
"Hex1Cer(d44:1)",333340.5156,2679183.759,2481739.146,2769037.215,3208938.355,1666702.578
"Hex1Cer(d18:1_26:1)",10300000,10200000,11300000,1.1e+07,1.5e+07,7630034.968
"Hex1Cer(m20:1_18:1)",1778651.561,342274.8794,342274.8794,1711374.397,342274.8794,8e+07
"Hex1Cer(t34:0)",2720288.077,4299054.609,4729096.024,17100000,21500000,17600000
"Hex1Cer(t18:0_16:1)",29300000,35500000,3.5e+07,99300000,1.13e+08,91600000
"Hex1Cer(t16:1_20:4)",7879210.124,1.1e+07,13800000,17400000,17700000,17400000
"Hex1Cer(t18:0_26:1)",10300000,10200000,11300000,1.1e+07,1.5e+07,7630034.968
"Hex2Cer(d18:1_16:0+O)",12800000,12400000,13100000,21900000,24300000,21500000
"Hex2Cer(d34:1+O)",2710738.437,4648926.163,4397762.08,6785804.052,8749638.694,6832234.124
"Hex2Cer(d40:1)",2264130.659,3270412.658,5954319.323,7851042.367,7745301.209,6895892.791
"Hex2Cer(d18:2_24:0)",7357660.164,1840134.317,3836566.181,16800000,21300000,15700000
"Hex2Cer(d42:3)",2613357.825,808213.3632,796005.0783,7665980.409,12800000,9495179.609
"Hex2Cer(t34:1)",2893910.674,2326231.201,1189656.204,6789000.402,8749795.471,6831703.527
"LPC(20:1e)",3699254.164,6479194.559,7368550.605,16600000,20500000,17800000
"LPC(28:0)",67900000,1.02e+08,1.11e+08,53500000,4.9e+07,48500000
"LPE(16:1e)",6423830.11,3516198.025,10600000,32200000,38400000,27500000
"LPE(24:1)",93660.8688,468304.344,93660.8688,932959.693,2205234.68,563949.673
"LSM(d22:0)",61300000,8485720.186,5552095.599,25500000,5112133.65,24100000
"PC(16:1)",6449544.38,8937996.722,7891294.241,12200000,8988985.174,5975243.525
"PC(24:0)",33808.25682,169041.2841,33808.25682,2476097.593,33808.25682,13100000
"PC(26:3e)",490366.8784,490366.8784,490366.8784,2451834.392,2489282.849,2486786.721
"PC(12:0e_16:0)",2346207.24,3188114.123,3424524.326,1048522.962,1038428.745,299824.943
"PC(14:0_18:3)",10700000,6861917.012,2.2e+07,2079303.794,3948260.795,5909080.731
"PC(32:4e)",13500000,13400000,14200000,3023401.393,2849117.834,2409732.207
"PC(20:3_14:2)",952948.886,183860.4339,802699.1502,3717377.106,3217242.909,3528794.498
"PC(16:1e_20:5)",1777824.315,6430252.781,5308715.182,8410704.592,12300000,8840585.909
"PC(22:6_14:1)",14300000,7366015.355,10100000,32700000,58200000,43600000
"PC(16:1_24:1)",9997830.014,1.9e+07,21700000,8959049.284,14800000,8460745.69
"PC(18:2e_22:5)",82100000,41900000,75100000,1.78e+08,2.23e+08,1.94e+08
"PC(20:5_22:6)",26795.3006,354330.457,274664.182,133976.503,377768.016,26795.3006
"PC(18:1e_24:1)",4905794.253,558354.564,267910.182,1617658.444,3338916.01,2053183.394
"PC(18:3e_24:0)",13400000,1.28e+08,1.41e+08,2.59e+08,3.18e+08,2.91e+08
"PC(22:5_22:5)",78523.9496,556643.778,1021886.918,392619.748,78523.9496,78523.9496
"PC(22:6_22:6)",32250.3914,1411480.767,850862.5122,400459.358,161251.957,538531.822
"PC(44:12)",28500000,23200000,29300000,9513730.825,11400000,11900000
"PC(26:1_18:1)",307994.0908,1768079.518,1588283.799,1826812.821,2451873.531,1539970.454
"PC(30:1_18:1)",62140.5306,313264.809,310702.653,485319.005,622655.747,466259.701
"PC(30:1_20:4)",311716.95,267358.983,406054.917,474631.838,769553.003,320006.37
"PC(32:1_20:4)",128779.5428,643897.714,755798.894,1016678.141,1094227.061,652680.827
"PC(30:1_22:5)",551611.965,854960.371,1533652.59,2418925.247,3233842.628,1852585.681
"PE(14:0_18:2)",50246.12628,50246.12628,251230.6314,3742780.281,2649825.362,3106341.698
"PE(18:2e_14:0)",22300000,3.6e+07,40500000,66700000,78400000,58100000
"PE(12:0p_20:4)",2642893.101,2182189.346,2256044.359,2189273.503,2388180.422,1556277.007
"PE(12:1e_20:4)",467280.045,1714146.513,1089136.937,492710.767,853121.135,409368.1212
"PE(14:1e_20:5)",43892.4444,219462.222,606079.462,1308863.84,1456518.505,1512840.345
"PE(16:1e_20:1)",58300000,94600000,97500000,96300000,1.19e+08,85500000
"PE(16:0e_20:3)",5607838.14,1840355.52,10100000,3.85e+08,3.93e+08,3.45e+08
"PE(16:0e_22:1)",5125655.705,624413.7435,10100000,9673565.629,13400000,9498049.326
"PE(16:0e_22:4)",3.06e+08,4.22e+08,4.36e+08,5.24e+08,6e+08,4.9e+08
"PE(18:1p_22:1)",73100000,97500000,86400000,85900000,1.14e+08,1.16e+08
"PE(20:1p_20:4)",4.84e+08,6.75e+08,7.63e+08,8.07e+08,9.1e+08,7.48e+08
"PE(18:2e_24:1)",2993156.064,6931383.989,7493385.04,6765671.652,6842183.601,5531972.903
"PE(20:3_22:3)",12800000,7984316.085,24300000,16700000,20400000,15400000
"PE(42:6)",2814429.262,7233895.171,7045925.316,1667862.699,3402434.208,4066428.838
"PE(26:1_18:1)",417775.87,2771889.251,2669895.699,213667.686,1139194.789,564038.387
"PE(24:0_22:6)",16300000,1475091.097,2088247.149,384160.205,351070.645,705891.18
"PG(36:1)",38600000,37500000,42500000,2.28e+08,3.28e+08,2.53e+08
"PG(22:2_22:5)",219988.7408,219988.7408,219988.7408,1099943.704,1276295.095,1542083.061
"PS(16:1_18:2)",1516931.351,505500.0489,5247373.29,20800000,25400000,22900000
"PS(16:1_20:1)",7635338.743,415931.88,3102268.079,43100000,47300000,38500000
"PS(16:1_20:4)",355442.3186,355442.3186,355442.3186,1777211.593,2353925.741,2132999.55
"PS(20:0_18:1)",25200000,10600000,7663608.48,1.35e+08,1.22e+08,1.42e+08
"PS(20:1_18:1)",1.07e+08,51300000,46500000,4.06e+08,3.47e+08,3.36e+08
"PS(38:5e)",17700000,21900000,5718813.712,26700000,28800000,24200000
"PS(38:8)",303749.3514,303749.3514,303749.3514,2421013.659,1787600.571,1518746.757
"PS(20:1_22:6)",41600000,37700000,45400000,55500000,63700000,57900000
"PS(22:5_20:4)",2.5e+07,21300000,24200000,19100000,24700000,2.6e+07
"SM(d20:1_16:0)",5.64e+08,6.15e+08,7.24e+08,1.05e+09,1.29e+09,1.05e+09
"SM(d18:2_18:1)",36600000,57500000,59600000,72200000,85300000,6.6e+07
"SM(d20:1_18:1)",454597.962,454597.962,454597.962,9256037.547,2272989.81,4081875.164
"SM(d38:3)",7047487.702,12400000,10800000,1409497.5404,1409497.5404,1409497.5404
"SM(d18:1_24:0)",4.93e+08,1.49e+09,1.33e+09,1.51e+09,1.56e+09,1.39e+09
"SM(t40:3)",1799335.02,2132389.895,2424443.935,842856.724,109247.622,546238.11
"SPH(d14:1)",9838009.165,10300000,12100000,32900000,32700000,1.8e+07
"SPH(d16:1)",8263189.021,9808688.333,6883557.975,80500000,1.08e+08,54800000
"TG(4:0_14:0_14:0)",2508959.19,501791.838,501791.838,7933459.369,11300000,8607437.445
"TG(12:0e_6:0_20:3)",129989.505,4746677.245,4552384.811,13800000,16500000,21700000
"TG(16:0_8:0_16:0)",2832970.927,6131696.699,5551849.865,2.25e+08,1.94e+08,2.17e+08
"TG(12:0e_6:0_22:4)",49100000,806325.672,192898.3047,2381430.165,4254268.695,3456688.081
"TG(16:0_12:0_14:0)",5002749.427,7786385.857,10100000,2.95e+08,2.96e+08,3.1e+08
"TG(16:0e_14:0_16:0)",282862.0366,1835036.797,1414310.183,11600000,1.5e+07,16500000
"TG(16:0e_14:0_16:1)",2100000,10500000,11300000,28800000,29700000,37400000
"TG(16:0e_16:0_16:0)",653702.8418,3268514.209,3420597.492,31900000,48400000,48600000
"TG(16:0e_16:1_16:1)",3580000,17900000,18800000,1.11e+08,1.18e+08,1.14e+08
"TG(18:3e_16:0_16:0)",951707.7276,5250228.437,5117139.649,4758538.638,15500000,22700000
"TG(16:1_14:0_20:5)",587649.8748,2938249.374,3049250.413,4.15e+08,4.5e+08,4.57e+08
"TG(16:0e_14:0_22:5)",676133.8886,3380669.443,5341694.987,5826689.371,5134350.756,6318756.067
"TG(14:0e_18:3_20:3)",582833.255,5188580.225,5037996.624,582833.255,582833.255,2914166.275
"TG(16:1_14:0_22:6)",390437.244,2.5e+07,3.1e+07,3.6e+08,4.15e+08,4.24e+08
"TG(20:0e_16:0_18:1)",200802.42,1004012.1,2890227.639,18600000,23700000,23300000
"TG(16:0e_16:0_22:5)",3960000,19800000,32200000,69900000,81800000,77600000
"TG(16:0_16:0_22:6)",4299875.242,1.38e+08,1.84e+08,5.77e+08,7.49e+08,1.02e+09
"TG(16:0e_16:1_22:5)",4700000,24200000,23500000,73100000,5.7e+07,64400000
"TG(16:0_16:0_24:0)",523620.477,2932486.357,3420694.81,16600000,19600000,15200000
"TG(16:0_16:0_24:1)",4360000,21800000,29300000,1.86e+08,2.36e+08,1.71e+08
"TG(18:1e_18:1_20:1)",1336049.861,6680249.305,7606319.716,16500000,32900000,28900000
"TG(20:2e_18:1_18:1)",4780000,23900000,25800000,3.43e+08,3.37e+08,3e+08
"TG(16:0e_18:1_22:5)",12800000,6.4e+07,70100000,1.48e+08,1.29e+08,1.46e+08
"TG(16:0e_18:1_22:6)",563719.856,30600000,36300000,75700000,1.08e+08,99900000
"TG(18:0_16:0_24:1)",2520000,12600000,13400000,72500000,93200000,68500000
"TG(18:1e_16:0_24:1)",153268.8204,766344.102,2696753.069,16800000,21100000,20900000
"TG(18:1e_18:1_22:1)",647178.559,3539362.734,3235892.795,18700000,17900000,17600000
"TG(18:1e_18:1_22:3)",2940000,14700000,21600000,36800000,42800000,52400000
"TG(18:0_18:1_22:5)",5942094.477,4.88e+08,5.45e+08,5.06e+08,5.71e+08,5.52e+08
"TG(18:0e_18:1_22:5)",2480000,12400000,31500000,72100000,62600000,63900000
"TG(18:0_18:1_22:6)",1125109.036,1.35e+08,2.54e+08,2.01e+08,2.33e+08,2.05e+08
"TG(18:1_20:4_22:5)",1066315.619,96200000,1.27e+08,56400000,68600000,79700000
"TG(16:0_22:5_22:6)",1593861.754,43600000,73300000,4.3e+07,40100000,62500000
"TG(16:1_22:6_22:6)",451854.447,3988296.681,4741962.095,451854.447,2259272.235,451854.447
"TG(18:1e_18:1_24:1)",1301018.3414,1301018.3414,1301018.3414,6505091.707,7559960.621,9080664.905
"TG(20:1_18:1_22:3)",22200000,1.11e+08,1.27e+08,1.66e+08,1.85e+08,1.87e+08
"TG(20:1e_18:1_22:3)",457008.2254,2285041.127,3022338.266,10800000,10600000,7516117.469
"TG(20:1_18:1_22:4)",4300000,21500000,23300000,1.42e+08,1.46e+08,1.81e+08
"TG(20:1_18:1_22:5)",478310.94,1.66e+08,1.89e+08,1.55e+08,1.45e+08,1.74e+08
"TG(18:0_22:5_22:5)",2060000,46300000,51700000,20700000,10300000,38200000
"TG(26:1_18:1_18:1)",3080000,15400000,16700000,31300000,46600000,46800000
"TG(18:1_20:2_24:0)",3080000,15400000,16700000,31300000,46600000,46800000
"TG(16:0e_22:5_24:1)",106130.7214,530653.607,106130.7214,11500000,7593079.507,9702230.534
"TG(18:1_22:1_22:5)",8340000,41700000,53800000,54900000,61900000,4.8e+07
"TG(18:1e_22:3_22:5)",1441497.697,7207488.485,8719215.191,39900000,41100000,37900000
"TG(20:1_22:5_22:5)",536619.411,2683097.055,8164212.936,536619.411,536619.411,536619.411
"TG(20:2_22:5_22:5)",1352195.3554,6760976.777,8027044.929,1352195.3554,1352195.3554,1352195.3554
"TG(20:1_22:6_22:6)",309387.7026,1546938.513,4898772.563,309387.7026,309387.7026,309387.7026
"TG(18:1_22:3_24:1)",2020000,10100000,14800000,20800000,25300000,28100000
"TG(18:1_22:5_24:0)",4700000,23500000,25200000,35700000,41800000,40800000
"TG(18:1_22:5_24:1)",4680000,2.7e+07,23400000,25600000,33400000,33700000
"TG(18:1_22:6_24:0)",982452.3394,5170955.101,8652297.424,4912261.697,12300000,1e+07
"TG(18:1_24:1_24:1)",116767.0232,116767.0232,116767.0232,586385.41,583835.116,1043583.455
"TG(26:1_18:1_22:5)",1124855.5488,5624277.744,7828781.594,6802459.89,6656248.934,8595793.776
"AcCa(16:0)",30100000,4.3e+07,52200000,2.1e+08,1.96e+08,1.58e+08
"AcCa(16:1)",15500000,15500000,15500000,1.28e+08,1.29e+08,77500000
"AcCa(18:0)",7099421.161,9120016.107,1.4e+07,22800000,24600000,25900000
"AcCa(18:1)",29600000,44600000,23300000,1.08e+08,1.14e+08,99600000
"AcCa(20:3)",7.86e+08,3.26e+08,3.1e+08,1.01e+09,1.13e+09,1.16e+09
"Cer(d16:0_18:0+O)",12400000,22800000,23300000,23700000,25600000,25500000
"Cer(d16:1_16:0)",11100000,10500000,15300000,1.65e+08,1.85e+08,1.71e+08
"Cer(d18:0_16:0)",43700000,21100000,33100000,4.22e+08,4.59e+08,4.45e+08
"Cer(d18:0_16:0+O)",2673741.14,5052800.324,739615.956,44800000,48800000,40500000
"Cer(d18:0_18:0)",4520510.47,4026313.332,3554523.089,43700000,48700000,42100000
"Cer(d18:0_22:0)",2410188.034,7481108.213,11100000,77500000,79100000,79100000
"Cer(d18:0_24:0)",8800365.531,10100000,12500000,4.3e+07,46500000,45500000
"Cer(d18:0_24:1)",20500000,31400000,44500000,1.99e+08,2.21e+08,2.29e+08
"Cer(d18:1_16:0)",7.93e+08,1.02e+09,9.58e+08,6.22e+09,6.82e+09,6.44e+09
"Cer(d18:1_16:0+O)",20600000,11300000,8488694.595,1.77e+08,1.89e+08,1.92e+08
"Cer(d18:1_16:1)",36900000,13900000,1864287.112,6.37e+08,8.33e+08,5.58e+08
"Cer(d18:1_18:0)",15500000,36200000,25700000,8.33e+08,9.34e+08,8.78e+08
"Cer(d18:1_20:0)",5829086.278,13300000,2519828.209,1.23e+08,1.1e+08,1.3e+08
"Cer(d18:1_22:0)",37100000,8.1e+07,73100000,5.54e+08,5.99e+08,6.08e+08
"Cer(d18:1_22:1)",8191436.278,5473679.088,4102146.247,1.84e+08,2.01e+08,2.02e+08
"Cer(d18:1_24:0)",1.2e+08,3.09e+08,2.64e+08,1.23e+09,1.29e+09,1.23e+09
"Cer(d18:1_24:1)",3.16e+08,4.37e+08,4.68e+08,2.51e+09,2.77e+09,2.68e+09
"Cer(d18:1_26:0)",1489863.024,9428890.461,7349854.641,22600000,22900000,20500000
"Cer(d18:1_26:1)",9842161.137,15600000,17500000,62500000,70100000,58900000
"Cer(d18:2_14:0)",564121.123,112824.2246,568430.194,11200000,10200000,11700000
"Cer(d18:2_16:0)",13800000,12600000,18100000,1.74e+08,1.36e+08,1.88e+08
"Cer(d18:2_16:0+O)",1803626.276,1180319.722,1167373.566,41900000,4.7e+07,4.6e+07
"Cer(d18:2_16:1)",1975450.598,2987806.645,4461529.197,96400000,1.1e+08,1.06e+08
"Cer(d18:2_18:0)",1714359.812,342871.9624,342871.9624,49200000,36100000,55500000
"Cer(d18:2_22:0)",9162234.936,5895012.588,4463885.583,1.14e+08,1.43e+08,1.38e+08
"Cer(d18:2_24:0)",59200000,1.03e+08,1.1e+08,4.95e+08,5.73e+08,5.31e+08
"Cer(d18:2_24:1)",57300000,58800000,40800000,6.37e+08,7.44e+08,7.34e+08
"Cer(d20:0_18:0)",14100000,96700000,43500000,95600000,1.08e+08,1.16e+08
"Cer(d28:0)",35400000,48700000,59600000,62200000,7e+07,65700000
"Cer(d30:0)",2.02e+08,58200000,2.98e+08,1.53e+08,1.28e+08,1.58e+08
"Cer(d32:0)",3.38e+08,4.69e+08,7.58e+08,4.88e+08,5.46e+08,5.9e+08
"Cer(d34:0)",44600000,1.35e+08,1.22e+08,2.03e+08,2.06e+08,2.98e+08
"Cer(d36:1+O)",984622.6116,984622.6116,984622.6116,6233708.878,6476023.323,4923113.058
"Cer(d36:2)",4435981.626,3152777.493,1.2e+07,31200000,9578505.079,79500000
"Cer(d38:1)",6486635.374,7706208.825,4899436.872,2.42e+08,1.91e+08,2.55e+08
"Cer(d38:2)",302895.126,5554434.113,751191.8238,46800000,37800000,51900000
"Cer(d40:1)",68400000,1.33e+08,1.21e+08,9.99e+08,1.06e+09,1.06e+09
"Cer(d40:3)",866909.253,173381.8506,173381.8506,10800000,13600000,12500000
"Cer(d42:1)",1.91e+08,4.2e+08,4.03e+08,2.1e+09,2e+09,1.95e+09
"Cer(d42:2)",4.73e+08,7.52e+08,7.87e+08,4.04e+09,4.29e+09,4.38e+09
"Cer(d42:3)",1.12e+08,88500000,63200000,1.1e+09,1.26e+09,1.23e+09
"Cer(d44:2)",9854234.931,18900000,18600000,77800000,90300000,82900000
"Cer(d44:3)",4597163.684,9941896.246,10600000,2.9e+07,35400000,38200000
"Cer(t16:0_16:1)",1884091.918,1884091.918,1884091.918,9420459.59,1.4e+07,12600000
"Cer(t18:0_16:0)",3.13e+08,2.53e+08,1.56e+08,2.51e+09,2.77e+09,2.57e+09
"Cer(t18:0_18:0)",18900000,38500000,35600000,3.85e+08,4.17e+08,3.65e+08
"Cer(t18:0_20:0)",5829086.278,13300000,2519828.209,1.23e+08,1.1e+08,1.3e+08
"Cer(t18:0_22:0)",37100000,8.1e+07,73100000,5.54e+08,5.99e+08,6.08e+08
"Cer(t18:0_24:0)",1.2e+08,2.76e+08,2.59e+08,1.25e+09,1.27e+09,1.24e+09
"Cer(t18:0_24:1)",3.11e+08,4.52e+08,4.86e+08,2.53e+09,2.84e+09,2.71e+09
"Cer(t18:1_16:0)",20600000,11300000,15700000,1.8e+08,1.97e+08,1.88e+08
"Cer(t18:1_16:1)",1975450.598,2987806.645,4461529.197,96400000,1.1e+08,1.06e+08
"Cer(t18:1_22:0)",9162234.936,6766264.612,5540124.352,1.14e+08,1.43e+08,1.38e+08
"Cer(t18:1_24:0)",59200000,1.02e+08,1.13e+08,3.92e+08,5.73e+08,4.12e+08
"Cer(t18:1_24:1)",75900000,1.24e+08,40800000,6.38e+08,7.37e+08,7.19e+08
"Cer(t20:0_26:0)",2779499.441,4886601.527,4474284.715,9428799.61,555899.8882,555899.8882
"Cer(t34:0)",32100000,49300000,50300000,58100000,60700000,7.1e+07
"Cer(t36:0)",6324603.324,4030499.67,5477064.525,24700000,37600000,32500000
"ChE()",2991990.014,2.8e+08,2.93e+08,2.69e+09,3.18e+09,3.31e+09
"ChE(18:1)",3620000,18100000,23600000,2.22e+08,2.66e+08,2.8e+08
"ChE(20:4)",657681.06,39400000,54900000,99100000,1.15e+08,1.13e+08
"ChE(20:5)",1035029.216,17100000,19400000,5175146.08,1035029.216,1035029.216
"ChE(22:6)",807279.519,98300000,1.04e+08,1.9e+08,2.27e+08,2.21e+08
"Co(Q10)",2988277.079,52700000,59800000,47400000,66800000,71200000
"Co(Q9)",41600000,3.15e+08,3.59e+08,7.13e+08,8.57e+08,8.18e+08
"DG(16:0_14:0)",15500000,1708890.851,3865691.909,26100000,24300000,24700000
"DG(16:0_16:0)",9006516.65,17700000,26500000,1.19e+08,1.29e+08,1.38e+08
"DG(16:0_16:1)",21200000,9007771.069,16100000,2.89e+08,2.91e+08,2.93e+08
"DG(16:0_18:1)",90600000,29500000,30600000,2.96e+08,3.44e+08,3.08e+08
"DG(16:0_22:6)",1.57e+08,6631990.569,12600000,56500000,65900000,60500000
"DG(16:1_14:0)",3276523.419,655304.6838,655304.6838,37600000,31500000,30100000
"DG(16:1_18:1)",7831931.273,6380906.67,12200000,2.51e+08,2.96e+08,2.95e+08
"DG(18:0_18:0)",33500000,50600000,50600000,1.3e+08,1.41e+08,1.36e+08
"DG(18:0_18:2)",3.39e+08,2892514.863,2130511.622,8826365.441,26800000,18200000
"DG(18:0_20:3)",24200000,37300000,26200000,1.26e+08,1.55e+08,1.87e+08
"DG(18:0_20:4)",2.12e+08,95400000,1.46e+08,5.14e+08,6.59e+08,8.32e+08
"DG(18:0_20:5)",2052567.703,4044414.832,1671458.23,10900000,23200000,32600000
"DG(18:0_22:3)",4447837.812,7312804.383,12800000,10300000,1.4e+07,18600000
"DG(18:0_22:5)",26700000,15800000,12200000,79600000,90400000,1.04e+08
"DG(18:0e)",26800000,26800000,26800000,1.34e+08,1.66e+08,1.63e+08
"DG(18:1_18:1)",58100000,16800000,24600000,1.9e+08,2.45e+08,2.02e+08
"DG(18:1_20:3)",2135903.475,6630264.091,10300000,37800000,53700000,5.7e+07
"DG(18:1_20:4)",14500000,16700000,34400000,1.94e+08,2.17e+08,2.31e+08
"DG(18:1_22:6)",7549977.455,10200000,9196191.577,36700000,4e+07,3.7e+07
"DG(20:0e)",21400000,21400000,21400000,1.07e+08,1.3e+08,1.29e+08
"DG(22:2e)",7680000,7680000,7680000,38400000,50200000,49500000
"DG(24:0e)",72183.2382,72183.2382,360916.191,1.57e+08,1.69e+08,1.83e+08
"DG(24:1e)",10260000,10260000,10260000,62500000,51300000,53100000
"DG(24:2e)",73915.5098,369577.549,418563.075,42400000,47200000,36700000
"DG(26:0e)",395617.5274,2581389.811,1978087.637,3.04e+08,3.75e+08,3.5e+08
"DG(26:1e)",61404.734,61404.734,307023.67,1.8e+08,2.15e+08,2.18e+08
"DG(28:0e)",2680000,13400000,17900000,1.74e+09,1.69e+09,1.85e+09
"DG(28:1e)",974264.2666,4871321.333,5621060.308,9.37e+08,9.77e+08,1.06e+09
"DG(28:2e)",723100.9168,3615504.584,7255584.023,1.3e+08,1.18e+08,1.35e+08
"DG(28:3e)",395810.7384,2581361.485,1979053.692,3.56e+08,3.77e+08,3.52e+08
"DG(30:1e)",24600000,38300000,41500000,4.49e+09,4.62e+09,4.74e+09
"DG(30:2e)",659061.538,37700000,41700000,6.2e+08,6.14e+08,5.74e+08
"DG(30:3e)",2720000,13600000,18100000,1.76e+09,1.8e+09,1.91e+09
"DG(32:0e)",8.1e+07,2.54e+08,2.92e+08,4.22e+09,5.2e+09,4.39e+09
"DG(32:1e)",8180505.704,1.54e+08,2.11e+08,3.59e+09,4.13e+09,4.24e+09
"DG(32:2e)",4279730.619,92400000,95600000,1.83e+09,2.16e+09,2.73e+09
"DG(32:3e)",53800000,1.26e+08,1.7e+08,5.06e+09,5.33e+09,4.92e+09
"DG(34:0e)",1.9e+08,3.36e+08,3.1e+08,4.32e+08,4.95e+08,3.85e+08
"DG(34:1e)",7862742.906,1.93e+08,2.19e+08,1.77e+09,2.27e+09,1.84e+09
"DG(34:2e)",486347.715,25200000,34400000,2.74e+08,2.97e+08,3.15e+08
"DG(34:3e)",7443336.228,2.53e+08,2.94e+08,4.12e+09,5.22e+09,4.34e+09
"DG(34:4e)",5153307.266,1.54e+08,2.1e+08,3.57e+09,3.57e+09,4.19e+09
"DG(36:1e)",0.418,13200000,15400000,84500000,1.07e+08,77100000
"DG(36:4e)",7862742.906,1.93e+08,2.19e+08,1.77e+09,2.27e+09,1.84e+09
"DG(38:1e)",508459.2032,2542296.016,2884393.915,10500000,17800000,18200000
"DG(38:2e)",11800000,4065787.201,3461426.837,12700000,15100000,16100000
"DG(38:4e)",37100000,32200000,42900000,1.74e+08,2.11e+08,1.63e+08
"DG(40:1e)",278272.0684,1921486.157,1391360.342,5334683.763,5777871.144,5105086.111
"Hex1Cer(d18:1_16:0)",7.03e+08,5.91e+08,6.2e+08,9.72e+08,1.07e+09,8.9e+08
"Hex1Cer(d18:1_18:0)",29500000,41100000,21100000,82700000,1.08e+08,79300000
"Hex1Cer(d18:1_22:0)",47800000,79500000,74400000,1.57e+08,1.79e+08,1.54e+08
"Hex1Cer(d18:1_24:1)",2.89e+08,1.94e+08,1.59e+08,7.16e+08,8.69e+08,6.5e+08
"Hex1Cer(d18:2_16:1)",633218.1975,2345158.757,1110180.067,6468946.728,8559572.55,4592684.423
"Hex1Cer(d18:2_24:1)",13300000,12500000,14600000,33200000,69100000,55700000
"Hex1Cer(d34:0)",9548555.27,13200000,15900000,1.4e+07,1.6e+07,10200000
"Hex1Cer(d34:1)",5.5e+08,4.47e+08,2.37e+08,7.37e+08,8.3e+08,6.8e+08
"Hex1Cer(d40:1)",28300000,41800000,48700000,1.45e+08,1.34e+08,96200000
"Hex1Cer(d42:2)",1.81e+08,3.24e+08,1.52e+08,5.11e+08,5.65e+08,5.18e+08
"Hex1Cer(d44:2)",2309122.454,4574224.686,4165587.098,7766750.231,8822014.245,7132309.385
"Hex1Cer(t18:0_22:0)",25400000,35800000,21700000,1.57e+08,1.79e+08,1.54e+08
"Hex1Cer(t18:0_24:0)",1.91e+08,3.56e+08,3.43e+08,5.05e+08,5.64e+08,4.78e+08
"Hex1Cer(t18:1_16:1)",633218.1975,2345158.757,1110180.067,6467188.516,8559572.55,4592205.403
"Hex1Cer(t34:1)",16500000,19600000,21400000,50400000,59200000,48100000
"Hex2Cer(d18:1_16:0)",78200000,93700000,1.42e+08,1.72e+08,1.89e+08,1.48e+08
"Hex2Cer(d18:1_22:0)",5999917.306,5330542.401,15500000,22100000,25200000,20900000
"Hex2Cer(d18:1_24:0)",35700000,74300000,54600000,63900000,64100000,54300000
"Hex2Cer(d18:1_24:1)",73100000,29900000,20300000,1.46e+08,1.85e+08,1.14e+08
"Hex2Cer(d34:1)",21500000,28700000,27200000,51100000,66900000,44400000
"Hex2Cer(d42:1)",7286712.806,21700000,17500000,23800000,26300000,20300000
"Hex2Cer(d42:2)",19300000,7365706.616,1e+07,59700000,75400000,54700000
"Hex2Cer(t18:0_24:0)",35700000,74300000,54600000,63900000,64100000,54300000
"Hex2Cer(t18:0_24:1)",73100000,65100000,66800000,1.46e+08,1.55e+08,1.12e+08
"LPC(16:0)",1.13e+09,1.57e+09,1.97e+09,4.84e+09,5.21e+09,6.6e+09
"LPC(16:0e)",1.9e+07,22700000,27700000,51200000,39700000,45400000
"LPC(16:1)",76100000,1.02e+08,1.27e+08,68600000,2.19e+08,57600000
"LPC(16:1e)",17200000,24700000,30900000,53900000,73700000,63100000
"LPC(16:2e)",7105895.478,4820629.328,7624948.331,19600000,22700000,2.3e+07
"LPC(18:0)",1.29e+09,2.3e+09,2.75e+09,6.51e+09,7.98e+09,8.04e+09
"LPC(18:0e)",7782528.601,1.4e+07,14200000,28500000,25300000,28600000
"LPC(18:1)",3.82e+08,7.76e+08,8.91e+08,1.31e+09,1.42e+09,1.31e+09
"LPC(18:1e)",17700000,24300000,3.6e+07,30800000,3.4e+07,31800000
"LPC(18:2e)",937781.197,7880890.265,7647870.395,21900000,28500000,26900000
"LPC(20:0)",19500000,27400000,31500000,71200000,91400000,94100000
"LPC(20:0e)",5067002.559,13500000,16500000,37200000,43600000,36200000
"LPC(20:1)",5.1e+07,88800000,97100000,1.59e+08,1.56e+08,1.43e+08
"LPC(20:2)",7227521.225,19700000,2.6e+07,27100000,24900000,24300000
"LPC(20:4)",71100000,1.02e+08,1.61e+08,52300000,4.7e+07,52900000
"LPC(20:5)",199352.4638,199352.4638,199352.4638,996762.319,1656583.495,3942996.473
"LPC(22:0)",20500000,20800000,22500000,66100000,76300000,67900000
"LPC(22:1)",13100000,24100000,26500000,67700000,84800000,7e+07
"LPC(22:5)",9.1e+07,1.15e+08,1.33e+08,67200000,72100000,73600000
"LPC(22:6)",93200000,1.27e+08,1.52e+08,66800000,50300000,81300000
"LPC(24:0)",74900000,1.09e+08,1.25e+08,2.95e+08,3.78e+08,2.97e+08
"LPC(24:1)",52600000,58100000,68700000,2.08e+08,2.54e+08,2.13e+08
"LPC(24:2)",1583656.439,2181295.434,6257626.039,2.4e+07,26700000,22900000
"LPC(26:1)",14500000,28600000,14200000,82300000,1.12e+08,81500000
"LPE(16:0)",19300000,26200000,31800000,84700000,99400000,75800000
"LPE(18:0)",90700000,1.13e+08,1.27e+08,3.34e+08,3.58e+08,2.95e+08
"LPE(18:1)",22600000,28800000,35400000,72600000,72200000,60900000
"LPE(18:2e)",1672069.69,9490890.984,4037018.956,3.3e+07,41600000,29600000
"LPE(20:3)",412794.892,3079749.334,1996897.467,1079954.809,3218044.395,922261.3665
"LPE(22:6)",7486716.099,16600000,29900000,19200000,19200000,1e+07
"LSM(d20:0)",1.92e+08,8582749.529,1.5e+07,62900000,11600000,51600000
"PC(14:0_14:0)",21900000,31400000,35600000,32800000,36300000,35800000
"PC(14:0_20:5)",5596494.025,5091314.733,8314531.388,9241763.422,8311644.749,7637676.074
"PC(14:0_22:4)",1.73e+09,1.8e+09,1.87e+09,2.18e+09,2.08e+09,1.72e+09
"PC(14:1e_16:0)",6921409.663,58600000,6313501.83,1.27e+08,1.52e+08,1.34e+08
"PC(14:1e_18:0)",1.91e+08,1.21e+08,1.78e+08,1.15e+09,1.15e+09,1.08e+09
"PC(14:1e_20:4)",17200000,21200000,2.4e+07,2.47e+08,2.64e+08,2.19e+08
"PC(16:0_14:0)",3.84e+08,5.13e+08,5.8e+08,5.7e+08,6.54e+08,5.98e+08
"PC(16:0_16:0)",9.26e+08,1.4e+09,1.5e+09,1.64e+09,1.81e+09,1.98e+09
"PC(16:0_16:1)",1.23e+09,1.8e+09,2.24e+09,3.74e+09,4.3e+09,3.8e+09
"PC(16:0_18:1)",2.13e+09,3.28e+09,3.82e+09,4.88e+09,5.15e+09,4.79e+09
"PC(16:0_20:3)",1.53e+08,54800000,3.85e+08,3.31e+08,3.73e+08,3.53e+08
"PC(16:0_20:4)",3.85e+08,5.64e+08,6.67e+08,5.94e+08,8.24e+08,6.81e+08
"PC(16:0_20:5)",5.4e+07,1.35e+08,1.69e+08,2.92e+08,3.57e+08,3.72e+08
"PC(16:0_22:1)",27900000,46900000,15500000,83300000,1.01e+08,87600000
"PC(16:0_22:5)",1.06e+09,9.03e+08,8.78e+08,6.31e+08,68800000,80700000
"PC(16:0_24:0)",2321946.389,21400000,25400000,42500000,42900000,38900000
"PC(16:0e_22:3)",4378286.561,7548797.127,7783612.261,23700000,22900000,22500000
"PC(16:0e_22:6)",3724822.365,11800000,5319723.186,40500000,29800000,36800000
"PC(16:1_14:0)",1.15e+08,1.51e+08,1.71e+08,2.37e+08,2.7e+08,2.56e+08
"PC(16:1_18:1)",4.11e+08,6.76e+08,6.89e+08,1.63e+09,2.12e+09,1.65e+09
"PC(16:1_20:4)",6e+07,98800000,2.5e+07,1.37e+08,1.3e+08,1.51e+08
"PC(16:1_22:6)",1.38e+08,2.07e+08,6.3e+08,5.05e+08,6.11e+08,5.37e+08
"PC(16:1e_18:0)",1.33e+08,3.57e+08,4.86e+08,4.66e+08,6.06e+08,5.56e+08
"PC(16:1e_18:1)",3.6e+08,6.56e+08,7.88e+08,1.36e+09,1.65e+09,1.5e+09
"PC(16:1e_20:4)",20400000,30200000,35500000,60200000,63900000,31400000
"PC(16:2e_22:3)",5824622.576,622843.5378,454022.9139,35900000,4.5e+07,3e+07
"PC(18:0_16:0)",1.38e+08,89200000,80600000,3.73e+08,4.06e+08,3.77e+08
"PC(18:0_20:4)",3.25e+08,5.22e+08,6.27e+08,8.39e+08,9.23e+08,9.04e+08
"PC(18:0_22:2)",16400000,5425662.222,33500000,35800000,45600000,40500000
"PC(18:0_22:3)",52800000,2.22e+08,8.9e+07,12700000,69500000,19100000
"PC(18:0_22:5)",1.11e+08,57200000,55400000,2.35e+08,2.52e+08,2.6e+08
"PC(18:0e_16:0)",5509856.316,6989986.887,7230225.388,11900000,12800000,10800000
"PC(18:1_14:1)",97300000,37900000,25700000,2.24e+08,3.05e+08,2.13e+08
"PC(18:1_18:1)",9.19e+08,5.85e+08,5.76e+08,2.3e+09,2.64e+09,2.43e+09
"PC(18:1_18:2)",1.81e+08,3.66e+08,5.12e+08,1.17e+08,5.24e+08,2.27e+08
"PC(18:1_20:4)",3.32e+08,3.48e+08,3.7e+08,5.91e+08,6.43e+08,6.3e+08
"PC(18:1_22:4)",32500000,2064779.621,1490887.275,1.8e+07,21800000,22800000
"PC(18:1_22:6)",2.37e+09,1.02e+09,1.44e+09,3.73e+09,4.04e+09,3.83e+09
"PC(18:1_24:0)",4507737.404,14300000,14700000,14100000,16200000,10700000
"PC(18:1e_20:4)",94300000,1.71e+08,2e+08,86700000,90400000,93500000
"PC(18:1e_22:5)",16300000,32300000,38300000,16400000,19700000,18600000
"PC(18:1e_22:6)",18900000,20900000,18400000,4925152.295,5277483.622,11500000
"PC(18:2e_18:0)",1.76e+08,2.9e+08,4.04e+08,1.36e+09,1.69e+09,1.12e+09
"PC(18:2e_20:4)",2.8e+07,4876341.258,9893295.615,17900000,65200000,2.6e+07
"PC(18:3e_18:0)",2.15e+08,4.33e+08,5.08e+08,6.4e+08,7.45e+08,6.62e+08
"PC(20:1_18:1)",9279442.641,16100000,12700000,1.31e+08,1.59e+08,1.51e+08
"PC(20:1e_18:1)",6874504.044,11100000,13700000,18700000,2.1e+07,17300000
"PC(20:3_22:1)",17500000,33600000,22200000,25300000,23900000,21200000
"PC(20:4e_18:0)",7.5e+07,1.66e+08,1.52e+08,3.51e+08,4.29e+08,3.53e+08
"PC(22:5_20:4)",2287550.634,4151778.91,1584085.143,3396995.863,2729887.532,2960964.059
"PC(24:1_18:2)",1144391.373,9906697.796,4268030.896,12200000,14400000,13100000
"PC(26:2e)",2209865.011,1901720.294,781203.5532,21100000,27600000,16800000
"PC(28:0)",4.52e+08,6.08e+08,6.95e+08,8.37e+08,7.62e+08,8.32e+08
"PC(28:2)",6687891.892,13200000,13500000,2790711.788,2093945.213,1970965.049
"PC(30:0)",8.07e+09,1.22e+10,1.38e+10,1.43e+10,1.54e+10,1.44e+10
"PC(30:0e)",1.61e+08,1.19e+08,1.69e+08,3.91e+08,3.79e+08,3.83e+08
"PC(30:2)",93900000,1.06e+08,1.24e+08,82300000,87600000,53900000
"PC(30:3)",11300000,6493628.57,7447724.804,30500000,33300000,28200000
"PC(32:0)",1.99e+10,2.59e+10,2.64e+10,2.96e+10,3.19e+10,2.98e+10
"PC(32:0e)",5.61e+08,1.02e+09,1.2e+09,1.84e+09,2.15e+09,1.77e+09
"PC(32:1)",3.4e+10,5.1e+10,5.7e+10,8.76e+10,6.77e+10,6.52e+10
"PC(32:1e)",1.02e+09,5.37e+08,2.11e+09,2.36e+09,2.61e+09,2.41e+09
"PC(32:3)",2.75e+08,3.73e+08,4.33e+08,2.81e+08,3.05e+08,2.76e+08
"PC(34:0e)",33900000,64800000,52900000,2.8e+08,3.21e+08,2.79e+08
"PC(34:1)",4.87e+10,6.78e+10,7.11e+10,9.21e+10,9.31e+10,9.14e+10
"PC(34:1e)",3.9e+09,7.57e+09,9.13e+09,1.08e+10,1.32e+10,1.12e+10
"PC(34:3)",7.16e+08,1.17e+09,1.43e+09,3.31e+09,4e+09,3.4e+09
"PC(36:0)",29800000,71600000,57200000,3.61e+08,4.05e+08,3.3e+08
"PC(36:0e)",13100000,9397494.445,9996385.072,43500000,48300000,47400000
"PC(36:1)",9.98e+09,5.69e+09,5.72e+09,4.65e+10,5.66e+10,5.17e+10
"PC(36:1e)",1.18e+08,7524899.535,2.43e+08,3.25e+08,4.06e+08,3.46e+08
"PC(36:2)",2.51e+10,1.02e+10,1.47e+10,4.59e+10,4.94e+10,4.74e+10
"PC(36:3)",1.85e+09,3.14e+09,3.96e+09,3.5e+09,5.19e+09,5.01e+09
"PC(36:4)",1.04e+10,1.55e+10,1.75e+10,1.7e+10,1.72e+10,6.22e+09
"PC(36:4e)",5.02e+08,8.17e+08,8.97e+08,4.18e+08,1.03e+09,4.67e+08
"PC(36:5)",1.98e+09,3.26e+09,3.77e+09,7.03e+09,8.35e+09,7.54e+09
"PC(36:5e)",6.06e+08,1.11e+09,1.32e+09,1.82e+09,2.02e+09,1.88e+09
"PC(36:6e)",89500000,1.51e+08,90200000,2.25e+08,2.65e+08,2.76e+08
"PC(38:0)",23600000,55600000,1.18e+08,9931838.454,55800000,60200000
"PC(38:1)",4.62e+08,2.08e+08,9.78e+08,1.63e+09,1.98e+09,1.71e+09
"PC(38:2e)",6304093.467,9754844.748,10400000,21700000,28500000,23600000
"PC(38:3)",1.52e+09,1.06e+09,9.76e+08,7.45e+09,8.91e+09,7.8e+09
"PC(38:3e)",10800000,7.5e+07,25500000,84800000,1.01e+08,87800000
"PC(38:4)",7.34e+09,1.31e+10,1.58e+10,1.82e+10,2.02e+10,1.95e+10
"PC(38:5)",1.19e+10,1.71e+10,1.92e+10,1.88e+10,1.93e+10,1.96e+10
"PC(38:5e)",1.14e+09,2.08e+09,9.47e+08,2.38e+09,2.81e+09,2.73e+09
"PC(38:6)",3.65e+09,2.8e+09,4.12e+09,7.44e+09,8.35e+09,7.95e+09
"PC(38:6e)",4.77e+08,2.91e+08,2.78e+08,1.7e+09,1.91e+09,1.78e+09
"PC(38:7)",6.31e+08,8.67e+08,9.79e+08,1.16e+09,1.23e+09,1.26e+09
"PC(38:7e)",80300000,2.78e+08,2.23e+08,5.29e+08,6.82e+08,6.7e+08
"PC(38:8e)",19600000,40900000,23700000,53400000,52100000,57700000
"PC(40:0)",42400000,1.31e+08,1.26e+08,1.12e+08,1.21e+08,1.01e+08
"PC(40:2)",2.83e+08,5.21e+08,1.32e+08,6.71e+08,8.62e+08,7.48e+08
"PC(40:3)",1.97e+08,3.29e+08,3.58e+08,4.49e+08,5.86e+08,5.23e+08
"PC(40:4)",3.99e+08,7.4e+08,1.89e+08,1.01e+09,1.21e+09,1.15e+09
"PC(40:5)",2.51e+09,4.46e+09,5.43e+09,6.64e+09,6.78e+09,7.28e+09
"PC(40:6)",2.67e+09,4.07e+09,4.64e+09,4.15e+09,4.47e+09,4.47e+09
"PC(40:6e)",3.34e+08,2.23e+08,3.12e+08,5.48e+08,7.06e+08,6.21e+08
"PC(40:7e)",2.22e+08,3.04e+08,4.12e+08,1.3e+08,1.69e+08,4.08e+08
"PC(40:8)",1.46e+08,19300000,30300000,3.9e+07,2.04e+08,2.35e+08
"PC(40:8e)",35700000,5.3e+07,83500000,2.67e+08,3.06e+08,2.76e+08
"PC(42:11)",6025501.221,8943452.758,10200000,8269777.103,7102751.994,6954909.942
"PC(42:2)",1.31e+08,2.4e+08,2.73e+08,2.58e+08,3.09e+08,2.73e+08
"PC(42:3)",75600000,1.24e+08,32100000,1.63e+08,1.87e+08,1.79e+08
"PC(42:4)",25600000,37600000,49700000,1.46e+08,1.82e+08,1.49e+08
"PC(42:4e)",29300000,48100000,51500000,75900000,87400000,83700000
"PC(42:5e)",24700000,26800000,40100000,1.79e+08,2.31e+08,1.99e+08
"PC(42:6)",1.54e+08,3.18e+08,98800000,3.42e+08,3.72e+08,3.38e+08
"PC(42:7)",1.22e+08,96200000,68900000,2.44e+08,2.68e+08,2.44e+08
"PC(42:7e)",25200000,20300000,16900000,75700000,1.07e+08,81200000
"PC(44:10)",17900000,22800000,29700000,18400000,17500000,18200000
"PC(44:4)",8836781.237,16300000,24700000,26700000,3.4e+07,37900000
"PC(44:5)",36100000,1.7e+07,17200000,75200000,1.06e+08,8.6e+07
"PC(44:5e)",11500000,26800000,32700000,2.6e+07,30600000,34900000
"PC(44:6)",7863487.863,25200000,19800000,6.5e+07,78300000,70300000
"PC(44:7)",5576382.496,71400000,14900000,60300000,55400000,61500000
"PE(14:0_20:5)",116540.6276,116540.6276,582703.138,3742780.281,2649825.362,3106341.698
"PE(14:0_22:6)",17400000,6957186.743,7290888.739,32400000,40300000,31200000
"PE(14:1e_20:4)",2631790.412,3693086.442,1277103.648,7781262.884,9448121.376,6902255.996
"PE(16:0_16:0)",51400000,59800000,67300000,86500000,9.1e+07,80100000
"PE(16:0_16:1)",20700000,9.4e+07,3.78e+08,1.15e+09,1.38e+09,1.14e+09
"PE(16:0_18:1)",1.47e+09,1.88e+09,2.12e+09,3.48e+09,4.14e+09,3.12e+09
"PE(16:0_20:4)",1.6e+08,1.89e+08,1.64e+08,7.67e+08,2.36e+09,2.16e+09
"PE(16:0_20:5)",85300000,58200000,1.58e+08,4.13e+08,4.72e+08,4.12e+08
"PE(16:0_22:6)",2.19e+09,1.3e+09,2.65e+09,3.08e+09,3.28e+09,2.97e+09
"PE(16:0e)",19300000,26200000,31800000,84700000,99400000,75800000
"PE(16:0e_18:1)",56300000,89800000,86500000,6.24e+08,7.88e+08,5.44e+08
"PE(16:0e_22:5)",5.9e+08,4.99e+08,7.56e+08,3.01e+09,3.4e+09,2.86e+09
"PE(16:0p_18:1)",7.94e+08,1.07e+09,2.95e+08,1.2e+09,1.56e+09,1.12e+09
"PE(16:0p_20:1)",1.67e+08,2.27e+08,2.35e+08,2.4e+08,2.95e+08,2.05e+08
"PE(16:0p_20:3)",52300000,2.25e+08,75200000,6.24e+08,7.88e+08,5.44e+08
"PE(16:0p_20:4)",1.26e+09,1.65e+09,1.78e+09,3.03e+09,3.27e+09,2.93e+09
"PE(16:0p_20:5)",2.46e+08,2.46e+08,2.47e+08,1.22e+09,1.43e+09,1.27e+09
"PE(16:0p_22:1)",5.6e+07,6.9e+07,71200000,63700000,81100000,34100000
"PE(16:1_16:1)",5822137.471,15900000,6350017.852,3.76e+08,4.89e+08,3.76e+08
"PE(16:1_18:1)",52600000,92600000,30400000,1.72e+09,2.76e+09,5.14e+08
"PE(16:1_20:4)",62400000,41200000,99200000,3.3e+08,3.69e+08,2.99e+08
"PE(16:1_20:5)",7916499.232,9595080.456,8954497.721,55900000,66300000,64400000
"PE(16:1_22:6)",1.04e+08,1.38e+08,54800000,2.7e+08,3.22e+08,2.16e+08
"PE(16:1e_16:0)",4894008.02,6156809.5,3135159.925,8347796.739,12900000,7142336.164
"PE(16:1e_20:3)",77300000,2.25e+08,75200000,6.24e+08,7.88e+08,5.44e+08
"PE(16:1e_20:4)",2.53e+08,4.79e+08,1.63e+08,7.89e+08,1.07e+09,7.38e+08
"PE(16:1e_22:3)",48700000,26600000,19900000,1.18e+08,1.54e+08,1.24e+08
"PE(16:1e_22:4)",4.86e+08,1.87e+08,6.83e+08,9.79e+08,1.23e+09,9.16e+08
"PE(16:1e_22:6)",1.16e+08,1.22e+08,1.85e+08,6.3e+08,7.14e+08,5.98e+08
"PE(18:0_18:0)",7.91e+08,3.17e+08,1.19e+09,1.82e+09,2.22e+09,1.62e+09
"PE(18:0_18:1)",1.28e+09,4.2e+09,4.5e+09,6.83e+09,7.91e+09,6.35e+09
"PE(18:0_20:1)",3.64e+08,1.18e+08,5.45e+08,5.13e+08,6.17e+08,4.14e+08
"PE(18:0_20:2)",1.29e+09,1.92e+09,6.32e+08,2.36e+09,2.73e+09,2.21e+09
"PE(18:0_20:3)",1.86e+09,8.66e+08,7.81e+08,2.78e+09,3.33e+09,2.68e+09
"PE(18:0_20:4)",8.21e+08,4.2e+09,1.32e+09,6.83e+09,7.91e+09,6.35e+09
"PE(18:0_20:5)",4.63e+08,2.27e+08,2.25e+08,1.17e+09,1.39e+09,1.09e+09
"PE(18:0_22:4)",3.64e+08,1.8e+08,5.23e+08,4.98e+08,6.16e+08,4.11e+08
"PE(18:0_22:5)",1.29e+09,1.92e+09,6.32e+08,2.36e+09,2.73e+09,2.2e+09
"PE(18:0_22:6)",1.86e+09,2.49e+09,7.74e+08,2.78e+09,3.33e+09,2.68e+09
"PE(18:0e)",90700000,1.13e+08,1.27e+08,3.34e+08,3.58e+08,2.95e+08
"PE(18:0p_20:4)",1.38e+08,6.41e+08,2.19e+08,9.92e+08,1.21e+09,9.74e+08
"PE(18:0p_20:5)",33600000,24100000,1.8e+07,3.75e+08,4.03e+08,3.48e+08
"PE(18:1_18:1)",7.78e+08,8.89e+08,1.17e+09,4.49e+09,5.35e+09,4e+09
"PE(18:1_18:2)",1.47e+08,88100000,76600000,4.68e+08,5.78e+08,4.52e+08
"PE(18:1_20:3)",2.11e+09,1.17e+09,1.23e+09,2.65e+09,2.74e+09,2.52e+09
"PE(18:1_20:4)",2.38e+09,3.49e+09,1.25e+09,3.7e+09,4.26e+09,3.56e+09
"PE(18:1_20:5)",1.33e+08,1.72e+08,76600000,4.6e+08,5.87e+08,4.66e+08
"PE(18:1_22:1)",2567559.613,4179268.417,75200000,64900000,81400000,5e+07
"PE(18:1_22:3)",6320785.008,7230645.208,21300000,31500000,41100000,28300000
"PE(18:1_22:5)",7.23e+08,4.73e+08,50700000,4.3e+08,1.22e+09,1.04e+09
"PE(18:1_22:6)",2.13e+09,2.63e+09,2.88e+09,2.61e+09,2.57e+09,2.4e+09
"PE(18:1_24:1)",37600000,51800000,45300000,24700000,29700000,17900000
"PE(18:1e)",22600000,28600000,41900000,72800000,72200000,67600000
"PE(18:1e_18:1)",4.43e+08,6.38e+08,7.12e+08,9.7e+08,1.21e+09,9.71e+08
"PE(18:1e_20:4)",1.26e+08,1.99e+08,2.2e+08,3.18e+08,3.68e+08,3.1e+08
"PE(18:1e_22:5)",3.46e+08,52800000,6897648.96,1.48e+08,1.77e+08,3.71e+08
"PE(18:1e_22:6)",85600000,1.32e+08,1.26e+08,1.54e+08,1.75e+08,1.54e+08
"PE(18:1p_18:1)",1.71e+08,2.16e+08,2.73e+08,1.52e+09,1.88e+09,1.35e+09
"PE(18:1p_20:1)",86900000,1.44e+08,1.73e+08,1.76e+08,2.28e+08,1.48e+08
"PE(18:1p_20:2)",1.44e+08,2.18e+08,2.26e+08,2.3e+08,2.98e+08,2.08e+08
"PE(18:1p_20:3)",4.83e+08,1.87e+08,6.83e+08,8.62e+08,1.22e+09,9.13e+08
"PE(18:1p_20:4)",7.58e+08,9.5e+08,7.16e+08,5.75e+09,6.64e+09,5.61e+09
"PE(18:1p_22:5)",1.35e+09,1.39e+09,6.15e+08,1.47e+09,1.59e+09,2.13e+09
"PE(18:1p_22:6)",5.05e+08,7.84e+08,7.56e+08,3.01e+09,3.4e+09,2.86e+09
"PE(18:2_18:2)",1.04e+08,1.4e+08,54800000,2.34e+08,2.67e+08,2.23e+08
"PE(18:2e_16:0)",2.21e+08,4.03e+08,4.37e+08,4.55e+08,5.59e+08,4.13e+08
"PE(18:2e_16:1)",20700000,13300000,14900000,1.01e+08,1.25e+08,1.6e+08
"PE(18:2e_18:1)",2.04e+08,89600000,8.9e+07,4.79e+08,5.78e+08,4.34e+08
"PE(18:2e_20:4)",2.09e+08,3.17e+08,2.54e+08,1.87e+09,2.09e+09,1.75e+09
"PE(18:2e_20:5)",2.07e+08,2.92e+08,2.86e+08,3.29e+08,7.9e+08,6.96e+08
"PE(18:2e_22:1)",19400000,40100000,7517868.625,39200000,50300000,4125054.056
"PE(18:2e_22:5)",1.05e+08,1.52e+08,1.8e+08,5.38e+08,5.81e+08,4.98e+08
"PE(18:2e_22:6)",1.34e+08,1.54e+08,2.27e+08,6.75e+08,7.5e+08,6.37e+08
"PE(20:1p_22:5)",66500000,91800000,1.09e+08,7624288.886,1.07e+08,23300000
"PE(20:3e)",6654046.725,15700000,1.6e+07,18900000,18700000,9762209.123
"PE(22:5e)",12100000,18300000,1.4e+07,9478723.325,7267569.382,7652774.765
"PE(32:1)",4513167.18,902633.436,902633.436,5.6e+07,42300000,49600000
"PE(32:2)",58734.56148,487417.3275,293672.8074,3.1e+07,47700000,39100000
"PE(34:2e)",7.97e+08,9.17e+08,9.63e+08,1.2e+09,1.56e+09,1.12e+09
"PE(36:5e)",30700000,40900000,38400000,80700000,84400000,66700000
"PE(38:0e)",73100000,97500000,86400000,4741660.605,1.14e+08,1.16e+08
"PE(38:4e)",1.44e+08,6.5e+07,81500000,2.3e+08,2.98e+08,2.08e+08
"PE(38:7)",7379474.707,11300000,16800000,26400000,26800000,23300000
"PE(40:4)",27100000,13600000,5.2e+07,37600000,3.7e+07,3.8e+07
"PE(40:5)",1.26e+08,1.68e+08,1.98e+08,49500000,60600000,1.54e+08
"PE(40:6)",1.18e+08,1.56e+08,43300000,1.39e+08,1.38e+08,1.38e+08
"PG(16:0_18:1)",38800000,23500000,88100000,4.94e+08,4.88e+08,4.33e+08
"PG(16:1_18:1)",29600000,45700000,53600000,3.6e+08,4.25e+08,73600000
"PG(16:1_22:6)",2326211.781,3391687.088,3061587.441,52400000,78200000,53400000
"PG(18:0_18:1)",5.3e+07,81700000,92300000,7.4e+07,94800000,96100000
"PG(18:1_18:1)",4.54e+08,71900000,39800000,1.14e+09,9.79e+08,1.28e+09
"PG(18:1_18:2)",2.7e+07,40700000,48800000,2.13e+08,2.52e+08,2.15e+08
"PG(18:1_20:2)",5435486.983,3964750.164,8626468.57,1.4e+08,1.79e+08,1.7e+08
"PG(18:1_20:3)",4846473.832,3442270.867,3690874.838,75700000,92100000,79200000
"PG(18:1_22:5)",30700000,16700000,65200000,1.86e+08,2.14e+08,2.07e+08
"PG(18:1_22:6)",1.19e+08,54500000,80800000,4.5e+08,5.07e+08,4.69e+08
"PG(20:5_22:6)",1191767.048,859863.1086,1924117.639,9744140.199,10400000,10100000
"PG(22:5_22:5)",1243145.023,1235142.667,1385565.96,7529934.596,8701491.061,8606476.676
"PG(22:5_22:6)",7242407.59,4997108.27,4552088.284,42600000,44800000,45500000
"PG(22:6_22:6)",28500000,12800000,9947475.941,70700000,77900000,71600000
"PI(18:0_16:1)",42400000,56500000,21200000,7e+07,80500000,69400000
"PS(18:0_18:0)",289108.1709,297807.921,297737.9943,11200000,7450274.712,8155979.513
"PS(18:0_18:1)",26800000,8810305.301,5051222.08,1.93e+08,2.11e+08,1.96e+08
"PS(18:0_20:2)",8980477.136,1796095.4272,1796095.4272,29700000,3.2e+07,17200000
"PS(18:0_20:3)",73500000,1.02e+08,1.08e+08,1.37e+08,1.66e+08,1.24e+08
"PS(18:0_20:4)",19800000,26100000,27800000,1.01e+08,1.02e+08,89700000
"PS(18:0_22:5)",1.08e+08,1.2e+08,46500000,3.17e+08,3.62e+08,3.32e+08
"PS(18:0_22:6)",83500000,25800000,1.2e+08,1.46e+08,1.43e+08,1.39e+08
"PS(18:1_18:1)",1120571.453,1091611.298,723141.9075,7288256.639,7443139.908,6816351.44
"PS(18:1_22:6)",41500000,58900000,56700000,54100000,60600000,51300000
"PS(18:2_20:4)",23900000,4022953.483,8011553.395,30100000,27800000,28200000
"PS(18:2_22:6)",22200000,27600000,28400000,24800000,27300000,26400000
"PS(20:2_22:6)",43400000,5.3e+07,59800000,49200000,51300000,47900000
"PS(20:5_18:2)",2530113.015,1417631.014,1887703.361,10700000,10800000,9909305.251
"PS(38:7)",2149985.999,884233.9371,3179599.881,5663866.196,7179798.541,6371074.844
"PS(38:7e)",16500000,9564543.219,6634168.109,2.4e+07,23500000,24600000
"PS(40:7e)",12600000,3823864.746,5806700.507,21100000,18900000,17300000
"PS(40:8e)",8053700.201,9306630.225,11400000,13900000,60100000,5.4e+07
"PS(40:9e)",2.9e+07,42600000,43200000,41500000,38700000,41700000
"PS(42:7)",35500000,41900000,47500000,44800000,47100000,47700000
"PS(42:7e)",7168367.523,9452311.926,8552238.909,2355646.856,10300000,17200000
"SM(d18:1_16:0)",1.51e+10,2.07e+10,1.87e+10,3.39e+10,3.59e+10,2.63e+10
"SM(d18:1_16:1)",8.17e+08,1.02e+09,1.15e+09,2.66e+09,2.15e+09,2.05e+09
"SM(d18:1_24:2)",79300000,29900000,42800000,1.84e+08,2.32e+08,1.76e+08
"SM(d18:2_18:2)",7.39e+08,9.69e+08,9.44e+08,8.31e+08,7.68e+08,7.83e+08
"SM(d20:1_16:1)",2.5e+08,1.07e+08,3.34e+08,5.94e+08,4.91e+08,5.61e+08
"SM(d30:2)",2.97e+08,39400000,50700000,1.74e+08,38200000,2.16e+08
"SM(d32:0)",14300000,14900000,18100000,34600000,33200000,2.9e+07
"SM(d32:1)",4.54e+08,4.52e+08,4.94e+08,6.58e+08,8.11e+08,6.57e+08
"SM(d34:0)",8.54e+08,1.08e+09,1.2e+09,2.18e+09,2.45e+09,2.06e+09
"SM(d34:1)",9.97e+08,1.24e+09,1.52e+09,2.14e+09,2.48e+09,1.96e+09
"SM(d36:2)",35700000,36500000,39900000,16800000,39800000,27100000
"SM(d38:1)",1.24e+08,1.78e+08,2.27e+08,3.82e+08,4.38e+08,3.53e+08
"SM(d38:2)",16900000,31200000,32700000,1.17e+08,1.74e+08,1.52e+08
"SM(d40:1)",1.14e+08,1.4e+08,1.75e+08,1e+09,1.11e+09,9.19e+08
"SM(d40:2)",77200000,1.24e+08,1.26e+08,8.77e+08,1.02e+09,8.15e+08
"SM(d42:1)",5.04e+08,1.49e+09,1.33e+09,1.48e+09,1.56e+09,1.4e+09
"SM(d42:2)",3.57e+09,1.79e+09,2.35e+09,1.02e+10,1.21e+10,9.32e+09
"SM(d42:3)",3.59e+08,3.68e+08,6.18e+08,3.02e+09,3.69e+09,2.46e+09
"SM(d42:4)",36800000,85300000,20700000,4.4e+07,1.29e+08,51800000
"SM(d44:1)",3573149.479,23200000,26800000,8.99e+08,9.86e+08,9.66e+08
"SM(d44:2)",27800000,54500000,57700000,64300000,77100000,52900000
"SM(d44:3)",29600000,48100000,52800000,58900000,76400000,6.1e+07
"SM(d44:5)",2.35e+08,5.11e+08,5.71e+08,7.99e+08,8.66e+08,6.75e+08
"SM(d44:6)",7215826.613,27500000,39700000,3.42e+08,3.89e+08,3.38e+08
"SM(t32:1)",17700000,16200000,16200000,24500000,26500000,26100000
"SM(t34:0)",58400000,92200000,80500000,1.16e+08,1.05e+08,84400000
"SM(t34:1)",1.02e+09,1.15e+09,1.07e+09,1.72e+09,1.93e+09,1.49e+09
"SM(t34:2)",2.38e+08,2e+08,2.22e+08,2.33e+08,2.04e+08,2.36e+08
"SM(t36:4)",53200000,1.04e+08,1.09e+08,1.19e+08,1.76e+08,1.27e+08
"SM(t42:6)",1.26e+08,91300000,1.22e+08,1.35e+08,1.03e+08,1.22e+08
"SPH(d20:1)",1.76e+08,11800000,15800000,2845313.024,9724990.133,11900000
"SPH(t20:0)",57200000,28800000,25800000,14800000,10600000,17800000
"TG(12:0e_6:0_20:4)",18100000,23600000,30700000,1.11e+08,1.31e+08,1.93e+08
"TG(12:0e_6:0_22:5)",681940.1424,1318676.555,2419720.8,22900000,29900000,31100000
"TG(12:1e_6:0_20:4)",9713716.825,16100000,7422076.973,41100000,54500000,54900000
"TG(16:0_10:0_16:1)",968551.1964,6492661.009,11100000,1.78e+09,1.94e+09,2.15e+09
"TG(16:0_14:0_14:0)",5892281.53,31500000,38800000,6.28e+08,7.01e+08,7.75e+08
"TG(16:0_14:0_16:0)",18500000,1.11e+08,1.49e+08,2.61e+09,2.36e+09,2.59e+09
"TG(16:0_14:0_16:1)",7258820.992,2.59e+08,3.44e+08,1.09e+10,1.16e+10,1.23e+10
"TG(16:0_14:1_16:1)",9627372.226,1.94e+08,2.29e+08,2.14e+10,2.35e+10,2.39e+10
"TG(16:0_16:0_16:0)",37400000,2.5e+08,2.87e+08,6.96e+09,6.74e+09,7.7e+09
"TG(16:0_16:0_16:1)",38600000,9.13e+08,1.03e+09,2.86e+10,2.77e+10,3.06e+10
"TG(16:0_16:0_18:1)",50800000,1.36e+09,1.54e+09,3.34e+10,3.65e+10,3.81e+10
"TG(16:0_16:1_16:1)",32900000,9.77e+08,1.34e+09,5.73e+10,6.07e+10,6.34e+10
"TG(16:0_16:1_18:1)",50200000,2.27e+09,2.63e+09,4.81e+10,5.05e+10,4.92e+10
"TG(16:0_16:1_22:5)",78500000,5.27e+08,5.96e+08,2.15e+09,2.42e+09,1.95e+09
"TG(16:0_16:1_22:6)",8783432.983,2.63e+08,3.47e+08,2.16e+09,2.32e+09,2.39e+09
"TG(16:0_18:1_18:1)",72200000,2.66e+09,3.19e+09,2.66e+10,3.64e+10,2.88e+10
"TG(16:0_18:1_20:4)",24800000,9e+08,6.15e+08,1.57e+09,1.44e+09,2.95e+09
"TG(16:0_18:1_22:1)",25400000,1.27e+08,1.4e+08,6.11e+08,7.85e+08,6.56e+08
"TG(16:0_18:1_22:3)",8886868.546,8.63e+08,9.93e+08,1.76e+09,1.95e+09,1.74e+09
"TG(16:0_18:1_22:5)",21900000,9.2e+08,1.17e+09,1.58e+09,2.31e+09,1.74e+09
"TG(16:0_18:1_22:6)",8689011.183,4.43e+08,5.55e+08,1.03e+09,1.11e+09,1.03e+09
"TG(16:0_18:1_24:0)",2480000,12400000,17700000,1.08e+08,1.17e+08,87800000
"TG(16:0_18:1_24:1)",559741.708,71300000,71100000,4.31e+08,5.13e+08,3.52e+08
"TG(16:0e_16:0_18:1)",8540000,42700000,49400000,2.15e+08,2.71e+08,2.76e+08
"TG(16:1_12:0_16:1)",2102915.147,30400000,19500000,3.93e+09,7.66e+09,7.83e+09
"TG(16:1_12:1_18:2)",6159945.438,43725.366,218626.83,1.08e+09,1.15e+09,1.12e+09
"TG(16:1_14:0_14:0)",2899284.297,41800000,53500000,3.94e+09,4.13e+09,4.48e+09
"TG(16:1_14:1_16:1)",1322993.602,55300000,70600000,1.1e+10,9.51e+09,9.41e+09
"TG(16:1_14:1_18:2)",1966940.433,59600000,68200000,3.57e+09,4.19e+09,3.86e+09
"TG(16:1_14:1_18:3)",1.3e+07,22200000,1.8e+07,7.85e+08,1.87e+08,3.11e+08
"TG(16:1_16:1_16:1)",16500000,3.49e+08,4.03e+08,3.59e+10,3.92e+10,3.81e+10
"TG(16:1_16:1_18:1)",45900000,1.06e+09,1.15e+09,3.57e+10,4.43e+10,3.8e+10
"TG(16:1_16:1_18:3)",5682124.491,39100000,50700000,1.64e+09,1.85e+09,1.84e+09
"TG(16:1_16:1_22:6)",2214268.68,33600000,59600000,5.66e+08,6.83e+08,6.5e+08
"TG(16:1_18:1_18:1)",75200000,2.3e+09,3.19e+09,2.3e+10,2.61e+10,2.03e+10
"TG(16:1_18:1_18:2)",75300000,7.5e+08,1.46e+09,7.44e+09,7.06e+09,6.43e+09
"TG(16:1_18:1_18:3)",32900000,2.63e+08,3.89e+08,1.1e+09,1.69e+09,3.12e+09
"TG(16:1_18:1_22:3)",17600000,2.47e+08,1.39e+09,1.61e+09,1.63e+09,1.56e+09
"TG(16:1_18:1_22:5)",10300000,4.11e+08,5.78e+08,6.95e+08,7.23e+08,7.28e+08
"TG(16:1_18:1_22:6)",7762848.455,2.65e+08,3.31e+08,6.46e+08,7.51e+08,7.12e+08
"TG(16:1_18:2_22:6)",764554.2363,28100000,47900000,64800000,71800000,73800000
"TG(18:0_16:0_16:0)",4669502.066,3.85e+08,2.21e+08,3.75e+09,4.14e+09,4.26e+09
"TG(18:0_16:0_18:0)",8404617.706,64200000,78400000,2.95e+08,3.08e+08,3.48e+08
"TG(18:0_16:0_18:1)",13600000,4.73e+08,5.68e+08,5.24e+09,5.63e+09,5.57e+09
"TG(18:0_18:0_18:0)",3507421.662,32600000,29600000,1.62e+08,1.42e+08,1.51e+08
"TG(18:0_18:0_18:1)",2352805.938,89900000,1.09e+08,6.76e+08,8.35e+08,7.3e+08
"TG(18:0_18:1_18:1)",13500000,7.59e+08,8.87e+08,5.14e+09,6.24e+09,4.29e+09
"TG(18:0_20:3_24:1)",581045.2128,25300000,2905226.064,45800000,71500000,4919408.152
"TG(18:0e_16:0_16:0)",293665.0654,1468325.327,1878901.454,15700000,18200000,18800000
"TG(18:0e_18:1_18:1)",3820000,19500000,19100000,67100000,87700000,76100000
"TG(18:1_14:2_22:6)",540366.957,2701834.785,3461636.365,2.6e+07,9754012.573,26400000
"TG(18:1_18:1_18:1)",57100000,1.67e+09,2.09e+09,1.27e+10,1.49e+10,1.15e+10
"TG(18:1_18:1_18:2)",1.09e+08,4.57e+08,1.49e+09,5.24e+09,5.57e+09,3.57e+09
"TG(18:1_18:1_22:1)",21800000,1.09e+08,1.29e+08,4.38e+08,5.23e+08,4.45e+08
"TG(18:1_18:1_22:2)",32600000,1.63e+08,1.99e+08,4.2e+08,4.71e+08,4.48e+08
"TG(18:1_18:1_22:4)",3508519.099,1.34e+08,1.36e+08,99900000,1.21e+08,1.02e+08
"TG(18:1_18:1_22:5)",1.4e+07,4.46e+08,5.36e+08,4.05e+08,4.82e+08,5.24e+08
"TG(18:1_18:1_22:6)",5905564.76,3.76e+08,3.82e+08,4e+08,4.56e+08,4.09e+08
"TG(18:1_18:1_24:0)",6760000,33800000,4.4e+07,1.29e+08,1.57e+08,1.07e+08
"TG(18:1_18:1_24:1)",548247.527,74100000,73500000,2.14e+08,2.29e+08,1.99e+08
"TG(18:1_18:1_24:2)",1491853.935,74500000,7459269.675,1.6e+08,1.57e+08,1.59e+08
"TG(18:1_18:2_22:6)",2581500.564,1.21e+08,1.77e+08,83100000,1.09e+08,95800000
"TG(18:1_20:4_24:1)",8940000,44700000,58500000,56400000,62100000,65900000
"TG(18:1_22:5_22:6)",2120000,26400000,37400000,13100000,10600000,20200000
"TG(18:1_22:6_22:6)",1355724.971,6778624.855,10600000,1355724.971,1355724.971,1355724.971
"TG(18:1e_16:0_18:1)",784003.353,1.38e+08,1.52e+08,4.27e+08,5.81e+08,5.83e+08
"TG(18:1e_16:0_22:3)",564692.825,16600000,26200000,55200000,65200000,69500000
"TG(18:1e_16:1_18:1)",15300000,76500000,81100000,3.08e+08,3.8e+08,3.29e+08
"TG(18:1e_18:1_18:1)",8080000,40400000,58200000,1.58e+08,2.03e+08,1.97e+08
"TG(18:1e_18:1_22:5)",8160000,40800000,42800000,82200000,68100000,7e+07
"TG(18:4_14:1_16:1)",50365.2492,2582689.622,338377.833,82500000,97800000,1.01e+08
"TG(20:0e_18:1_18:1)",406481.6882,2458098.578,2032408.441,29800000,30700000,31300000
"TG(20:1_18:1_18:1)",2985096.794,3.96e+08,4e+08,1.67e+09,1.54e+09,1.66e+09
"TG(20:1e_14:0_14:0)",4140000,20700000,21200000,1.39e+08,1.52e+08,1.53e+08
"TG(20:1e_16:0_16:0)",3380000,16900000,2e+07,87500000,97100000,94500000
"TG(20:3e_16:0_18:1)",2260000,30600000,34100000,11300000,90700000,22800000
"TG(4:0_14:0_16:0)",7186868.242,1437373.6484,1437373.6484,17500000,18100000,19500000
"TG(4:0_16:0_16:0)",2096823.438,1641115.759,2525349.497,2.92e+08,3.46e+08,3.53e+08
"TG(4:0_16:0_18:1)",424710.7836,1262839.462,2289100.768,1.11e+09,1.39e+09,1.36e+09
"TG(8:0_8:0_8:0)",8115132.567,20200000,14400000,28100000,47900000,42600000
