"","COS7OA_3","COS7OA_2","COS7OA_1","COSOADGAT1i_3","COSOADGAT1i_2","COSOADGAT1i_1"
"Cer(d28:0)",9296072.884,8113669.37,19400000,15300000,11100000,6949586.005
"Cer(d34:0+O)",1833377.62,1800564.257,7807035.771,2850524.219,2883051.612,1587967.546
"Cer(d36:0)",29600000,33200000,68700000,3.8e+07,30700000,24900000
"Cer(d18:0_18:0)",4961576.872,2949893.462,5978304.774,6880468.438,13900000,5965840.978
"Cer(d36:0+O)",1598278.939,1509083.416,5948667.488,2029677.625,2452879.037,1334464.533
"Cer(d18:0_18:1)",4578632.654,2768075.997,2599130.693,12700000,24600000,10200000
"Cer(d36:2)",1425783.068,1477942.317,1413144.112,8282477.087,12400000,6552969.595
"Cer(d18:2_18:1)",588913.757,285301.13,57060.226,2477196.871,5797321.224,2294993.235
"Cer(d38:0)",47100000,41900000,78500000,41500000,47300000,29500000
"Cer(d20:1_18:0)",1703003.665,1092567.472,241766.026,2048319.419,2643689.487,1665746.404
"Cer(d38:1+O)",2050247.413,395425.2516,1489957.363,2625202.296,4544070.248,2424096.18
"Cer(d18:0_22:0)",10300000,8295544.261,14200000,11200000,5861788.893,8576678.667
"Cer(d40:2)",3540799.89,2531192.209,2099496.35,3635654.367,9096072.197,2989031.997
"Cer(d18:0_24:0)",9641003.351,5986423.58,9197819.144,6438448.002,12600000,5595574.504
"Cer(d18:1_24:3)",2360090.459,865048.5237,742041.807,3669941.331,3910082.724,2682306.313
"Cer(d42:5)",132301.164,141139.074,116441.962,2478312.65,1.1e+07,2163196.05
"Cer(d18:2_24:4)",265331.925,112194.828,22438.9656,143962.1376,14100000,138720.42
"Cer(d18:1_24:5)",1121031.323,623451.222,354816.703,11800000,29300000,9902318.122
"Cer(d20:1_24:1)",10600000,5700497.216,5298916.827,4820868.582,4367310.574,4551951.214
"Cer(d18:2_26:0+O)",3099049.972,2603568.739,8967891.132,3126826.44,827554.2528,2829056.609
"Cer(d44:3)",5246445.779,3219775.954,2246994.844,1218023.817,8108332.65,2452510.105
"Cer(d18:1_26:4)",400234.0458,233828.8164,264333.333,3103413.186,5077914.234,2585751.717
"Cer(d18:1_26:5)",858063.23,678803.685,515621.579,4699416.497,9579947.707,4497917.049
"Cer(m34:0)",4391893.423,4013331.881,2916285.176,3183549.964,3966402.069,3925821.932
"Cer(m18:1_18:0+O)",4578632.654,2768075.997,2599130.693,12700000,24600000,10200000
"Cer(m38:0)",3125712.761,2224665.236,2016012.786,1853491.427,2152279.078,2308597.631
"Cer(m18:1_24:1)",22500000,14400000,14200000,7330129.703,13300000,9153626.294
"Cer(t18:0_14:0)",19800000,11700000,14100000,29700000,60700000,24700000
"Cer(t34:0)",4274003.373,4915490.1,16300000,8786888.886,6515609.045,3296035.726
"Cer(t18:0_16:0+O)",2825542.365,410298.6642,8960545.053,66357.9666,3522785.564,661176.586
"Cer(t18:0_18:0)",26200000,16300000,28100000,20700000,47900000,1.8e+07
"Cer(t36:0)",4644684.285,2806349.092,7620479.031,1928352.436,10900000,2433217.9
"Cer(t18:0_18:1)",9699619.636,10300000,7455896.155,30200000,56600000,30300000
"Cer(t18:0_20:0)",7498485.862,6079799.178,14800000,6725068.467,9310016.858,6417334.036
"Cer(t38:0)",4801457.015,1821679.26,5270091.101,1566694.253,3138188.853,2062024.842
"Cer(t18:0_20:1)",2050247.413,395425.2516,1489957.363,2625202.296,4544070.248,2424096.18
"Cer(t38:1)",7029240.668,4382188.686,3721326.79,3674480.533,185228.0985,4523218.977
"Cer(t18:0_22:0+O)",1576421.89,8087231.486,1552834.97,1215595.866,73500000,9533246.65
"Cer(t18:0_22:1)",23700000,15200000,13700000,19500000,37700000,17900000
"Cer(t18:1_22:0)",11400000,6431649.029,6600135.51,6487858.223,6715736.095,5855694.881
"Cer(t18:1_22:0+O)",777378.357,2643238.998,3220149.132,533500.548,21400000,2933923.056
"Cer(t18:0_24:0+O)",16500000,77600000,20100000,10500000,4.02e+08,84400000
"Cer(t18:1_24:0+O)",5733175.371,24400000,2028340.952,2476901.262,1.65e+08,27800000
"Cer(t18:0_26:0+O)",9462422.583,23400000,11400000,7891713.026,71900000,29300000
"Cer(t20:1_24:1)",35800000,23200000,16200000,1.1e+07,5115545.672,10500000
"ChE(20:4)",36900000,26500000,26900000,14900000,13900000,11200000
"ChE(20:5)",17300000,1.3e+07,14900000,8133489.237,12400000,6674257.593
"ChE(22:5)",28900000,18100000,20500000,12300000,13100000,10900000
"ChE(22:6)",62100000,53600000,50300000,50800000,6.4e+07,44700000
"Co(Q9)",7763191.502,7740964.1,3696785.417,7327420.681,42400000,8113199.091
"DG(16:0_16:0)",24900000,15300000,77900000,16400000,4.4e+07,23500000
"DG(16:0_16:1)",5867782.28,3392156.586,3.6e+07,5715761.864,22400000,6030497.518
"DG(16:1_18:1)",8093098.059,5504316.843,75900000,2490443.095,816998.6325,16100000
"DG(16:0_18:3)",274563.155,107778.99,583379.08,733339.471,14400000,656436.94
"DG(18:0_18:2)",2.3e+07,19100000,2310958.41,862911.105,5.35e+08,16900000
"DG(18:0_18:3)",5213309.928,4256243.41,4730171.271,5907491.022,26400000,4886584.615
"DG(16:0_20:4)",5683238.306,3195337.632,5070231.621,5590415.019,1.5e+07,5113451.588
"DG(36:4e)",0.0054,0.095,0.0054,0.0054,25400000,0.027
"DG(18:3_18:2)",408530.802,1058119.726,159734.623,205797.596,38800000,550378.959
"DG(36:5e)",18215.415,1547.66598,7738.3299,1547.66598,26400000,1547.66598
"DG(18:0_20:0)",27700000,5385974.059,11600000,7101687.313,6976817.091,10300000
"DG(20:0_18:1)",10600000,6154783.18,14200000,9355165.462,19700000,8939221.925
"DG(20:1_18:1)",1.92e+08,1.24e+08,95800000,2.3e+08,3.73e+08,2.38e+08
"DG(20:0_18:2)",1475882.193,1055180.737,1075501.187,3359288.362,35700000,2860277.169
"DG(20:1_18:2)",20900000,12800000,10900000,23300000,85900000,25500000
"DG(18:0_20:3)",19100000,15600000,16100000,7631948.764,13300000,8439647.247
"DG(18:1_20:3)",2e+07,16300000,17800000,47200000,1.41e+08,43600000
"DG(18:0_20:4)",1.42e+08,1.01e+08,1.01e+08,50600000,1.46e+08,54900000
"DG(18:1_20:5)",2130477.095,2297331.779,2671686.918,8655806.536,25500000,6749848.701
"DG(18:1_22:1)",47200000,30500000,26800000,67800000,1.1e+08,71300000
"DG(22:0_18:2)",433.926,2169.63,433.926,559515.0609,2778175.768,169016.2935
"DG(18:1_22:3)",2348102.26,1423487.142,1755549.247,11200000,29400000,11200000
"DG(18:0_22:4)",6591451.145,4111517.808,6723944.279,3290290.693,1560126.628,2916857.162
"DG(18:1_22:4)",26700000,15700000,20500000,92100000,3.17e+08,82900000
"DG(18:0_22:5)",1.3e+07,9010112.777,10800000,6247774.938,12200000,4215456.773
"DG(18:1_22:5)",27100000,17600000,2.4e+07,60700000,2.09e+08,57800000
"DG(18:0_22:6)",10900000,7347382.135,8284294.832,2698263.878,11100000,3339525.884
"DG(18:1_22:6)",69400000,45900000,47800000,88500000,2.59e+08,88600000
"DG(18:1_24:1)",20600000,11700000,7970834.871,6440736.193,9098024.042,6845646.935
"Hex1Cer(d18:0_16:0)",13100000,9681549.701,12700000,44100000,82300000,38400000
"Hex1Cer(d18:0_18:0)",880847.095,543827.781,693945.2532,3107567.639,6964689.925,2924152.614
"Hex1Cer(d18:0_18:1)",880213.881,341394.912,710251.468,5897549.01,18300000,4509176.832
"Hex1Cer(d18:2_18:0+O)",1448469.493,5091485.663,2.9e+07,2628162.771,24700000,10200000
"Hex1Cer(d18:1_20:0)",8604116.873,7764627.894,6882818.276,14900000,2.8e+07,9693831.301
"Hex1Cer(d18:1_20:1)",7178450.943,6424208.769,8075591.393,1.2e+07,20200000,12300000
"Hex1Cer(d20:2_18:0)",3607095.368,2478009.108,2859459.872,5204476.79,8083150.196,3389428.232
"Hex1Cer(d18:1_22:0+O)",21200000,16500000,14400000,14500000,29800000,10500000
"Hex1Cer(d18:2_22:0)",5823596.393,3403543.189,23400000,6381761.546,13800000,3941573.802
"Hex1Cer(d18:1_22:2)",11300000,4124086.31,8074534.182,28500000,22600000,63200000
"Hex1Cer(d18:2_24:0)",2.2e+07,10600000,1.08e+08,18900000,1099958.878,1.5e+07
"Hex1Cer(d42:2+O)",1.3e+07,8682150.048,1.2e+07,5139470.896,47600000,5264629.67
"Hex1Cer(d18:1_24:4)",1224158.456,276761.956,417598.046,13500000,36100000,12100000
"Hex1Cer(d18:1_24:5)",74609.1792,14921.83584,346107.445,10400000,3.1e+07,9810768.002
"Hex1Cer(d18:1_26:4)",144909.1461,161011.32,73982.02,3491835.94,8716504.582,3364339.823
"Hex1Cer(t18:0_14:0)",9815295.729,7812582.398,14900000,24800000,43800000,23100000
"Hex1Cer(t18:0_16:0)",1.97e+08,1.42e+08,2e+08,4.52e+08,1.09e+09,4.14e+08
"Hex1Cer(t18:0_16:0+O)",3521074.419,1992406.371,4870780.183,2870097.046,6357164.045,2046701.193
"Hex1Cer(t18:0_18:0)",4.2e+07,30700000,3.6e+07,67800000,1.15e+08,58500000
"Hex1Cer(t18:0_20:0)",8604116.873,7764627.894,6882818.276,14900000,2.8e+07,9693831.301
"Hex1Cer(t18:0_22:0)",88100000,68900000,1.1e+08,1.18e+08,1.91e+08,1.09e+08
"Hex1Cer(t18:0_22:0+O)",9190679.162,2585561.059,14400000,11200000,29900000,10400000
"Hex1Cer(t18:0_22:1)",39700000,26700000,24300000,54100000,1.3e+08,49200000
"Hex1Cer(t18:1_22:0)",5194996.938,3408581.358,22600000,6162221.257,13400000,4114136.352
"Hex1Cer(t18:0_24:0)",1.9e+08,1.42e+08,1.75e+08,2e+08,1.61e+08,1.75e+08
"Hex1Cer(t18:1_24:1)",6244779.404,3999815.775,11500000,4313083.68,5418111.984,3971452.855
"Hex2Cer(d18:1_14:0)",8778370.891,6661600.015,8256765.887,10700000,29200000,13400000
"Hex2Cer(d18:0_16:0)",31800000,25700000,32300000,68100000,64900000,55400000
"Hex2Cer(d18:2_16:0)",4814726.072,3189189.215,3453881.649,8191049.375,18200000,7169516.704
"Hex2Cer(d18:1_16:1)",2777512.467,1826481.251,1692027.45,3060405.171,8659529.647,3712694.714
"Hex2Cer(d18:0_18:1)",3466608.113,1855633.247,2265936.997,8856932.971,1.9e+07,4531259.473
"Hex2Cer(d18:1_18:0)",2.8e+07,2.1e+07,32200000,3.1e+07,58300000,29900000
"Hex2Cer(d18:1_20:0)",4372480.646,3232266.158,5437715.889,5481200.13,13100000,5013225.746
"Hex2Cer(d18:1_20:1)",3831340.959,1806003.245,3121454.859,4914110.5,12300000,4633833.63
"Hex2Cer(d18:0_22:0)",2269258.591,1451399.145,1236652.204,3816055.096,5144433.625,2390625.27
"Hex2Cer(d18:0_22:1)",4270714.272,2934673.295,3988762.67,5333604.814,15500000,5591067.025
"Hex2Cer(d18:1_22:1)",38600000,25100000,35500000,31900000,88400000,32500000
"Hex2Cer(d18:1_22:3)",248758.906,325557.47,41009.13,4243281.333,5913954.394,3240627.108
"Hex2Cer(d18:0_24:1)",9321624.117,6613978.806,7211633.504,9934931.823,2.2e+07,7236640.177
"Hex2Cer(d42:1)",4575568.687,2767006.68,2352806.427,3709711.309,3004878.859,2956577.59
"Hex2Cer(d18:2_24:0)",10200000,7597666.908,10800000,1.5e+07,26300000,1.1e+07
"Hex2Cer(d18:1_24:2)",2.9e+07,16700000,19100000,22600000,66300000,2e+07
"Hex2Cer(d18:2_24:1)",5359554.515,2993529.407,2746792.847,661541.0184,3956541.961,4681615.355
"Hex2Cer(d18:1_24:3)",3138010.01,1419559.737,491837.485,4595848.084,1.5e+07,5148478.207
"Hex2Cer(d18:1_24:4)",2925330.516,2456599.949,2567935.376,20900000,56600000,18200000
"Hex2Cer(d18:1_24:5)",2342567.104,1468985.639,1661403.114,16100000,42300000,15200000
"Hex2Cer(d18:1_26:0)",6357525.756,3680347.955,4341000.284,5148403.813,3626312.438,4660534.258
"Hex2Cer(d18:1_26:1)",16700000,12100000,14800000,14300000,14500000,12200000
"Hex2Cer(d20:2_24:1)",13100000,7879839.251,8217107.346,6001371.474,2.1e+07,5138633.469
"Hex2Cer(d18:1_26:3)",331388.027,262408.176,276582.339,1537147.644,3974875.803,688872.5049
"Hex2Cer(d18:1_26:4)",1602812.946,1271001.657,2655092.312,4438287.378,1.5e+07,4783199.841
"Hex2Cer(d18:1_26:5)",3526790.02,1893337.247,2644486.6,7393807.192,24400000,7793929.153
"Hex2Cer(t18:0_14:0)",8778370.891,6661600.015,8256765.887,10700000,29200000,13400000
"Hex2Cer(t34:0)",1345213.22,1017930.87,1066746.608,1435890.297,2842858.949,1142419.161
"Hex2Cer(t18:1_16:0)",4809764.838,3268600.056,3882579.492,8184436.811,18200000,7181492.202
"Hex2Cer(t18:0_18:0)",28200000,21100000,32400000,31800000,58300000,29700000
"Hex2Cer(t18:0_18:1)",30900000,2.3e+07,33900000,64800000,1.29e+08,58900000
"Hex2Cer(t18:0_20:0)",4372480.646,3232266.158,5437715.889,5481200.13,13100000,5013225.746
"Hex2Cer(t18:0_22:0)",63900000,46100000,76100000,66200000,1.49e+08,53600000
"Hex2Cer(t18:0_22:1)",38600000,25100000,35500000,31900000,88400000,32500000
"Hex2Cer(t18:1_22:0)",4302311.692,2187814.908,8013748.617,4175738.912,14100000,3637832.277
"Hex2Cer(t18:0_24:0)",1.41e+08,1.01e+08,1.27e+08,1.37e+08,1.04e+08,1.17e+08
"Hex2Cer(t18:1_24:0)",11500000,8628141.984,11200000,1.5e+07,26300000,11100000
"Hex2Cer(t18:1_24:1)",2.9e+07,16700000,1.9e+07,20100000,66500000,20400000
"Hex2Cer(t18:0_24:4)",2925390.334,2457003.241,2569160.282,20800000,55600000,18200000
"Hex2Cer(t18:0_26:1)",16700000,12200000,14800000,14300000,14500000,12200000
"Hex2Cer(t20:1_24:1)",14400000,8587795.332,8242663.87,7079108.438,2.1e+07,6018540.292
"Hex3Cer(d18:1_16:0)",2713911.495,1842597.396,2858101.289,2128836.14,3737176.62,2097912.493
"Hex3Cer(d42:1+O)",4133767.925,2871399.432,3941972.093,2658389.142,6383179.871,2148398.264
"Hex3Cer(d18:1_24:1)",4133767.925,2871399.432,3941972.093,2658389.142,6383179.871,2148398.264
"Hex3Cer(t18:0_16:0)",2713911.495,1842597.396,2858101.289,2128836.14,3737176.62,2097912.493
"Hex3Cer(t18:0_24:1)",4133767.925,2871399.432,3941972.093,2658389.142,6383179.871,2148398.264
"LPC(16:0e)",18200000,3197562.602,64100000,7817793.243,2.4e+07,6162872.206
"LPC(16:1e)",17900000,11500000,16900000,16200000,22200000,12800000
"LPC(18:0e)",6760095.636,1567343.958,15300000,5241820.816,6348824.099,3087275.179
"LPC(18:2)",846447.4152,861681.0756,942448.5534,452809.9962,1377166.861,307792.5099
"LPC(18:2e)",4279465.765,2544899.826,5669345.565,3209587.338,4993144.746,2888666.467
"LPC(20:0e)",672040.4778,556482.2895,94001.0175,384667.98,1154463.87,23403.7725
"LPC(20:1e)",6336888.986,4789068.117,5346801.531,2548227.574,9905213.627,4925090.008
"LPC(20:5)",2253985.359,1397053.967,1448935.512,279410.7934,5199478.319,2961157.718
"LPC(22:1)",4408972.899,2177717.086,4454805.026,4717559.334,10900000,5514386.737
"LPC(24:1)",2220872.487,274432.681,1547213.741,321279.2775,666337.9251,1147123.61
"LPC(28:0)",22300000,14800000,23600000,30100000,35600000,25400000
"LPC(32:1)",31100000,18500000,21500000,19300000,33800000,19500000
"LSM(d20:2)",2412423.233,1801483.544,1954652.408,1937529.445,3241794.323,1545670.23
"MG(18:0)",7509021.918,1045044.923,8873594.144,2444011.209,3882995.462,7395530.515
"MG(18:3)",62134.7313,1362702.67,100045.02,52691.7882,13200000,54547.8909
"PA(38:5)",6.2e+08,4.29e+08,4.23e+08,4.79e+08,6.7e+08,4.24e+08
"PC(16:0)",2366189.826,3472064.237,3499637.716,9689881.153,3656314.911,4834314.999
"PC(20:1)",3544172.363,3019896.303,3211060.699,16700000,24200000,10500000
"PC(24:0)",10400000,2949797.342,28200000,1644611.635,9186492.145,4408081.053
"PC(24:1)",3269257.801,706100.023,3.2e+07,752270.233,6922243.122,322778.873
"PC(16:0_10:0)",2990159.191,761765.898,4805040.251,188870.942,2320480.37,562744.048
"PC(26:1)",272987.931,38797.974,414044.7552,125335.545,254618.205,7759.5948
"PC(28:0)",18700000,12200000,27500000,12600000,2.7e+07,13800000
"PC(20:0e_8:0)",22300000,14800000,23600000,30100000,35600000,25400000
"PC(30:0e)",1.17e+08,70700000,1.03e+08,85500000,1.64e+08,82200000
"PC(20:0_10:1)",52400000,32100000,40800000,37100000,70700000,36600000
"PC(18:1_12:0)",20500000,13600000,1.4e+07,14400000,37200000,13200000
"PC(12:0e_18:1)",657751.7955,160904.1744,2010145.287,300466.995,258732.1761,63133.7814
"PC(14:1e_18:0)",3.87e+08,2.37e+08,3.26e+08,2.69e+08,5.82e+08,2.5e+08
"PC(14:1e_18:1)",78400000,47600000,62200000,55500000,1.25e+08,54400000
"PC(32:4e)",4549150.958,2952878.411,6153177.151,4361945.514,8357282.183,4257275.007
"PC(34:0e)",1.09e+08,74500000,1.25e+08,85600000,2.22e+08,77900000
"PC(16:1e_18:0)",1.24e+08,60600000,74700000,77400000,1.16e+08,69200000
"PC(18:4_16:0)",28300000,17400000,12900000,17500000,23300000,15800000
"PC(34:5)",1882776.154,1466297.929,1571324.893,8085394.318,12800000,6710159.378
"PC(12:1e_22:5)",54100000,31500000,2.7e+07,2.5e+07,4.5e+07,30200000
"PC(20:2e_16:0)",7.91e+08,4.43e+08,6.21e+08,4.22e+08,8.52e+08,4.19e+08
"PC(36:2e)",1.81e+08,98800000,1.26e+08,9.6e+07,2.64e+08,1.02e+08
"PC(18:2e_18:0)",81200000,47600000,67900000,84400000,2.2e+08,85400000
"PC(18:3e_18:0)",38700000,24700000,35100000,26800000,47700000,24100000
"PC(18:1_18:3)",4.44e+08,5.05e+08,4.67e+08,5.03e+08,3.86e+08,5.15e+08
"PC(18:4_18:0)",3493487.205,2757270.952,1249801.468,1451580.529,11600000,687667.9818
"PC(18:3e_18:1)",60300000,50800000,45600000,36900000,67400000,48800000
"PC(26:1_10:4)",42100000,40700000,39100000,10800000,20800000,3326249.895
"PC(36:7)",2221766.416,1048384.634,1256715.126,4128952.202,7410208.241,3524809.361
"PC(38:0)",1876588.653,1216413.061,1650675.48,4462743.161,9022399.473,3723992.268
"PC(38:1e)",32700000,19300000,25800000,29100000,51300000,24200000
"PC(38:3e)",6797965.045,4648589.633,11600000,4364977.566,9471463.537,3814625.223
"PC(20:4e_18:0)",49500000,28900000,1.03e+08,32100000,62200000,24400000
"PC(20:4e_18:1)",6847232.37,31600000,38800000,24400000,45400000,27300000
"PC(38:7)",17400000,13100000,11700000,22600000,49300000,22300000
"PC(38:8)",4009230.824,2401087.374,2246120.681,5238254.807,5650627.018,4363962.064
"PC(40:10)",1824197.658,36132.812,19800000,36132.812,811479.4635,180664.06
"PC(40:2)",3.97e+08,2.45e+08,2.77e+08,2.9e+08,7.4e+08,3.04e+08
"PC(20:2_20:4)",23700000,14800000,12400000,42200000,59100000,39700000
"PC(18:1_22:6)",53900000,31500000,34800000,77300000,1.47e+08,77300000
"PC(40:8)",22800000,15500000,18500000,40600000,82800000,38200000
"PC(40:9)",1218570.029,762072.436,1121895.564,3980076.381,9142321.206,3625282.729
"PC(42:11)",782717.074,690326.067,626602.456,4839596.598,9038232.691,3820953.803
"PC(42:2)",1.33e+08,87600000,58900000,39600000,53500000,3.9e+07
"PC(42:4e)",45900000,24900000,26400000,25400000,38100000,21800000
"PC(42:5e)",29500000,15500000,23600000,6538078.271,37800000,13900000
"PC(22:2_20:4)",11700000,8802573.596,6417608.246,21400000,35300000,23400000
"PC(44:11)",3835293.843,2604714.059,3742431.711,5996593.941,14400000,7321192.79
"PC(44:12)",3025757.482,1679858.787,1832794.325,3238152.165,7533305.439,4082360.589
"PC(44:4)",1775154.774,1444982.626,486695.218,2712996.367,8764935.564,6141664.021
"PC(44:6e)",16800000,10300000,11400000,5696157.381,7786203.433,7273044.183
"PC(44:8)",2651992.346,1805136.504,544097.477,8420187.529,24800000,8034021.948
"PC(44:9)",53400000,28700000,38100000,86200000,1e+08,78300000
"PE(20:3e)",13300000,8272440.584,12400000,8284058.581,12800000,7031664.711
"PE(32:0)",6667707.896,5827936.648,4739499.414,5794798.182,5857532.027,5967167.647
"PE(16:0p_16:0)",18200000,12700000,17300000,13400000,21800000,13100000
"PE(32:1)",2457539.187,1684309.124,1397071.584,2070295.161,1180212.465,1512380.983
"PE(32:1e)",3175908.083,2141991.732,2321546.753,2270652.07,1405424.226,2248335.35
"PE(18:1p_14:0)",12300000,8223166.62,7048159.244,6629619.61,21600000,6953708.623
"PE(32:2e)",12300000,8223166.62,7048159.244,6629619.61,21600000,6953708.623
"PE(34:0)",6265540.843,5254647.489,4021495.69,5413206.833,1234841.465,4260475.928
"PE(18:0p_16:0)",10200000,7709869.608,8397151.016,11100000,17400000,8864350.493
"PE(34:2e)",40300000,26400000,24700000,26900000,37500000,2.9e+07
"PE(18:1p_16:1)",7874397.794,5388069.499,4575093.476,5529434.741,12100000,5074726.25
"PE(16:0p_18:2)",4558229.728,7084845.283,6528069.536,6075672.706,11700000,7676272.375
"PE(34:3e)",7874397.794,5388069.499,4575093.476,5529434.741,12100000,5074726.25
"PE(18:0_18:0)",19500000,12900000,12800000,12300000,33500000,11800000
"PE(20:0p_16:0)",5208664.083,3517413.823,5218221.617,5605421.179,259142.831,4022537.018
"PE(36:1)",1.96e+08,1.47e+08,1.24e+08,1.5e+08,1.42e+08,1.31e+08
"PE(18:0p_18:1)",43700000,30300000,34400000,36200000,81800000,34100000
"PE(18:1p_18:1)",1.78e+08,1.05e+08,1.14e+08,83200000,2.15e+08,98200000
"PE(18:0p_18:2)",370005.9213,5825214.592,4829734.272,4803205.498,15200000,5582087.53
"PE(16:0_20:3)",44100000,28200000,30600000,3.3e+07,92200000,664736.7261
"PE(36:3e)",12600000,31300000,7837888.891,6656456.451,32400000,1501896.982
"PE(18:1p_18:2)",11900000,8020440.694,8972260.879,7903811.895,23100000,11200000
"PE(36:5e)",79500000,51300000,52200000,46600000,73500000,5.5e+07
"PE(20:0p_18:1)",9352711.289,6867726.271,7438044.781,9075659.678,2582734.142,8885515.83
"PE(38:2)",39100000,24700000,20700000,19200000,21100000,20100000
"PE(18:1p_20:1)",14200000,5504811.001,6956825.135,2789753.857,6565418.818,3161313.76
"PE(16:0p_22:3)",12100000,7571465.117,6383869.624,7680230.925,20300000,7772768.117
"PE(16:0p_22:4)",72800000,56500000,54900000,4.9e+07,1.83e+08,65700000
"PE(18:0p_20:4)",2.2e+08,1.44e+08,1.63e+08,1.24e+08,3.53e+08,1.34e+08
"PE(38:5)",8483704.452,30741.4062,4669647.838,3821347.154,4537399.829,261575.5896
"PE(16:0p_22:5)",6.67e+08,4.31e+08,4.5e+08,3.25e+08,1.03e+09,3.68e+08
"PE(18:1p_20:5)",42400000,21100000,25300000,22200000,95300000,32400000
"PE(16:0p_22:6)",1.9e+08,1.19e+08,1.35e+08,67200000,2.13e+08,9e+07
"PE(40:2)",20900000,16300000,11600000,8574908.756,9325410.905,8774179.39
"PE(40:4)",10100000,6808762.464,6925519.731,8196883.488,1.1e+07,8617616.565
"PE(18:0p_22:4)",22900000,13500000,18100000,13600000,58600000,15100000
"PE(20:0p_20:4)",31500000,2.2e+07,18500000,20500000,72900000,19300000
"PE(18:0p_22:5)",1.16e+08,7.9e+07,8.1e+07,65300000,2.02e+08,78700000
"PE(40:7)",59600000,46300000,4.1e+07,36500000,5.5e+07,38700000
"PE(18:1p_22:6)",2.39e+08,1.54e+08,1.53e+08,48600000,1.75e+08,68800000
"PE(20:0p_22:5)",6883445.928,4654992.889,2459515.453,5384033.108,1.8e+07,6335104.427
"PE(42:6)",2661950.812,1602270.564,952146.654,1780270.63,3261623.218,2715980.653
"PE(20:0p_22:6)",1.5e+07,8429457.444,6298318.101,5100702.156,16200000,5738628.897
"PE(42:7e)",5630307.649,2765781.638,1414540.92,552317.6934,1836295.24,868627.6035
"PG(34:1)",29600000,25700000,24700000,25600000,28700000,24900000
"PG(36:2)",35600000,26700000,26500000,16200000,20100000,7007938.527
"PI(34:1)",950030.34,2243957.32,867801.379,2530083.594,675790.0071,758717.4549
"PI(36:3)",1947760.104,2364171.148,1060300.415,4787778.309,5654386.123,4304009.732
"PI(38:3)",1339578.052,2220866.475,618798.102,1164793.761,722264.4813,715131.733
"PI(38:4)",2070768.785,1921929.902,726637.3212,4251390.104,4265039.776,3152300.885
"PI(20:1_20:4)",1399660.219,2145500.711,659341.833,2090059.642,1132037.22,1355185.22
"PS(22:4_22:4)",1871731.301,1054895.126,1442232.038,4880113.302,10900000,4889537.954
"SM(d30:1)",4336974.113,3107325.203,3167490.204,4142807.632,9197097.837,3291746.219
"SM(d18:1_16:0)",8.35e+09,5.1e+09,7.01e+09,6.33e+09,1.05e+10,5.3e+09
"SM(d34:5)",330619.898,365922.725,704600.408,382815.288,1376957.361,2165358.669
"SM(d36:5)",488868.3663,7283628.825,9579141.652,8532860.484,12100000,8078603.215
"SM(d38:3)",13500000,9165806.255,6058579.771,6686509.916,13800000,8474891.764
"SM(d40:3)",52400000,30300000,23700000,25700000,60100000,2.4e+07
"SM(d20:1_24:1)",61400000,47200000,4.9e+07,34100000,43200000,34100000
"SM(t32:1)",1246542.741,970672.246,1277036.279,1164176.976,2220032.525,803580.978
"SM(t38:3)",1409422.148,862907.877,790769.013,1558578.332,259660.481,137958.6975
"SPH(d16:1)",18600000,21800000,35500000,12200000,29400000,11200000
"SPH(d18:0)",10900000,8775022.337,12700000,21100000,23200000,16600000
"SPH(d18:1)",7724662.154,9209775.627,14800000,1544932.4308,33400000,9355636.372
"SPH(d20:1)",11400000,14500000,16300000,10700000,23700000,11800000
"SPH(d20:2)",1114154.665,1000855.954,1229071.48,112730.884,4095056.526,755728.529
"SPH(d22:2)",6031221.842,4246903.196,7291124.31,2302280.73,5786037.405,3818450.508
"SPH(d24:0)",1073404.488,717796.517,4973213.785,926476.427,2177472.095,1331793.819
"SPH(t16:0)",4.47e+08,2.91e+08,4.15e+08,4.34e+08,4.8e+08,3.6e+08
"SPH(t20:0)",78700000,49900000,77300000,71900000,85600000,69200000
"SPH(t20:1)",22440.075,59209.562,351147.204,74026.949,1327544.876,135105.805
"TG(4:0_6:0_16:0)",13392.4467,117123.5775,14300000,62838.4425,119150.1,143794.11
"TG(4:0_12:0_16:0)",542634.353,444875.457,19300000,262038.53,457765.0509,843626.214
"TG(34:1e)",6150674.564,1214375.4,2525375.708,2156726.502,344598.492,1636729.311
"TG(16:0_6:0_12:2)",115818.293,35989.2,13100000,7197.84,222307.566,40797.714
"TG(34:2e)",16700000,1598002.911,421794.0225,24400000,1.03e+08,25300000
"TG(18:0_8:0_10:0)",6535236.711,153673.689,10700000,513084.431,11800000,4468950.075
"TG(12:0_12:0_12:0)",10900000,7425991.465,10300000,6476734.869,27300000,7252902.012
"TG(4:0_16:0_16:0)",3811984.105,3517693.552,6629759.962,8263963.596,43700000,3194711.463
"TG(36:1)",59802.853,34209.93,22800000,86899.157,68657.28,6841.986
"TG(6:0_12:0_18:1)",1943596.139,80827.9794,66100000,116703.809,1000366.646,203874.537
"TG(18:0_8:0_10:1)",229620.9897,8189.2944,1e+07,40946.472,1230336.101,59974.362
"TG(36:1e)",12900000,935584.671,1852172.495,1389263.82,6930199.043,1593119.704
"TG(8:0_10:1_18:2)",0.0674,0.0674,8940029.148,0.0674,0.0674,0.337
"TG(12:0_12:0_14:0)",9682214.301,8343965.574,11200000,7843478.506,1.92e+08,9335641.711
"TG(4:0_16:1_18:1)",16400000,10600000,13100000,174922.618,8328178.234,132260.73
"TG(38:4e)",2e+07,15700000,17800000,46600000,1.41e+08,43600000
"TG(38:5e)",69300000,45900000,58600000,96900000,3.27e+08,89500000
"TG(38:6e)",1197178.739,2337125.925,4039042.668,12200000,24500000,6550433.96
"TG(16:0_8:0_16:0)",13700000,21500000,29200000,1.8e+07,1.88e+08,21200000
"TG(40:0e)",18800000,3854136.299,10700000,6363133.44,19700000,13900000
"TG(16:0_6:0_18:1)",1803909.872,1337432.715,12800000,832951.994,5770484.097,296244.27
"TG(40:4e)",6591451.145,4111517.808,6723944.279,3290290.693,1560126.628,2916857.162
"TG(40:5e)",25500000,15600000,20100000,90800000,3.06e+08,80200000
"TG(40:7e)",69400000,45900000,47800000,88800000,2.59e+08,88600000
"TG(16:0_12:0_14:0)",19600000,24600000,31800000,33500000,80100000,34200000
"TG(16:0_8:0_18:1)",1.6e+07,9272301.829,4.7e+07,4449103.492,9428404.681,3848288.904
"TG(4:0_18:1_20:1)",11600000,5942100.232,12600000,1024685.086,4136634.457,734006.894
"TG(42:4e)",2811222.215,1143191.65,1592464.729,9326290.973,11200000,8207713.848
"TG(42:5e)",14400000,9419589.18,11100000,57900000,1.51e+08,57100000
"TG(42:6e)",27400000,16500000,2e+07,63100000,2.53e+08,65500000
"TG(16:0_14:0_14:0)",30800000,55200000,43900000,43500000,1.61e+08,73400000
"TG(16:1_14:0_14:0)",25500000,23700000,32100000,21400000,26300000,18300000
"TG(44:5e)",2704470.816,2904396.976,970321.128,8135322.567,10100000,7748079.366
"TG(16:2e_10:4_18:2)",823183.055,400522.583,262833.67,646173.86,20700000,313910.95
"TG(16:0_14:0_16:0)",70300000,66200000,1.67e+08,1.21e+08,1.5e+08,1.22e+08
"TG(16:0_14:0_16:1)",83800000,6.3e+07,1.16e+08,60300000,82900000,50200000
"TG(10:0_18:1_18:1)",73200000,53400000,65800000,7630551.555,20900000,6744119.659
"TG(16:1_14:0_18:1)",2.78e+08,1.98e+08,2.81e+08,93500000,1.73e+08,92600000
"TG(12:0e_18:1_18:1)",27600000,12200000,27500000,1989642.679,44200000,3602659.426
"TG(16:1_16:1_16:1)",4.6e+07,39600000,44200000,22800000,5.5e+07,27700000
"TG(18:1e_16:0_16:0)",44500000,27500000,42100000,11300000,2044669.181,9837452.397
"TG(16:0_16:1_18:1)",197112.0339,681377.0976,2332221.629,1541761.383,2424050.599,888929.6625
"TG(14:0e_18:1_18:1)",52300000,36100000,40600000,9197051.216,1543488.067,6273727.565
"TG(16:1_16:1_18:1)",5.57e+08,3.75e+08,4.44e+08,1.1e+08,2.3e+08,1.35e+08
"TG(16:0_14:0_20:3)",19500000,1166591.79,3.2e+07,12800000,35400000,11100000
"TG(18:1_14:2_18:1)",73100000,60600000,45200000,22200000,1.17e+08,2.2e+07
"TG(16:0_14:0_20:4)",40800000,24800000,22700000,15400000,21500000,10700000
"TG(14:0_18:2_18:3)",28300000,15700000,11200000,8016361.351,3363889.575,7795044.567
"TG(18:0_16:0_18:0)",14500000,4.5e+07,11900000,492396.015,1.4e+07,11100000
"TG(18:0e_16:0_18:1)",14700000,25800000,43900000,106020.467,1067825.424,28200000
"TG(18:1e_16:0_18:1)",2.3e+08,1.37e+08,1.55e+08,21300000,6678303.257,20100000
"TG(20:1e_16:1_16:1)",54200000,38100000,38200000,4401108.231,3518745.977,7448609.132
"TG(16:0_16:1_20:3)",1634732.672,326946.5344,87500000,326946.5344,326946.5344,326946.5344
"TG(16:0_14:0_22:4)",6457837.276,5841.0144,1.29e+08,2.284,27609.5082,42883.3158
"TG(16:0_16:0_20:4)",49200000,48300000,4.1e+07,30900000,38200000,23800000
"TG(16:0_18:1_18:3)",33600000,30400000,90600000,24900000,31800000,20100000
"TG(18:1_14:0_20:4)",72600000,74900000,98200000,29600000,1.7e+07,2.3e+07
"TG(16:1_18:2_18:3)",6240844.768,4593421.11,2056881.372,1530155.778,42800000,1886483.434
"TG(16:1_16:1_20:4)",92800000,60200000,46100000,25100000,18500000,23100000
"TG(18:1_12:0_22:6)",20300000,13500000,4936556.479,7145020.951,20200000,6976394.934
"TG(18:0_18:0_18:0)",28200000,51200000,24100000,18200000,22100000,22700000
"TG(18:0_18:0_18:1)",966268.4382,13100000,3312591.762,0.1508,0.754,0.1508
"TG(16:0_16:0_22:3)",175843.95,17.226,20700000,3.4452,3.4452,3.4452
"TG(18:0_16:0_20:4)",11400000,37800000,4841836.516,7107411.793,27600000,10400000
"TG(16:0_16:0_22:4)",44700000,32500000,88700000,15700000,8385562.263,12400000
"TG(54:4e)",26500000,2.1e+07,3488259.607,473143.2249,4251778.157,5410225.955
"TG(18:1_18:1_18:3)",414437.5368,14026.0418,67300000,70130.209,767542.2696,14026.0418
"TG(54:5e)",52400000,35400000,43100000,1.5e+07,10700000,13400000
"TG(18:3_18:2_18:2)",74100000,8249776.268,22500000,31300000,4.78e+08,16700000
"TG(18:1_14:0_22:6)",1.34e+08,97500000,59700000,42900000,1.2e+07,13700000
"TG(18:3_18:2_18:3)",382153.68,518618.0475,76430.736,620254.3383,65100000,2265289.799
"TG(16:1_16:1_22:6)",50700000,29800000,22300000,17400000,37500000,15200000
"TG(16:0_18:1_22:0)",757574.3568,16800000,4387205.598,1468782.673,1450995.198,1186150.935
"TG(14:0_20:4_22:6)",14900000,11300000,5701895.462,4482354.196,10800000,4566674.651
"TG(18:0_16:0_22:4)",72500000,5.4e+07,41400000,17500000,18300000,13900000
"TG(56:5e)",19900000,12800000,13400000,5131869.083,3123016.42,9266350.599
"TG(18:0_18:1_20:5)",96600000,79900000,90100000,2.1e+07,31800000,13300000
"TG(16:0e_18:1_22:5)",1.06e+08,74100000,84300000,18200000,20200000,21300000
"TG(18:1_18:2_20:5)",6.95e+08,4.75e+08,3.99e+08,1.4e+08,2.71e+08,1.44e+08
"TG(16:1_18:2_22:6)",53900000,39700000,32600000,2.2e+07,43100000,19300000
"TG(18:1_20:4_20:5)",1.77e+08,1.28e+08,1.06e+08,60700000,1.09e+08,48300000
"TG(58:11)",6233.562,399166.846,24600000,31167.81,4498495.652,344533.689
"TG(16:1_20:4_22:6)",4.1e+07,28600000,21700000,15400000,31200000,12200000
"TG(16:0_20:5_22:6)",52600000,37200000,1.6e+07,11300000,11900000,1e+07
"TG(16:0_18:1_24:1)",1.01e+08,94200000,45300000,2686456.264,10600000,7010315.574
"TG(18:1_18:1_22:0)",4.4e+07,55200000,13900000,431714.355,405709.7214,4043110.22
"TG(18:1_18:1_22:2)",7.65e+08,5.67e+08,5.27e+08,88900000,62900000,84100000
"TG(18:0_18:1_22:4)",2.41e+08,1.56e+08,2.54e+08,33700000,3.2e+07,27800000
"TG(20:1_18:1_20:3)",83100000,53100000,59500000,6468543.791,773009.268,5504042.507
"TG(18:0e_18:1_22:5)",23200000,14900000,19100000,5763294.88,2783820.612,5550334.433
"TG(18:1e_18:1_22:5)",73300000,59800000,53900000,6874416.17,6100994.539,7237720.63
"TG(18:0_20:4_22:6)",42200000,35700000,26400000,10700000,8121328.859,8675528.239
"TG(18:1_20:5_22:6)",1.54e+08,85100000,8.1e+07,34900000,85800000,37500000
"TG(26:1_16:0_18:1)",17800000,24900000,4862598.239,145165.442,2006690.768,2250500.001
"TG(18:1_18:1_24:0)",34600000,3.2e+07,27900000,88327.8732,441639.366,13300000
"TG(18:1_20:3_22:1)",5.47e+08,3.29e+08,3.1e+08,68900000,49500000,67700000
"TG(18:1_20:3_22:4)",3.55e+08,2.66e+08,2.13e+08,2.42e+08,3.23e+08,2e+08
"TG(20:1_18:1_22:6)",7.39e+08,5.46e+08,4.98e+08,1.28e+08,1.53e+08,1.12e+08
"TG(20:3_20:3_20:3)",7.11e+08,3.8e+08,1.81e+08,3.76e+08,4.83e+08,3.06e+08
"TG(20:1_20:4_20:4)",2.51e+08,2.19e+08,1.66e+08,1.24e+08,81800000,92200000
"TG(18:1_22:4_22:5)",4.64e+08,3.53e+08,3.38e+08,2.49e+08,3.82e+08,2.62e+08
"TG(18:1_22:5_22:5)",3.45e+08,2.73e+08,2.3e+08,1.63e+08,2.56e+08,1.44e+08
"TG(18:1_22:6_22:6)",2.6e+08,1.92e+08,1.59e+08,44500000,90100000,43100000
"TG(26:1_18:1_18:1)",2.03e+08,1.9e+08,38900000,380385.92,4504963.53,6127949.441
"TG(20:1_18:1_24:2)",39400000,35300000,1.1e+07,35634.5398,35634.5398,178172.699
"TG(26:1_18:1_18:2)",35200000,37300000,13200000,217733.197,336143.685,479169.3237
"TG(18:1_20:4_24:0)",57700000,41800000,36700000,4353975.82,1498304.49,6196243.942
"TG(18:1_20:4_24:1)",82400000,61500000,51400000,9149466.302,4194956.067,6518641.806
"TG(62:7)",6679933.179,7219538.02,6228267.398,3032764.242,7781880.885,306838.1007
"TG(18:1_22:3_22:4)",1.87e+08,1.32e+08,1.09e+08,75500000,1.01e+08,62800000
"TG(18:1_22:1_22:6)",1.68e+08,1.21e+08,1.01e+08,21300000,25800000,20300000
"TG(20:2_22:4_22:4)",1.45e+08,1.04e+08,1.01e+08,1.05e+08,1.94e+08,1.17e+08
"TG(20:1_22:5_22:5)",1.12e+08,96900000,68500000,1.16e+08,90100000,68600000
"TG(20:0_22:6_22:6)",2.33e+08,1.73e+08,1.33e+08,69800000,1.07e+08,66400000
"TG(18:1_22:1_24:1)",4215088.295,5341847.699,843017.659,843017.659,843017.659,843017.659
"TG(18:1_22:5_24:1)",1.74e+08,89500000,1.02e+08,23400000,7922995.476,18600000
"TG(18:1_22:5_24:2)",66800000,60100000,48900000,21200000,24900000,21200000
"TG(20:1_22:4_22:4)",27600000,23400000,21400000,64600000,82900000,56400000
"TG(22:0_22:6_22:6)",13800000,7222084.023,9393251.264,4247184,6668429.087,3863293.166
"TG(66:8)",27400000,1.7e+07,13600000,6171470.343,5748120.1,4288983.177
"TG(66:9)",24400000,17500000,16200000,13400000,1.7e+07,12900000
"Cer(d34:1+O)",216502.48,92958.587,122689.183,156273.861,115499.871,232258.998
"Cer(d36:1)",2062408.416,1349663.092,674628.444,7009742.201,2532532.217,5724687.142
"Cer(d36:3)",781849.34,987508.942,156369.868,4372448.746,928004.724,3283291.028
"Cer(d36:8)",67873.8168,7487.0478,20166.1356,145265.8614,1400458.205,3574213.365
"Cer(d42:0)",2441567.573,3263778.893,3304786.797,5948266.573,2941770.904,3402827.126
"Cer(d42:6)",57834.0066,289170.033,57834.0066,8218410.83,3276466.746,7374795.584
"Cer(d44:1)",440655.189,23056.779,86456.657,5780198.585,331893.119,316895.575
"Cer(d18:0_26:2)",3461390.944,2862829.571,1701200.684,3766165.511,1259798.711,2581362.306
"Cer(m40:0+O)",3644792.196,4218397.74,4157452.3,5303940.416,3383551.318,3380667.716
"Cer(t18:0_18:2)",0.0138,0.0138,0.069,1467007.009,0.0138,0.0138
"Cer(t40:1)",159674.6349,107510.6775,133341.5025,5570750.597,313972.6443,163618.915
"Cer(t42:0)",124826.8404,160723.4037,105447.027,2154405.32,87437.5887,85754.035
"Cer(t42:1+O)",481121.2392,150974.3565,297370.5531,4537744.339,80968.2681,65028.645
"Cer(t18:0_26:0)",2600775.842,1878593.379,1951517.847,20600000,2592752.357,2098513.949
"Cer(t44:0+O)",1834944.55,1118400.863,1466826.601,47100000,3569069.438,1028764.126
"Cer(t18:1_26:0)",24658.706,38340.7173,41155.8096,5696668.334,77451.822,54178.5006
"Cer(t18:0_26:1)",167878.6494,50712.1101,56715.4164,918828.0585,110449.1397,95980.6113
"Cer(t18:0_26:2)",98714.811,17512.6707,3318.27318,4064055.185,30102.783,16591.3659
"Cer(t20:0_26:0)",1621597.789,2196870.105,2318169.143,2906012.723,2190972.383,2030374.828
"Hex1Cer(d34:0)",9531965.832,8745644.605,5031030.803,35300000,19900000,36800000
"Hex1Cer(d18:2_16:0)",6089004.785,5169981.774,3013509.584,14300000,6017703.95,12500000
"Hex1Cer(d34:2)",1286642.782,1157577.333,871433.023,5745842.15,2878454.365,4967645.632
"Hex1Cer(d36:2+O)",114410.265,129294.4248,617715.872,10700000,571532.765,121464.308
"Hex1Cer(d38:1)",4774931.906,3861113.41,2552215.67,10500000,6153486.384,9942807.176
"Hex1Cer(d38:2)",378619.147,816787.609,75723.8294,5699591.051,2137888.641,4757833.907
"Hex1Cer(d40:1+O)",23100000,20600000,11900000,14400000,6075682.345,1.8e+07
"Hex1Cer(d40:2)",3468587.125,2866805.919,1932104.327,5423064.187,2306938.83,4464284.211
"Hex1Cer(d40:3)",124394.6808,346158.6852,386462.0604,36851.3124,104221.3188,721344.153
"Hex1Cer(d42:1+O)",16800000,11300000,6907415.406,15400000,5698053.469,9523746.598
"Hex1Cer(d42:4)",1084804.101,908258.831,444011.052,3702796.304,1417769.095,2885565.136
"Hex1Cer(d42:5)",121236.876,228091.475,352367.574,13500000,5525829.743,1.2e+07
"Hex1Cer(d42:6)",12688.0962,12688.0962,63440.481,10300000,3550037.353,8974345.36
"Hex1Cer(d44:1)",2343007.74,2312545.386,1543911.072,4111606.933,1897556.831,3269839.165
"Hex1Cer(d44:3)",8845473.288,7087487.322,4419618.6,13100000,2546309.302,6043697.238
"Hex1Cer(t34:0)",2335735.537,1753333.464,1032666.628,4783193.585,2538721.654,4981332.846
"Hex1Cer(t34:1)",1945486.29,1773220.813,1054355.362,3081274.006,998885.0898,2339053.921
"Hex1Cer(t42:2)",155640.2937,411515.24,477029.766,12900000,402763.762,129295.5582
"Hex2Cer(d28:0)",8240362.168,8772011.529,3756526.408,10600000,5039088.318,9369189.605
"Hex2Cer(d30:1)",56900000,52200000,31100000,62300000,25700000,55800000
"Hex2Cer(d32:2)",1.53e+08,1.28e+08,80100000,3.19e+08,1.53e+08,2.86e+08
"Hex2Cer(d34:0)",8544200.987,7422666.604,3553857.718,16300000,9873711.92,18900000
"Hex2Cer(d14:1_20:4)",2446028.882,2274239.156,1351539.676,7916734.949,3266725.153,6459634.47
"Hex2Cer(d36:2)",24100000,21900000,13300000,68400000,35700000,62800000
"Hex2Cer(d38:1)",4139822.891,3822080.488,2091565.881,5800492.23,2997673.219,5936235.114
"Hex2Cer(d38:2)",1983314.659,1752778.613,1053191.984,4399928.646,2270771.286,5522433.111
"Hex2Cer(d42:5)",3080876.101,2235735.23,1579253.592,22300000,11100000,20400000
"Hex2Cer(d42:6)",2021872.471,1362094.478,558646.35,19200000,8166822.111,16400000
"Hex2Cer(d44:1)",2214611.323,2012918.574,1215878.128,2896958.911,1216565.472,2111506.535
"Hex2Cer(d44:2)",9242663.548,8438347.419,4850835.615,12500000,4031028.227,7355440.764
"Hex2Cer(d44:3)",1.1e+07,8995438.338,5128087.253,9454348.418,2647365.786,6241569.523
"Hex2Cer(d44:5)",1716048.103,1504052.573,858300.94,5563697.768,2525130.546,5064942.845
"Hex2Cer(d44:6)",2545887.064,2178537.538,1286816.362,9729125.071,4024839.583,8889559.468
"Hex2Cer(m34:0+O)",8544200.987,7422666.604,3553857.718,16300000,9589711.331,18900000
"Hex2Cer(m36:1)",5721208.934,860375.2575,311318.8356,7083379.261,4275090.833,502730.5596
"Hex2Cer(m40:0+O)",2027595.591,1373055.523,1111764.822,4464299.467,1611062.906,2371914.066
"Hex2Cer(m42:0+O)",1214096.472,1149533.663,929721.016,2101114.471,922998.862,1543869.698
"Hex3Cer(d42:2)",5547210.287,4624388.043,2777397.461,4054381.796,1615301.729,3303250.955
"Hex3Cer(m42:4)",12230.333,4677.506,935.5012,935.5012,935.5012,5042.02
"LPE(16:1e)",3794483.105,3314493.505,1744984.123,3176506.86,1540562.411,2965521.393
"LPE(20:3)",1223416.306,938877.99,3714.1548,1225845.075,433455.444,1505993.774
"LPE(20:5)",3314195.851,2927832.743,1400551.999,4456356.95,1608246.827,4559733.894
"LPG(16:0)",3595.4055,14874.427,19704.449,83681.5875,8587.7952,14657.421
"PC(16:0e_14:0)",17800000,15500000,9318470.849,14100000,7990629.323,1.4e+07
"PC(16:1_14:0)",25200000,19700000,13100000,21400000,10900000,20900000
"PC(16:1e_14:0)",10600000,8924307.424,6598203.788,9791280.849,2152336.453,9580305.92
"PC(16:0e_16:0)",79500000,69800000,43300000,6.9e+07,38700000,71200000
"PC(16:0e_16:1)",881514.6207,650693.0607,14300000,3033285.494,956706.7968,3835804.806
"PC(16:1e_16:0)",75600000,64600000,42700000,66100000,32500000,68700000
"PC(18:0e_16:0)",25300000,21700000,12400000,34600000,12600000,23700000
"PC(16:0e_18:1)",2.73e+08,2.32e+08,1.35e+08,2.61e+08,1.19e+08,2.35e+08
"PC(16:1e_18:1)",1.66e+08,1.54e+08,8e+07,2.28e+08,82600000,1.93e+08
"PC(16:0_20:1)",2.2e+07,50700000,31800000,10800000,5941785.834,12200000
"PC(18:0e_18:1)",14700000,1.2e+07,6319876.13,22900000,6021460.544,13800000
"PC(18:2e_18:1)",42200000,37700000,2.2e+07,64900000,20600000,48600000
"PC(16:0e_20:4)",51600000,41700000,21300000,28900000,1.3e+07,27300000
"PC(16:1e_20:4)",89400000,80800000,52600000,79100000,29100000,67300000
"PC(16:0_22:1)",2987980.292,2951599.196,1719412.77,602674.4193,596956.7598,1610554.907
"PC(18:1_20:2)",75200000,63300000,39100000,8.8e+07,41800000,80500000
"PC(18:0_20:3)",35500000,33700000,2e+07,36500000,15700000,37100000
"PC(16:0_22:3)",1422629.461,1384816.254,1102021.196,1507259.771,711159.754,1188951.894
"PC(18:2e_20:4)",84400000,73500000,44600000,73100000,2.7e+07,64200000
"PC(16:1e_22:5)",1.3e+07,11700000,5055110.494,6555961.185,2442985.765,8169384.65
"PC(16:1e_22:6)",20300000,23300000,10900000,1.3e+07,1314490.441,11400000
"PC(20:0e_20:4)",14300000,11200000,7260371.203,21600000,4393515.945,1e+07
"PC(18:1_22:5)",79800000,70900000,40100000,1.39e+08,67600000,1.32e+08
"PC(18:1_24:1)",25800000,25200000,13900000,12200000,4486866.874,10200000
"PE(16:0_14:0)",4643529.322,4677647.64,3220874.538,3020509.595,2153497.881,4260377.043
"PE(16:1e_16:0)",18600000,15800000,11100000,1.3e+07,9488349.554,18500000
"PE(14:1e_18:1)",7423737.566,7167083.778,5218363.652,8873025.25,437827.3902,9615363.59
"PE(34:0e)",1223283.714,1089476.709,902868.003,1374161.683,761017.959,1313848.731
"PE(16:0e_18:1)",1.7e+07,14100000,8533642.929,8404589.934,6337163.24,14900000
"PE(18:1e_16:0)",10600000,9353212.767,7447349.59,9719160.44,6914014.987,11400000
"PE(16:1e_18:1)",1.68e+08,1.53e+08,1.1e+08,1.48e+08,75400000,1.79e+08
"PE(16:1e_18:2)",9053909.058,7018463.112,5777204.183,8911237.109,2515699.809,8330380.437
"PE(14:1e_20:4)",3696295.056,3617572.657,2001669.911,3924563.07,1551626.183,3662759.661
"PE(20:1e_16:0)",4067079.083,3037211.884,3380941.406,2808296.275,3252588.994,3857054.748
"PE(36:2e)",146266.4532,245899.2267,232764.8739,241163.223,124649.7132,349455.3219
"PE(18:2e_18:1)",1.65e+08,1.43e+08,84400000,1.15e+08,48600000,1.22e+08
"PE(18:1e_18:2)",8820663.89,7316925.269,4456567.819,6508134.633,2246870.583,5727629.724
"PE(18:1_18:3)",2304364.199,2101359.468,1533673.011,657455.5119,207237.099,1098145.001
"PE(18:2e_18:2)",7878664.038,406851.8322,5888857.681,6282081.014,1850178.003,8280655.385
"PE(16:1e_20:3)",1.3e+07,11100000,8574454.843,1.4e+07,5300385.477,11900000
"PE(16:1_20:4)",2118228.336,1712673.28,1011163.271,2393843.494,910315.19,1843164.219
"PE(16:0_20:5)",10100000,8626010.875,4851934.145,11100000,4755025.992,11200000
"PE(16:2e_20:4)",3911944.775,3510185.118,2225818.355,5060012.463,1512025.092,3046089.478
"PE(16:1e_20:5)",41400000,37600000,23400000,4.3e+07,17500000,41300000
"PE(36:7e)",1646219.6,1322930.673,758332.909,1069941.368,275160.599,1023332.558
"PE(20:1e_18:1)",6253076.241,5554315.552,3966766.036,6011049.944,3418763.779,9088606.02
"PE(18:2e_20:1)",10500000,8999126.708,5472483.342,6060952.901,1905446.979,5741140.581
"PE(16:0_22:4)",19600000,17400000,10600000,20200000,13300000,29400000
"PE(18:0e_20:4)",10700000,6483067.623,5683945.205,8241304.738,3725507.532,8169935.853
"PE(16:1e_22:3)",10700000,10100000,6167058.648,9711635.483,4747394.468,10200000
"PE(38:4e)",1455937.71,1194878.963,815410.194,1258307.962,469640.108,1283445.604
"PE(18:1e_20:4)",1.83e+08,1.77e+08,1.1e+08,1.63e+08,6.3e+07,1.61e+08
"PE(18:2_20:4)",5683738.147,4591906.432,2830189.668,5581191.027,2121010.605,4115509.424
"PE(18:2e_20:4)",5.79e+08,5.29e+08,3.56e+08,4.64e+08,2.07e+08,4.84e+08
"PE(18:1e_20:5)",16200000,16100000,9458342.081,20100000,9548126.184,22100000
"PE(16:1_22:6)",2568326.068,2541858.263,900225.797,1697450.744,870290.652,1588085.486
"PE(18:2e_20:5)",24500000,21400000,16700000,28200000,10300000,26400000
"PE(16:1e_22:6)",1.63e+08,1.33e+08,89700000,1.02e+08,40500000,95900000
"PE(38:8e)",1209031.859,1222322.249,287784.1983,480185.1699,57556.83966,57556.83966
"PE(18:1_22:0)",3119495.172,2975038.144,1719412.77,39192.7302,750818.5098,80516.3721
"PE(40:3e)",3002148.514,2920149.629,1562020.003,2982681.427,979276.652,1406183.659
"PE(18:1_22:3)",14100000,3101026.226,5083853.592,10600000,6320604.523,11400000
"PE(40:4e)",4045184.277,3342647.777,2311269.617,7309700.879,1330981.016,2950071.855
"PE(18:1e_22:3)",2929670.88,2691958.198,1500696.222,4411475.675,930353.754,2924252.625
"PE(18:2e_22:3)",1.4e+07,13200000,7801779.985,1.2e+07,4708306.145,1.3e+07
"PE(18:1e_22:4)",26300000,25800000,13900000,26700000,10200000,26100000
"PE(20:1e_20:4)",35400000,32800000,20800000,40600000,12500000,33400000
"PE(18:2e_22:4)",68600000,5.9e+07,31300000,46900000,17300000,47700000
"PE(22:5_18:2)",2574974.538,2321686.502,1321599.984,2723730.608,1339740.385,3055428.051
"PE(20:3_20:4)",441084.9963,779463.8373,745713.597,2597265.319,709415.593,1529810.255
"PE(18:2e_22:5)",2.24e+08,2.02e+08,1.17e+08,1.66e+08,66100000,1.55e+08
"PE(18:1e_22:6)",65800000,60400000,33800000,40900000,15800000,39600000
"PE(18:2e_22:6)",1.96e+08,1.79e+08,96900000,77700000,29200000,72600000
"PE(20:4_22:6)",4684787.309,4628161.6,2738114.907,7431724.84,2674911.539,6061077.277
"PE(18:1_24:1)",37900000,32500000,23800000,7235582.752,5697051.268,11300000
"PE(18:1_24:2)",8434128.674,8946803.823,4631299.421,2913573.57,2402812.39,3119156.935
"PE(20:3_22:1)",1511133.056,1018858.94,677978.9082,225970.4982,205104.7284,230794.65
"PE(22:0_20:4)",3713350.468,2579047.079,1939610.299,4574699.159,1260863.066,3829366.683
"PE(20:1_22:4)",6260267.158,5498813.728,3236082.344,7845386.666,3869032.047,8656996.999
"PE(20:1_22:5)",8761778.782,7019061.465,4803424.305,10300000,10300000,9863579.361
"PE(20:1e_22:5)",2892007.845,2524973.997,1854958.783,10700000,3031870.076,8513275.229
"PE(20:1e_22:6)",10400000,9120734.254,5091771.126,7110497.056,2307314.816,6018468.211
"PE(20:3_22:5)",32099.9109,62126.7204,50374.1667,2075167.2,760267.495,2369276.03
"PE(22:5_20:4)",1426800.419,1312424.629,705088.069,1867415.26,846171.278,1966796.442
"PE(20:3_22:6)",1046291.05,1101716.597,611566.436,4460943.9,1605098.069,3835127.315
"PE(22:6_22:6)",454825.302,374957.868,168734.689,924235.189,391163.857,680685.5688
"PE(26:1_18:1)",3755008.811,3244344.571,2311043.72,411960.84,803213.104,1849010.145
"PE(24:0_20:4)",1727480.326,1995352.971,992786.844,1141777.282,745202.313,1916079.159
"PE(24:1_20:4)",3391588.338,3084398.22,2054463.1,3591908.825,1368386.298,2372467.913
"PE(22:1_22:5)",5407038.911,4635561.049,2316589.018,1911234.576,812211.072,1925630.143
"PE(22:1_22:6)",5364720.181,4820963.141,2357130.672,1817537.342,850312.525,1946383.82
"PE(24:1_22:6)",2030357.206,1773136.297,1025772.5,392256.43,65752.821,237164.474
"PG(16:0_14:0)",5258693.592,3969482.685,2700439.005,4392598.807,4455657.115,7719851.554
"PG(18:1_14:0)",9950786.522,7648919.353,4229928.455,8021260.7,8503262.125,16200000
"PG(16:0_16:1)",934273.4031,630028.6935,202572.762,538723.2564,299632.7775,979912.0953
"PG(18:0_16:0)",3655425.271,1734303.18,1958492.015,1727362.147,2920944.773,5388894.423
"PG(18:0_18:1)",40600000,39600000,23900000,23400000,12500000,30600000
"PG(20:1_18:1)",3552876.554,3029914.402,1731459.939,2303733.587,802349.9727,4574815.318
"PG(16:0_22:6)",890487.121,817271.307,429305.63,1559867.436,589462.496,1292473.283
"PG(22:5_18:2)",25433.28,121202.232,101345.8371,735599.691,309749.939,389120.7111
"PG(20:3_20:4)",14292.6678,174902.095,27996.8025,1603810.211,830639.933,550517.496
"PG(20:5_20:4)",75552.7164,256734.667,90180.088,1331444.737,556060.149,1006242.204
"PG(20:3_22:5)",313569.008,246297.197,86051.327,1201957.427,493844.986,1093859.822
"PG(22:4_20:4)",382690.12,76731.87,223899.974,2046133.801,609022.3971,1460652.322
"PG(20:2_22:6)",1351794.895,976538.858,232032.445,1709293.953,829739.154,1831445.119
"PG(22:4_22:5)",332762.153,185232.382,65025.254,1810720.045,626870.774,1403741.737
"PI(12:0e_20:3)",242652.5991,1037411.941,511405.407,479567.2761,762666.537,1480134.603
"PI(16:0_18:1)",8494997.697,3948661.57,3729735.911,1593589.531,7118233.454,27300000
"PI(18:0_18:2)",6312503.196,6501621.659,5666968.648,1817009.063,9278967.475,25200000
"PI(20:0_18:1)",114065.241,21041.73,4208.346,4208.346,357648.1794,1210595.381
"PI(20:1_18:1)",2467523.238,1321481.492,1103544.612,362866.396,3836768.448,11500000
"PI(18:0_20:5)",25600000,27400000,24100000,21400000,11900000,4486477.556
"PI(18:2_20:4)",4647041.343,3003776.679,2376602.827,3666600.647,3843822.121,9214022.995
"PI(20:0_20:4)",625919.6199,567221.117,436538.004,319451.2575,980428.936,1442273.927
"PI(18:1_22:4)",2029210.1,773258.2512,1009334.192,130837.0725,2568868.029,7658209.763
"PI(18:0_22:5)",9580629.584,6045243.454,5016476.914,2123049.181,6660383.486,1.7e+07
"PI(18:1_22:6)",5319648.008,3426418.556,2866899.388,2900260.295,3372167.468,8340161.847
"PI(40:9)",3356953.314,3651025.01,2395923.079,2829083.529,1689535.66,3516448.7
"PS(4:0_18:0)",491093.446,781109.598,340618.809,26612.5746,133062.873,510620.633
"PS(24:1e)",16862.742,19724.3016,20836.752,62238.6189,15658.4886,60112.3482
"PS(28:0)",1051.2294,15027.2688,1051.2294,1051.2294,5256.147,28515.6192
"PS(34:2)",3421536.704,2556519.032,2411102.055,2621410.115,1773443.762,3116953.595
"PS(36:1e)",1461718.297,921833.603,564148.356,5066920.986,1661448.255,3763972.584
"PS(18:1_18:1)",6344030.565,640628.0325,1145494.085,877699.4811,103238.5974,21700000
"PS(36:2)",3852119.311,2963323.433,2752685.212,1941641.823,2473782.933,3551254.917
"PS(36:2e)",1523501.258,1339931.922,728160.507,571690.537,2069169.859,1760201.516
"PS(36:3)",46600000,43200000,35700000,36400000,2.9e+07,44600000
"PS(36:4e)",17100000,16100000,9755169.438,14800000,7778644.551,1.7e+07
"PS(38:1)",87700000,70400000,38400000,76200000,36200000,69500000
"PS(38:3)",1.08e+08,1.02e+08,70400000,72900000,58100000,1.02e+08
"PS(38:5)",6802723.318,6131359.555,3361626.233,3977337.881,862100.6235,4273073.658
"PS(38:6)",12800000,11300000,6428743.981,11900000,5289017.792,11300000
"PS(38:7e)",36800000,34700000,24300000,32900000,15600000,31800000
"PS(40:1)",38700000,33800000,18200000,2.9e+07,1.3e+07,2.6e+07
"PS(40:4)",20700000,17500000,11900000,12100000,8867206.637,16300000
"PS(40:4e)",7251755.022,6927070.362,4039117.111,7206415.721,1832971.528,5318811.382
"PS(18:1_22:5)",209382.872,177996.483,162533.947,45005.0181,159502.3764,5924871.478
"PS(40:6)",89600000,81300000,59900000,74400000,4.8e+07,82900000
"PS(18:1_22:6)",992115.4275,304532.1507,114624.1746,2857.96992,14289.8496,5004005.878
"PS(40:7e)",18200000,16700000,10100000,14300000,6394322.669,14900000
"PS(40:8e)",51900000,45500000,31500000,42500000,19900000,39500000
"PS(40:9e)",12500000,11500000,7575467.186,7934657.306,3326846.903,7526625.559
"PS(42:10e)",13700000,12500000,7903464.487,5594132.877,2175718.808,5285678.59
"PS(42:6)",4990197.231,4238888.009,2499419.356,4292442.046,2699295.434,6092209.572
"PS(42:7)",15100000,14300000,8411023.343,13700000,8283256.622,15200000
"PS(42:8)",13600000,12400000,7048384.474,1.5e+07,6677259.108,13400000
"PS(42:8e)",10800000,9810660.424,5813027.218,9021833.986,3930008.422,9399233.215
"PS(42:9)",19700000,20600000,14200000,17800000,8613253.747,16400000
"Cer(d18:0_16:0)",32900000,22400000,31400000,62300000,1.23e+08,55500000
"Cer(d18:0_24:1)",40200000,2.6e+07,24500000,24600000,20800000,23800000
"Cer(d18:1_14:0)",19800000,11700000,14100000,29700000,60700000,24700000
"Cer(d18:1_16:0)",2.34e+08,1.48e+08,1.88e+08,2.75e+08,5.71e+08,2.27e+08
"Cer(d18:1_18:0)",26200000,16300000,28100000,20700000,47900000,1.8e+07
"Cer(d18:1_18:1)",9698468.363,10200000,7453606.59,30300000,57200000,29600000
"Cer(d18:1_20:0)",7462930.365,6079497.876,14800000,6786790.069,9298810.928,6417113.436
"Cer(d18:1_22:0)",63300000,42200000,97600000,47700000,61400000,4.5e+07
"Cer(d18:1_22:1)",23700000,15200000,13700000,19500000,37700000,17900000
"Cer(d18:1_24:0)",1.34e+08,8.8e+07,1.33e+08,83500000,97800000,73800000
"Cer(d18:1_24:1)",6.47e+08,4.49e+08,3.73e+08,2.32e+08,3.76e+08,2.39e+08
"Cer(d18:1_24:4)",1951521.912,841114.233,1053394.235,13900000,35100000,1.2e+07
"Cer(d18:1_26:1)",24900000,18300000,18400000,15900000,4203118.512,1e+07
"Cer(d18:2_16:0)",16200000,10800000,10900000,24200000,44900000,21300000
"Cer(d18:2_22:0)",11400000,6431649.029,6600135.51,6487858.223,6715736.095,5855694.881
"Cer(d18:2_24:0)",2.7e+07,18300000,18100000,21900000,18600000,1.7e+07
"Cer(d18:2_24:1)",80700000,59900000,5.7e+07,47600000,77200000,43100000
"Cer(d20:2_24:1)",35800000,23300000,16200000,1.1e+07,5947279.531,10400000
"Cer(d30:0)",7953968.87,6837045.672,14700000,12900000,8513927.335,6053213.475
"Cer(d32:0)",65300000,54700000,1.13e+08,8.7e+07,74200000,47900000
"Cer(d34:0)",60200000,46900000,92900000,75100000,64200000,42400000
"Cer(d34:1)",74900000,45400000,62700000,85100000,1.79e+08,71200000
"Cer(d34:2)",4615470.184,3241209.909,2870786.883,6748927.976,1.4e+07,6236338.601
"Cer(d40:0)",22600000,18700000,33500000,17100000,19800000,15200000
"Cer(d42:1)",25600000,17700000,22800000,14200000,19100000,13900000
"Cer(d42:2)",1.22e+08,81700000,68300000,42400000,73900000,39100000
"Cer(d42:3)",15200000,12700000,7783585.995,7016548.679,11400000,6448700.931
"Cer(t18:0_16:0)",2.34e+08,1.48e+08,1.88e+08,2.75e+08,5.71e+08,2.27e+08
"Cer(t18:0_22:0)",63300000,42200000,97600000,47700000,61400000,4.5e+07
"Cer(t18:0_24:0)",1.34e+08,8.8e+07,1.33e+08,83500000,97800000,73800000
"Cer(t18:0_24:1)",6.47e+08,4.39e+08,3.73e+08,2.32e+08,3.76e+08,2.39e+08
"Cer(t18:1_16:0)",16500000,10800000,10900000,24100000,42800000,20200000
"Cer(t18:1_24:0)",27700000,19400000,19100000,18100000,15900000,17600000
"Cer(t18:1_24:1)",81400000,60500000,5.7e+07,47600000,77200000,43100000
"Cer(t44:1+O)",955481.608,243743.427,586211.129,35200000,1138332.18,186218.986
"ChE()",919964.724,334519.8615,29400000,306611.0886,460599.957,824093.7975
"Co(Q10)",4.8e+08,3.15e+08,3e+08,3.32e+08,2.49e+08,2.46e+08
"DG(16:0_18:1)",92100000,60900000,7.62e+08,1.01e+08,2.58e+08,1.01e+08
"DG(16:0_18:2)",86160.5733,17232.11466,15800000,17232.11466,17232.11466,17232.11466
"DG(18:0_16:0)",2.85e+08,62800000,1.81e+08,83300000,3.11e+08,95900000
"DG(18:0_18:0)",1.35e+09,1.28e+08,4.13e+08,1.54e+08,1.12e+09,2.51e+08
"DG(18:0_18:1)",3.63e+08,2.69e+08,3.28e+08,1.83e+08,4.68e+08,1.63e+08
"DG(18:1_18:1)",1.18e+09,7.84e+08,1.08e+09,1.67e+09,3.98e+09,1.58e+09
"DG(18:1_18:2)",31700000,20300000,33100000,35400000,2.86e+08,37700000
"DG(18:1_18:3)",1348023.227,1838159.996,763815.953,439711.6869,42100000,1626621.638
"DG(18:1_20:4)",69200000,45900000,58600000,93400000,3.26e+08,90200000
"Hex1Cer(d18:1_14:0)",9815259.419,7202580.452,1.5e+07,24700000,43500000,23100000
"Hex1Cer(d18:1_16:0)",1.97e+08,1.42e+08,2e+08,4.52e+08,1.09e+09,4.14e+08
"Hex1Cer(d18:1_18:0)",4.2e+07,30700000,3.6e+07,67800000,1.15e+08,58500000
"Hex1Cer(d18:1_18:1)",55500000,42200000,46800000,2.26e+08,3.22e+08,1.92e+08
"Hex1Cer(d18:1_22:0)",88100000,68900000,1.1e+08,1.18e+08,1.91e+08,1.09e+08
"Hex1Cer(d18:1_22:1)",38700000,26700000,20600000,54100000,1.3e+08,49700000
"Hex1Cer(d18:1_24:0)",1.9e+08,1.42e+08,1.72e+08,2.03e+08,1.61e+08,1.75e+08
"Hex1Cer(d18:1_24:0+O)",23200000,22400000,16400000,15400000,12600000,14400000
"Hex1Cer(d18:1_24:1)",4.39e+08,2.95e+08,2.85e+08,2.75e+08,6.35e+08,2.42e+08
"Hex1Cer(d18:1_26:1)",20600000,15300000,21100000,1.8e+07,25500000,17300000
"Hex1Cer(d18:2_24:1)",38400000,23700000,50400000,27300000,72500000,24900000
"Hex1Cer(d36:1)",3262099.907,2319163.475,6539032.341,5529398.039,9952896.418,5061369.752
"Hex1Cer(d42:2)",1.4e+08,22100000,2.64e+08,23800000,54500000,21300000
"Hex1Cer(d42:3)",24800000,20200000,13400000,26500000,11700000,21600000
"Hex1Cer(t18:0_24:1)",4.39e+08,2.95e+08,2.85e+08,2.75e+08,6.35e+08,2.42e+08
"Hex1Cer(t18:1_24:0)",2131238.886,218860.1796,1.42e+08,1578684.824,1.41e+08,525690.6675
"Hex1Cer(t42:1)",15400000,14900000,6791197.922,11600000,4620866.411,8310348.376
"Hex2Cer(d18:1_16:0)",1.74e+08,1.12e+08,1.56e+08,2.48e+08,4.33e+08,2.15e+08
"Hex2Cer(d18:1_18:1)",30900000,24300000,33900000,72400000,1.44e+08,63100000
"Hex2Cer(d18:1_22:0)",62600000,4.6e+07,89200000,63800000,1.49e+08,54200000
"Hex2Cer(d18:1_24:0)",1.4e+08,1.06e+08,1.42e+08,1.39e+08,1.08e+08,1.16e+08
"Hex2Cer(d18:1_24:1)",3.19e+08,2.24e+08,2.83e+08,1.98e+08,5.72e+08,1.71e+08
"Hex2Cer(d32:1)",78900000,69600000,4e+07,1.37e+08,6.4e+07,1.31e+08
"Hex2Cer(d34:1)",26900000,23400000,13400000,63500000,29600000,59600000
"Hex2Cer(d34:2)",3699215.245,3353416.69,2032384.114,9511436.867,4057582.392,8566639.203
"Hex2Cer(d36:1)",21600000,18700000,12400000,2.4e+07,16200000,27900000
"Hex2Cer(d40:2)",35400000,2.7e+07,15700000,40700000,17600000,37500000
"Hex2Cer(d42:2)",9514780.494,6640903.488,5640008.476,5213751.234,14500000,5535546.341
"Hex2Cer(d42:3)",2.4e+07,18400000,11600000,25400000,1.2e+07,24200000
"Hex2Cer(t18:0_24:1)",3.17e+08,2.29e+08,2.84e+08,1.93e+08,5.59e+08,1.7e+08
"LPC(14:0)",3487795.143,2700369.782,6866427.247,58663.43916,293317.1958,3225886.872
"LPC(16:0)",8.39e+08,1.1e+08,3.44e+09,1.79e+08,6.39e+08,2.3e+08
"LPC(16:1)",8685960.689,5008432.255,21700000,104828.925,102004.5324,134826.8157
"LPC(18:0)",6e+08,1.58e+08,1.83e+09,3.11e+08,6.45e+08,2.56e+08
"LPC(18:1)",1.46e+08,9.1e+07,1.62e+08,2.4e+08,3.61e+08,1.94e+08
"LPC(18:1e)",23700000,16100000,20500000,20800000,30300000,17500000
"LPC(20:0)",9959623.793,5107573.739,23300000,10600000,19200000,7999092.681
"LPC(20:1)",7703610.779,3884466.049,9506514.185,10600000,11700000,6034839.463
"LPC(20:3)",3826492.708,3444089.492,1312410.633,5090691.748,8042640.712,4040032.153
"LPC(20:4)",24700000,16200000,22800000,28700000,39200000,21600000
"LPC(22:0)",6529739.978,1475201.96,21700000,2934388.366,11100000,1917128.223
"LPC(22:5)",1190663.938,8601664.357,2774369.803,15100000,2886739.889,4807173.428
"LPC(22:6)",1110321.799,7629013.119,4902186.712,11600000,17600000,9952216.3
"LPC(24:0)",115302.583,73890.7227,25456.665,87327.679,32948.703,106886.083
"LPC(28:1)",2134919.242,1182092.526,5017172.86,1217708.588,2518546.347,1330116.468
"LPC(34:1)",1.24e+08,60600000,74700000,77400000,1.16e+08,69200000
"LPE(16:0)",7289170.34,3806722.206,6045390.745,8976036.394,10200000,6359496.954
"LPE(18:0)",13900000,5075462.623,30900000,9553315.549,13900000,7539809.474
"LPE(18:1)",30300000,17300000,20400000,42200000,61100000,35300000
"LPE(20:4)",40800000,35400000,1.7e+07,38200000,18200000,45900000
"LPE(22:4)",6613896.389,3777701.69,4442302.269,7282282.7,10400000,5158985.867
"LPE(22:5)",25200000,14200000,17500000,25400000,4.5e+07,21800000
"LPE(22:6)",14400000,13300000,6145012.201,10800000,5157927.838,11500000
"LPG(18:1)",950915.62,1128754.562,26659.7568,1602483.492,1130931.295,1218185.303
"PC(16:0_14:0)",1.46e+08,1.27e+08,87700000,1.22e+08,7e+07,1.15e+08
"PC(16:0_16:0)",9.22e+08,7.36e+08,4.7e+08,5.85e+08,4.82e+08,6.84e+08
"PC(16:0_16:1)",8.86e+08,7.65e+08,4.49e+08,5.44e+08,3.94e+08,6.64e+08
"PC(16:0_18:1)",3.23e+09,2.98e+09,2.38e+09,2.92e+09,1.84e+09,2.96e+09
"PC(16:0_18:2)",2.72e+09,2.36e+09,1.55e+09,1.67e+09,1e+09,1.88e+09
"PC(16:0_18:3)",45800000,2.2e+07,29500000,1.65e+08,1.96e+08,84400000
"PC(16:0_20:2)",2.62e+08,2.29e+08,1.58e+08,1.54e+08,1.03e+08,1.91e+08
"PC(16:0_20:3)",81900000,66800000,38700000,53700000,29900000,65400000
"PC(16:0_20:4)",1.49e+08,1.51e+08,9.9e+07,1.4e+08,6.4e+07,1.09e+08
"PC(16:0_22:6)",57900000,43500000,31200000,62500000,26200000,50700000
"PC(16:1_18:1)",6.84e+08,5.64e+08,3.2e+08,6.26e+08,3.06e+08,5.48e+08
"PC(16:1_20:5)",20700000,17700000,10300000,23100000,11500000,23600000
"PC(16:1e_16:1)",11800000,12100000,6683843.323,1.7e+07,6832290.969,14600000
"PC(18:0_16:0)",3.98e+08,3.6e+08,1.82e+08,3.56e+08,1.4e+08,2.62e+08
"PC(18:0_18:0)",97700000,66600000,1.03e+08,64600000,1.18e+08,60800000
"PC(18:0_18:1)",1.08e+09,8.21e+08,5.32e+08,9.28e+08,4.85e+08,9.05e+08
"PC(18:0_20:4)",1.64e+08,1.5e+08,92300000,1.45e+08,74300000,1.32e+08
"PC(18:0_22:5)",3.64e+08,2.31e+08,2.4e+08,2.51e+08,4.86e+08,2.14e+08
"PC(18:0)",1064645.899,71037.7656,34700000,40794.9669,342412.8378,98472.791
"PC(18:1_14:0)",539860.2687,1191483.293,277684.227,330969.923,76288.554,303175.995
"PC(18:1_18:1)",7.1e+09,6.38e+09,4.19e+09,6.19e+09,3.7e+09,5.97e+09
"PC(18:1_18:2)",3.28e+08,2.73e+08,1.46e+08,2.89e+08,1.31e+08,2.48e+08
"PC(18:1_20:3)",79800000,70400000,4.3e+07,1.6e+08,77200000,1.57e+08
"PC(18:1_20:4)",3.69e+08,3.19e+08,1.96e+08,4.6e+08,2.25e+08,4.25e+08
"PC(18:1_20:5)",20500000,20300000,9327475.469,59200000,32400000,5.2e+07
"PC(18:1_22:1)",1254482.408,1401421.24,617630.942,3033766.389,418907.458,812881.712
"PC(18:1_22:4)",55700000,40900000,24800000,1.18e+08,57900000,1.13e+08
"PC(18:1)",542420.781,41247.585,61300000,8249.517,3461102.94,8249.517
"PC(18:1e_18:1)",1.69e+08,1.37e+08,72100000,1.22e+08,58200000,1.19e+08
"PC(18:1e_20:4)",9e+07,77900000,46300000,67100000,28200000,64100000
"PC(20:0)",6074039.476,813985.551,15600000,92751.517,2529441.392,1469210.449
"PC(20:1_18:1)",2.26e+09,1.13e+09,1.45e+09,1.11e+09,3.38e+09,1.28e+09
"PC(30:0)",9.56e+08,6e+08,9.28e+08,6.21e+08,1.06e+09,6.45e+08
"PC(30:1)",1152623.125,1471647.189,408822.8082,11800000,6408868.249,1.1e+07
"PC(30:1e)",82200000,50100000,63300000,55400000,1.15e+08,54800000
"PC(32:0)",5.32e+09,3.88e+09,5.07e+09,3.85e+09,5.4e+09,3.75e+09
"PC(32:0e)",4.1e+08,2.59e+08,4.21e+08,3.1e+08,5.28e+08,3.06e+08
"PC(32:1)",2.95e+09,1.69e+09,2.14e+09,1.86e+09,3.55e+09,1.84e+09
"PC(32:1e)",1.86e+08,1.07e+08,1.48e+08,1.49e+08,3.94e+08,1.41e+08
"PC(32:2)",4803162.64,4942761.155,5007035.439,43900000,1.75e+08,86500000
"PC(32:2e)",21900000,14200000,14100000,17300000,38100000,17500000
"PC(32:3)",1094119.371,771569.956,863066.805,7599549.027,4458025.161,5854719.359
"PC(34:0)",376735.377,0.238,5402615.6,23215.748,313235.306,187021.601
"PC(34:1)",2.01e+10,1.56e+10,1.74e+10,1.73e+10,2.27e+10,1.61e+10
"PC(34:1e)",1.33e+09,7.84e+08,1.05e+09,9.14e+08,1.96e+09,8.67e+08
"PC(34:2)",2.65e+09,2.21e+09,3.5e+09,3.47e+09,6.3e+09,3.37e+09
"PC(34:2e)",8.96e+08,5.5e+08,7.13e+08,7.1e+08,1.99e+09,7.52e+08
"PC(34:3)",1.79e+08,1.56e+08,1.73e+08,1.62e+08,1.58e+08,1.59e+08
"PC(34:3e)",41500000,22300000,27500000,24200000,70300000,24400000
"PC(34:4)",30900000,20200000,26900000,62900000,1.24e+08,58400000
"PC(34:4e)",15100000,12500000,18800000,13600000,2.1e+07,13100000
"PC(34:5e)",15600000,10300000,15700000,7758363.239,18500000,8054712.479
"PC(36:0e)",45503.018,9100.6036,90743.448,9100.6036,42200000,85478.25
"PC(36:1)",4.36e+09,2.57e+09,3.87e+09,3.26e+09,7.57e+09,3.03e+09
"PC(36:1e)",73400000,46400000,70400000,59800000,1.33e+08,56800000
"PC(36:2)",234304.8606,301258.6983,861270.0102,639112.749,372406.6125,217443.63
"PC(36:3)",4.33e+09,2.59e+09,2.45e+09,2.44e+09,4.29e+09,2.45e+09
"PC(36:3e)",2.28e+08,1.43e+08,1.71e+08,1.86e+08,5.74e+08,2.14e+08
"PC(36:4)",1.39e+09,9.35e+08,1.05e+09,1.04e+09,1.89e+09,8.5e+08
"PC(36:4e)",2.78e+08,1.64e+08,2.18e+08,1.35e+08,3.06e+08,1.3e+08
"PC(36:5)",58900000,41300000,52900000,75300000,1.46e+08,63900000
"PC(36:5e)",7.05e+08,5.18e+08,6.45e+08,5.53e+08,9.36e+08,5.86e+08
"PC(36:6)",11700000,5055299.522,5542807.757,1.5e+07,563478.465,14200000
"PC(36:6e)",1.82e+09,1.44e+09,1.66e+09,1.49e+09,2.81e+09,1.42e+09
"PC(36:7e)",3960649.699,1961345.922,4316295.813,1339034.949,3383863.289,2240401.482
"PC(38:1)",84600000,67200000,60300000,1.34e+08,2.67e+08,32500000
"PC(38:2)",59500000,3.4e+07,3e+07,25500000,57300000,29900000
"PC(38:2e)",21500000,13600000,3e+07,14200000,29400000,1.6e+07
"PC(38:3)",5.88e+08,3.4e+08,3.48e+08,4.37e+08,8.96e+08,4.26e+08
"PC(38:4)",1.25e+09,8.37e+08,8.4e+08,9.18e+08,1.56e+09,7.32e+08
"PC(38:4e)",46700000,26500000,37300000,29900000,61600000,27200000
"PC(38:5)",2.36e+09,1.51e+09,1.81e+09,2.38e+09,5.2e+09,2.08e+09
"PC(38:5e)",6.34e+08,2.89e+08,3.62e+08,2.28e+08,5.21e+08,2.02e+08
"PC(38:6)",2.84e+08,1.88e+08,2.06e+08,2.01e+08,4.08e+08,1.84e+08
"PC(38:6e)",5.22e+08,3.18e+08,3.83e+08,2.68e+08,8.06e+08,3e+08
"PC(38:7e)",4.04e+08,2.49e+08,2.47e+08,1.32e+08,2.93e+08,1.52e+08
"PC(40:1)",47100000,27400000,1278427.382,2.5e+07,17100000,18500000
"PC(40:3)",52200000,27600000,30200000,36200000,97100000,42500000
"PC(40:4)",34400000,20900000,23900000,47300000,1.27e+08,44900000
"PC(40:4e)",61600000,46900000,45500000,4.3e+07,81600000,35900000
"PC(40:5)",2.44e+08,1.39e+08,1.74e+08,4.3e+08,9.85e+08,4.03e+08
"PC(40:5e)",31700000,15900000,15100000,1.5e+07,41900000,17400000
"PC(40:6)",5.2e+08,3.44e+08,3.4e+08,7.04e+08,1.36e+09,6.58e+08
"PC(40:6e)",1.37e+08,77700000,91700000,61500000,1.59e+08,66700000
"PC(40:7)",7.26e+08,4.44e+08,5.32e+08,1.14e+09,2.4e+09,1.1e+09
"PC(40:7e)",1.19e+08,67900000,83800000,32400000,73400000,32900000
"PC(40:8e)",1.76e+08,1.01e+08,1.1e+08,58100000,1.42e+08,72600000
"PC(42:10)",1.8e+07,11100000,15300000,3.6e+07,69500000,3.5e+07
"PC(42:3)",25500000,15800000,8038663.412,3754542.149,33400000,16700000
"PC(42:4)",10400000,6928874.848,7504529.851,18200000,63900000,17300000
"PC(42:5)",77500000,45800000,47700000,1.55e+08,4.05e+08,1.58e+08
"PC(42:6)",1.94e+08,1.23e+08,1.3e+08,3.09e+08,6.99e+08,3.18e+08
"PC(42:6e)",46300000,21500000,32300000,22700000,40300000,14200000
"PC(42:7)",22500000,12700000,11400000,11700000,28700000,12600000
"PC(42:7e)",11500000,8459988.608,14300000,4757767.895,16700000,5242281.895
"PC(42:8)",993632.2071,260610.198,36055.90224,510127.3092,1761841.515,180279.5112
"PC(42:9)",9203474.934,5163916.18,6832452.743,16800000,46400000,12200000
"PC(44:10)",1507861.18,884539.225,1368686.276,3635476.731,9183040.703,3307569.153
"PC(44:5)",9127732.731,6086707.185,7230672.966,21500000,62300000,21100000
"PC(44:6)",12200000,7788808.031,7752380.867,1.7e+07,49600000,19600000
"PE(14:0_20:4)",860110.153,575841.288,606152.084,1376286.102,3931809.901,1134836.353
"PE(16:0_16:0)",59300000,4e+07,49700000,44600000,70400000,45100000
"PE(16:0_16:1)",47300000,18100000,4.6e+07,35700000,46300000,44400000
"PE(16:0_18:1)",9.02e+08,6.54e+08,5.65e+08,6.69e+08,1.06e+09,6.02e+08
"PE(16:0_18:2)",9559308.283,6412984.96,7564913.794,8319248.851,19200000,8330769.566
"PE(16:0_20:4)",6.22e+08,4.26e+08,4.18e+08,4.7e+08,6.54e+08,4.31e+08
"PE(16:0_22:6)",88500000,54300000,62800000,74600000,1.54e+08,72300000
"PE(16:0p_18:1)",1.9e+08,1.41e+08,1.49e+08,1.41e+08,3.2e+08,1.55e+08
"PE(16:0p_20:4)",5.3e+08,3.32e+08,3.77e+08,2.95e+08,7.77e+08,3.36e+08
"PE(16:1_18:1)",52800000,61400000,81800000,66200000,1.4e+08,63500000
"PE(16:1e_20:4)",4.71e+08,4.25e+08,2.55e+08,3.92e+08,1.59e+08,3.93e+08
"PE(16:1e_22:4)",78300000,61200000,39600000,78100000,31100000,80400000
"PE(16:1e_22:5)",2366767.091,581247.012,116249.4024,869587.2408,116249.4024,1521800.3
"PE(18:0_16:0)",45300000,31200000,31500000,34300000,48700000,33400000
"PE(18:0_16:1)",12100000,5074367.248,18200000,6907630.059,7098097.372,1744844.051
"PE(18:0_18:1)",1.24e+09,8.13e+08,8.82e+08,8.51e+08,1.9e+09,7.52e+08
"PE(18:0_20:2)",2.34e+08,1.71e+08,1.72e+08,2.02e+08,4.82e+08,1.84e+08
"PE(18:0_20:3)",81900000,66800000,38700000,53700000,29900000,65400000
"PE(18:0_20:4)",1.25e+09,8.22e+08,9.26e+08,8.33e+08,1.91e+09,7.81e+08
"PE(18:0_20:5)",94300000,83900000,51100000,83200000,38200000,86400000
"PE(18:0_22:3)",4646774.253,4425288.04,2385771.336,3692832.642,1958161.364,4359555.372
"PE(18:0_22:4)",56600000,3.7e+07,44100000,50600000,1.2e+08,43200000
"PE(18:0_22:5)",2.37e+08,1.79e+08,1.8e+08,2.04e+08,4.87e+08,2.02e+08
"PE(18:0_22:6)",3.57e+08,2.39e+08,2.51e+08,2.43e+08,4.97e+08,2.53e+08
"PE(18:1_14:0)",37600000,2020234.088,15800000,4127739.981,35100000,22500000
"PE(18:1_18:1)",3.32e+09,2.08e+09,2.06e+09,1.79e+09,3.51e+09,1.55e+09
"PE(18:1_18:2)",1.35e+08,82900000,86400000,72600000,1.42e+08,69400000
"PE(18:1_20:2)",4.87e+08,3.13e+08,2.84e+08,3.97e+08,6.3e+08,3.72e+08
"PE(18:1_20:3)",5.16e+08,3.22e+08,3.49e+08,2.81e+08,7.27e+08,2.9e+08
"PE(18:1_20:4)",1.81e+09,1.21e+09,1.16e+09,1.25e+09,1.78e+09,1.22e+09
"PE(18:1_20:5)",2.4e+07,15800000,17100000,21600000,50100000,2e+07
"PE(18:1_22:1)",1.26e+08,90400000,93300000,59200000,1.01e+08,49900000
"PE(18:1_22:2)",25700000,14700000,1.4e+07,18500000,45600000,18900000
"PE(18:1_22:4)",90600000,65600000,6.8e+07,86300000,1.71e+08,81400000
"PE(18:1_22:5)",4.87e+08,3.13e+08,2.84e+08,3.97e+08,6.78e+08,3.72e+08
"PE(18:1_22:6)",5.16e+08,3.22e+08,3.49e+08,2.8e+08,6.89e+08,2.89e+08
"PE(18:1_24:0)",1.6e+07,9971455.602,8718799.531,7572302.068,2442381.764,4422054.229
"PE(18:1e_18:1)",41700000,36900000,24800000,42700000,19200000,46800000
"PE(18:1e_22:5)",1.12e+08,95500000,57900000,1.07e+08,40600000,1.03e+08
"PE(18:1p_22:4)",70100000,44200000,46800000,2.7e+07,1.08e+08,37600000
"PE(18:1p_22:5)",2.5e+08,1.66e+08,1.67e+08,1.11e+08,3.57e+08,1.33e+08
"PE(18:2_22:6)",7841798.104,6853042.851,3796419.501,8579072.008,3108517.585,7052010.84
"PE(20:0_18:1)",2.2e+07,50700000,31800000,10800000,5941785.834,12200000
"PE(20:0_20:4)",11700000,8883339.03,7703594.821,9804674.567,20400000,7167051.413
"PE(20:1_18:1)",2.64e+08,1.8e+08,1.68e+08,1.57e+08,3.18e+08,1.38e+08
"PE(20:1_22:6)",37500000,25200000,25600000,24500000,51100000,27300000
"PE(22:1_20:4)",12100000,6945484.318,6498275.949,3996982.772,10500000,5683697.795
"PE(34:1)",1e+08,79100000,65500000,8.1e+07,85200000,77900000
"PE(34:1e)",1.7e+07,14100000,763518.0498,8417065.118,6337086.794,14900000
"PE(34:2)",7634543.891,4842409.068,6194795.212,5333773.074,6487888.377,5698128.805
"PE(36:1e)",2781105.759,2234252.87,507476.115,39808.71,4118591.433,1795781.424
"PE(36:6e)",5146091.235,5222481.087,2962162.132,3625281.479,7701149.042,6115310.312
"PE(38:5e)",43200000,28900000,27600000,23500000,38200000,26700000
"PE(38:6)",8766847.933,7179622.71,5459528.509,9143202.194,8797431.59,1e+07
"PE(38:6e)",1.08e+08,76700000,72800000,59300000,97700000,69900000
"PE(40:5)",39900000,28800000,22300000,31400000,42300000,32700000
"PE(40:5e)",8207767.156,5672695.618,3353175.616,4676391.693,6587624.747,5651111.278
"PE(40:6)",35700000,23700000,19600000,30500000,44700000,29200000
"PE(40:6e)",21200000,13500000,12800000,11900000,19900000,15100000
"PE(40:7e)",37700000,29500000,25300000,18800000,39800000,23600000
"PE(40:8e)",46500000,2.9e+07,2.6e+07,10900000,22900000,14300000
"PG(16:0_16:0)",44300000,28300000,25900000,27700000,42100000,73100000
"PG(16:0_18:1)",2.65e+08,2.06e+08,1.28e+08,1.65e+08,1.28e+08,2.62e+08
"PG(16:1_18:1)",5509946.702,3908573.22,1822648.368,4236675.06,2733166.461,5489179.569
"PG(18:1_18:1)",1.95e+08,1.56e+08,1.17e+08,1.09e+08,57400000,1.13e+08
"PG(18:1_18:2)",17900000,13400000,7333089.849,8042983.579,3521400.514,7470511.686
"PG(18:1_20:3)",11600000,9299714.556,3977264.238,9722841.573,3337052.684,7716192.138
"PG(18:1_20:4)",33100000,2.8e+07,2.7e+07,9424356.901,14300000,10800000
"PG(18:1_20:5)",5366792.871,4296193.062,2397695.188,8540103.576,3047663.638,6830700.125
"PG(18:1_22:4)",1e+07,6322679.662,3916821.257,11100000,5199426.093,1.2e+07
"PG(18:1_22:5)",12800000,6798046.385,8047656.851,13800000,2.8e+07,12600000
"PG(18:1_22:6)",1.24e+08,92800000,52900000,1.4e+08,54600000,1.13e+08
"PG(18:2_22:6)",3104196.489,1991677.569,2012918.792,4920185.845,19700000,4485800.095
"PG(20:3_22:6)",2457440.742,1692264.683,2864368.62,3981344.176,12800000,4993352.289
"PG(20:4_22:6)",5536788.856,3963315.849,4470861.467,11900000,37100000,13300000
"PG(20:5_22:6)",766655.508,590700.833,328440.854,2986327.018,8218839.418,3251245.953
"PG(22:4_22:6)",2592799.199,1255075.702,1007444.68,10200000,3898586.848,7924702.5
"PG(22:5_22:5)",143644.11,39418.908,7883.7816,743727.458,2378381.484,971704.62
"PG(22:5_22:6)",3134131.802,2296986.624,2722777.39,9817298.704,23100000,8884327.675
"PG(22:6_22:6)",3.1e+07,25800000,1.3e+07,1.91e+08,23600000,7.5e+07
"PI(16:0_20:4)",4998042.315,3306336.362,2515796.799,2393073.216,4920136.722,12400000
"PI(16:1_18:1)",1545206.079,826072.391,605249.058,291257.031,976573.168,5008639.94
"PI(18:0_18:1)",73800000,39900000,38100000,11700000,65600000,1.57e+08
"PI(18:0_20:3)",7518050.321,4531314.814,4018115.839,1095705.735,4828309.693,13300000
"PI(18:0_20:4)",1.39e+08,82500000,72400000,30800000,77600000,1.94e+08
"PI(18:0_22:6)",5781196.02,8532163.176,3389441.595,2122809.352,424561.8704,3143381.065
"PI(18:1_18:1)",355774.737,270250.3425,37113.43746,437248.2054,382431.4506,185567.1873
"PI(18:1_18:2)",5899386.549,4857054.74,3471537.953,16200000,10500000,21600000
"PI(18:1_20:3)",31316.75076,681889.3122,156583.7538,891098.2671,205056.1044,998492.7144
"PI(18:1_20:4)",84200000,62500000,46100000,85300000,1.28e+08,2.97e+08
"PI(18:1_20:5)",1409659.164,691133.667,674018.389,4280167.263,4979179.976,9742834.122
"PI(18:1_22:5)",5377040.708,3845955.351,3042640.53,4448525.276,6601362.391,16200000
"PS(26:0)",19389.1932,4642.4202,928.48404,928.48404,6922.2258,67635.967
"PS(26:1)",7827756.491,8521678.285,4519808.202,2688342.748,4476956.903,6741764.164
"PS(26:2e)",9885774.408,10100000,4638303.387,3117022.073,6980937.425,8784401.972
"PS(36:3e)",5047003.135,4513716.083,2948061.614,1501435.196,5189497.423,4100071.396
"PS(38:1e)",6745116.59,6370045.603,3872497.14,9633830.219,3112734.694,7860820.451
"PS(38:4)",1.59e+08,1.5e+08,1.3e+08,1.3e+08,91100000,1.26e+08
"PS(38:4e)",4704354.76,3826694.662,2748633.433,3762427.243,1658665.675,3386022.125
"PS(38:5e)",16700000,14100000,8661349.686,9913345.551,4827684.979,12500000
"PS(40:7)",37800000,35200000,19900000,37700000,17300000,35200000
"PS(40:8)",1532443.533,1939203.133,2436159.183,4340193.235,2032392.141,4743119.838
"PS(42:9e)",15500000,15700000,9385549.095,13400000,5403886.498,11400000
"SM(d18:1_24:1)",4.79e+09,3.24e+09,2.56e+09,1.18e+09,2.2e+09,1.04e+09
"SM(d32:0)",39100000,26300000,34400000,30700000,5.4e+07,26600000
"SM(d32:1)",4.06e+08,3.06e+08,3.24e+08,3.04e+08,6.24e+08,3.15e+08
"SM(d32:2)",12800000,9149582.903,8240675.461,11300000,22500000,9182389.011
"SM(d34:0)",4.86e+08,3.01e+08,4.84e+08,4.19e+08,7.46e+08,3.73e+08
"SM(d34:1)",2.2e+09,1.93e+09,1.18e+09,1.59e+09,9.75e+08,1.9e+09
"SM(d34:2)",3.44e+08,3.2e+08,3.73e+08,3.01e+08,7.78e+08,3.37e+08
"SM(d36:0)",23300000,13600000,25300000,16300000,34600000,16600000
"SM(d36:1)",7.15e+08,3.87e+08,6.08e+08,4.61e+08,6.97e+08,4.29e+08
"SM(d36:2)",66200000,3.36e+08,3.26e+08,4.23e+08,7.14e+08,3.9e+08
"SM(d36:3)",1.1e+07,8718369.29,3639312.701,13100000,31100000,13900000
"SM(d38:1)",99300000,53100000,83600000,53600000,1.16e+08,47700000
"SM(d38:2)",72200000,39500000,41300000,2.7e+07,63100000,23500000
"SM(d38:4)",42900000,38300000,28500000,38300000,33900000,38200000
"SM(d40:1)",4.47e+08,3.26e+08,4.27e+08,2.8e+08,3.27e+08,2.53e+08
"SM(d40:2)",3.29e+08,1.87e+08,2.29e+08,1.38e+08,3.34e+08,1.27e+08
"SM(d42:1)",4.66e+08,3.09e+08,3.34e+08,2.69e+08,2.26e+08,2.83e+08
"SM(d42:2)",1.61e+09,1.24e+09,9.33e+08,9.7e+08,2.76e+08,5.64e+08
"SM(d42:3)",7.9e+08,4.43e+08,5.07e+08,3.02e+08,8.26e+08,2.74e+08
"SM(d42:4)",32400000,21600000,24800000,28500000,81300000,26400000
"SM(d42:5)",40600000,22600000,33600000,79400000,2.15e+08,75900000
"SM(d42:6)",34300000,20200000,40500000,81200000,1.93e+08,7.8e+07
"SM(d44:2)",27700000,18200000,17200000,7989981.955,18200000,6619653.443
"SM(d44:3)",1.67e+08,1.03e+08,1.04e+08,33600000,50500000,30200000
"SM(d44:4)",12100000,5363026.202,4425346.411,6485512.069,19100000,6159596.098
"SM(d44:5)",11700000,7633038.549,9624260.426,13500000,3.2e+07,12400000
"SM(d44:6)",1.1e+08,65100000,48600000,34200000,58900000,38100000
"SM(d44:7)",2954445.916,1322114.828,12400000,6181264.896,1.3e+07,5812668.585
"SM(t34:1)",5427384.447,2185224.933,17500000,2047895.232,6929476.564,1903739.968
"SM(t34:2)",9960538.669,6119117.436,5045563.053,6846220.668,21800000,6484787.601
"SPH(d22:0)",2.51e+08,1.97e+08,3.6e+08,3.47e+08,2.32e+08,2.59e+08
"SPH(t18:0)",1.7e+08,91100000,1.51e+08,7.9e+07,1.65e+08,1.41e+08
"TG(14:1e_10:1_10:1)",139285.766,0.307,13400000,0.0614,6690644.791,0.0614
"TG(16:0_14:0_18:1)",3.15e+08,2.37e+08,6.67e+08,1.24e+08,2.19e+08,1.44e+08
"TG(16:0_16:0_16:0)",690277.4184,181060.8792,62500000,202650.795,36212.17584,36212.17584
"TG(16:0_16:0_18:1)",8.05e+08,5.9e+08,2.56e+09,2.42e+08,6.45e+08,2.44e+08
"TG(16:0_16:0_18:2)",82851.69,0.352,1.2e+07,0.352,0.352,1.76
"TG(16:0_16:0_18:3)",608297.305,32156.445,62100000,47289.22,6431.289,6431.289
"TG(16:0_18:1_18:1)",5.59e+09,4.72e+09,7.96e+09,1.19e+09,1.36e+09,1.11e+09
"TG(16:0_18:1_18:2)",3913830.077,80925.945,1.24e+08,16185.189,597694.579,16185.189
"TG(16:0_18:1_20:4)",8.47e+08,7.67e+08,7.65e+08,2.58e+08,3.14e+08,2.36e+08
"TG(16:0_18:1_22:1)",2.98e+08,2.12e+08,2.64e+08,29400000,12900000,27800000
"TG(16:0_18:1_22:6)",1.01e+09,7.56e+08,7.06e+08,2.26e+08,2.65e+08,1.95e+08
"TG(16:0_6:0_10:1)",138217.913,5908.12866,26800000,29540.6433,5886221.738,48426.9
"TG(16:0_6:0_12:0)",146798.4798,21140.8638,37400000,39027.23,329099.8395,55714.4298
"TG(16:0_8:0_10:1)",389627.768,11094.9272,24900000,55474.636,11094.9272,11094.9272
"TG(16:1_18:1_18:1)",6.1e+09,4.64e+09,4.75e+09,6.94e+08,1.71e+09,6.59e+08
"TG(16:1_18:1_18:2)",4.39e+08,3.59e+08,2.81e+08,1.69e+08,7.3e+08,1.81e+08
"TG(16:1_18:1_18:3)",4.27e+08,2.94e+08,2.9e+08,1.16e+08,4.54e+08,1.13e+08
"TG(16:1_18:1_20:4)",7.41e+08,4.49e+08,3.01e+08,1.94e+08,3.2e+08,68900000
"TG(18:0_16:0_16:0)",9.8e+07,9.3e+07,2.86e+08,71300000,64800000,86100000
"TG(18:0_16:0_18:1)",5.64e+08,3.64e+08,1.14e+09,1.58e+08,1.61e+08,1.46e+08
"TG(18:0_18:1_18:1)",5.64e+09,4.2e+09,4.46e+09,4.77e+08,3.33e+08,4.42e+08
"TG(18:0_18:1_20:4)",2.98e+08,4.03e+08,2.99e+08,1.37e+08,2.16e+08,1.12e+08
"TG(18:1_14:0_18:1)",2.46e+09,1.77e+09,3.16e+09,3.41e+08,3.38e+08,2.97e+08
"TG(18:1_18:1_18:1)",5.38e+10,4.46e+10,4.09e+10,8.74e+09,8.26e+09,7.95e+09
"TG(18:1_18:1_18:2)",7.27e+09,5.34e+09,5.05e+09,6.98e+08,1.39e+09,6.84e+08
"TG(18:1_18:1_20:2)",1.52e+09,1.23e+09,1.04e+09,2.25e+08,2.41e+08,2.26e+08
"TG(18:1_18:1_20:3)",5.74e+09,4.29e+09,4.27e+09,1.03e+09,1.18e+09,8.24e+08
"TG(18:1_18:1_20:4)",9.67e+09,7.69e+09,8.07e+09,2.01e+09,3.01e+09,1.68e+09
"TG(18:1_18:1_20:5)",2.95e+09,2.13e+09,1.7e+09,5.93e+08,8.63e+08,4.95e+08
"TG(18:1_18:1_22:1)",3.75e+09,2.41e+09,2.18e+09,1.44e+08,69700000,1.5e+08
"TG(18:1_18:1_22:3)",1.93e+09,1.43e+09,9.43e+08,2.3e+08,2.35e+08,2.12e+08
"TG(18:1_18:1_22:4)",5.4e+09,4.19e+09,4e+09,1.46e+09,1.79e+09,1.29e+09
"TG(18:1_18:1_22:5)",6.82e+09,5.53e+09,5.07e+09,1.93e+09,2.64e+09,1.65e+09
"TG(18:1_18:1_22:6)",3943206.203,2418016.282,782857.3653,386685.225,37782.675,188913.375
"TG(18:1_18:1_24:1)",44800000,52800000,1844903.678,59670.6032,298353.016,1945718.956
"TG(18:1_18:1_24:2)",44700000,16700000,24600000,203129.938,35396.3368,176981.684
"TG(18:1_18:2_18:2)",1.07e+09,8.17e+08,7.85e+08,2.52e+08,1.5e+09,2.53e+08
"TG(18:1_18:2_22:6)",1.08e+09,8e+08,5.62e+08,2.2e+08,4.34e+08,1.81e+08
"TG(18:1_20:4_22:5)",9.81e+08,7.06e+08,5.92e+08,3.23e+08,5.38e+08,2.46e+08
"TG(18:1_20:4_22:6)",9.39e+08,5.33e+08,5.75e+08,2.48e+08,2.76e+08,1.46e+08
"TG(18:1_22:1_22:4)",4.37e+08,3.05e+08,2.79e+08,37900000,56300000,59300000
"TG(18:1_22:1_22:5)",9.89e+08,6.38e+08,5.75e+08,1.21e+08,1.18e+08,1.19e+08
"TG(18:1_22:4_22:4)",2.81e+08,2.24e+08,1.87e+08,1.91e+08,2.85e+08,1.7e+08
"TG(18:1_22:5_22:6)",4.28e+08,2.98e+08,2.37e+08,1.33e+08,2.54e+08,1.15e+08
"TG(18:1e_18:1_18:1)",4.29e+08,2.77e+08,2.65e+08,1.1e+07,4298606.361,11600000
"TG(18:2_18:2_18:2)",1.97e+08,1.68e+08,50100000,11600000,1.85e+09,88200000
"TG(20:1_18:1_18:1)",13200000,4667630.566,7301984.562,205329.433,41065.8866,364140.826
"TG(20:1_18:1_22:4)",2.7e+09,1.98e+09,1.75e+09,3.77e+08,3.83e+08,3.46e+08
"TG(20:1_18:1_22:5)",6.17e+09,4.53e+09,4e+09,8.2e+08,1.24e+09,8.19e+08
"TG(34:2)",88672.113,17734.4226,25300000,17734.4226,573428.5092,17734.4226
"TG(4:0_18:1_18:1)",2.1e+07,13500000,9242252.188,16286.302,16286.302,81431.51
"TG(40:6e)",27100000,17600000,2.4e+07,60700000,2.09e+08,57800000
"TG(44:6e)",2300985.312,732757.827,16700000,4511072.474,10700000,4307285.353
"TG(8:0_10:1_18:1)",102878.38,3221.364,19100000,16106.82,3221.364,3221.364
"TG(8:0_18:1_18:1)",14900000,9993624.721,2441687.565,94029.7926,20300000,470148.963
"TG(8:0_8:0_10:0)",6583548.037,177167.7675,1951152.539,119406.4725,56800000,319975.9704
"TG(8:0_8:0_8:0)",2345915.75,18700000,21600000,6593790.654,7867633.735,1707109.1
