"lipidName","SXY_FDUhhuang_191_pos","SXY_FDUhhuang_197_pos","SXY_FDUhhuang_221_pos","SXY_FDUhhuang_270_pos","SXY_FDUhhuang_283_pos","SXY_FDUhhuang_428_pos","SXY_FDUhhuang_429_pos","SXY_FDUhhuang_430_pos","SXY_FDUhhuang_433_pos","SXY_FDUhhuang_439_pos","SXY_FDUhhuang_444_pos","SXY_FDUhhuang_445_pos","SXY_FDUhhuang_450_pos","SXY_FDUhhuang_454_pos","SXY_FDUhhuang_461_pos","SXY_FDUhhuang_464_pos","SXY_FDUhhuang_472_pos"
"DG 18:0",21578,2392,3551,1347026,24337,92848,481655,169292,74713,3049,66391,6903,2178,227775,61578,22417,10483
"DG 24:2|DG 8:0_16:2",7842,7521,3986,352414,10802,610615,287999,120137,26741,12804,551828,6377,4954,740195,444194,4976,6283
"DG 26:2",4450572,4255544,1702383,6013222,621511,2202846,10122259,11410475,9950663,2264968,13637027,2111786,2866352,1939514,3063948,1726833,3060220
"DG 26:4",956,4083,4553,27255,960,407611,40151,23425,34763,5586,413017,1841,3458,231248,159151,3555,853
"DG 28:1|DG 10:0_18:1",998,5490,2248,232714,3186,74968,116683,474548,120288,8623,35807,764,334,203850,72960,381,722
"DG 30:0|DG 14:0_16:0",517653,501528,185869,501294,261353,276525,1003418,771672,774591,142099,675573,86653,108587,250556,988813,60029,228235
"DG 32:1|DG 14:0_18:1",558389,1565751,56837,1158943,175667,6131950,1637430,3226180,3482054,361242,1570572,24131,8945,1940867,4371222,512825,50254
"DG 32:1|DG 16:0_16:1",126019,322825,21004,234731,102882,6870200,345969,3359209,3304108,73639,9907906,22883,81021,1856026,925880,465190,238107
"DG 32:2|DG 14:0_18:2",160132,295991,32761,536301,28276,5115664,523826,636403,850080,7750,8939408,1150,11701,1289728,4464124,46497,16059
"DG 32:3|DG 14:0_18:3",849,4423,1154,17102,1459,1013478,5167,7834,16150,26,1105623,689,1046,48710,352952,2979,859
"DG 32:8",76826,148003,97441,411585,91135,260963,543458,118177,115000,90524,11178924,102331,259086,216418,145546,92710,80392
"DG 34:2|DG 16:1_18:1",430971,731515,73814,1779653,200504,1181192,2043989,4856264,3379393,330213,1366797,12457,75054,357561,1131860,1555466,361006
"DG 34:4|DG 16:2_18:2",NA,5131,NA,11168,NA,936903,19604,43440,30342,NA,1375319,1370,NA,60936,363758,NA,NA
"DG 34:5",38257,121397,50311,118680,196111,69120,141841,414048,102335,55377,131880,264715,32486,45819,112261,33639,159106
"DG 34:9",1761,1230,1255,158372,281,4531506,253331,11643,185699,328,5657482,367,609,333463,1735856,28,291
"DG 36:10",1509906,94242,559287,678641,186570,1003855,509526,283332,1056533,96886,151018,673463,198739,587218,97151,1840771,119630
"DG 36:6|DG 18:3_18:3",5854,13050,4810,106943,5680,963992,116703,24577,90419,8111,1245691,7531,8789,193916,539946,3591,9221
"DG 36:9",71539,76961,20314,187745,23415,16854,1202802,75634,407216,41680,38095,9839,58456,13077,107852,25833,37455
"DG 38:0|DG 18:0_20:0",687506,204697,1625230,232627,527148,1045230,681461,330081,2207210,436446,1372433,343406,1012404,1899860,884372,141568,393420
"DG 38:1|DG 18:0_20:1",22474,131,102690,6636,52332,2789909,475880,483914,59672,585676,2909467,11438,102924,2352686,3370418,17723,101858
"DG 38:1|DG 20:0_18:1",201245,361610,23296,318003,154982,10519888,467999,301655,1873652,625662,13090950,29359,219354,2337924,5147878,435484,39226
"DG 38:10",109783,109386,105873,112099,160941,124789,184583,222684,30486,122213,257744,85972,93639,120269,141903,78879,121044
"DG 38:2|DG 20:0_18:2",348899,72003,64745,549536,36046,23924646,645327,223580,1929511,105661,30201418,3867,18675,3042449,8011206,40883,75091
"DG 38:3|DG 20:0_18:3",36528,7123,16672,86159,21509,1563612,94677,39871,246726,3948,2121324,4367,13364,361473,489591,5571,19935
"DG 38:3|DG 20:1_18:2",173755,342853,21699,616552,100494,6479681,551655,624423,1055567,30249,9883860,4111,31918,1394531,2415264,132517,45210
"DG 38:4",64904,40584,42830,74979,61551,86988,81026,152762,134918,98054,94326,71924,60177,61909,74894,95570,72189
"DG 38:5|DG 16:0_22:5",5120,883185,1282,22312,1222,10723,395732,221262,16066,1279002,49542,289,336,11991,658876,4104,5241
"DG 38:5|DG 18:1_20:4",579769,1774382,60094,291104,106756,201272,690442,216002,2241042,43344,101780,11884,61214,435031,102609,39273,20314
"DG 40:0|DG 20:0_20:0",713717,189247,488400,1446169,411114,1702624,2358039,1446221,2264406,137601,3145752,291575,529091,2450346,2592525,111283,453112
"DG 40:1|DG 22:0_18:1",134854,946611,88022,180738,34998,2610610,130059,150856,322429,1493969,4030052,52783,53533,2094411,3104167,61661,266772
"DG 40:10",14553,11932,9371,179527,9007,1713377,308415,30355,180020,22397,8445592,2562,4900,48040,1046366,7642,6750
"DG 40:2|DG 18:1_22:1",432351,36196,90450,78056,61692,280014,89838,106734,3148231,25990,515822,5844,167182,344020,80724,314546,150466
"DG 40:2|DG 22:0_18:2",111652,129670,44119,222212,113314,8782600,282704,45852,473754,254198,11681981,19573,51350,1558728,3114782,13260,70173
"DG 40:4|DG 20:2_20:2",2258,1794,5924,438942,898,353666,207172,1680932,442441,267,375298,1472,5121,723092,133710,932,1181
"DG 40:6|DG 16:0_24:6",300029,6204,162753,71055,197982,72335,272776,434270,90689,129061,11058,60332,123809,123490,13288,4089,167877
"DG 42:1|DG 24:0_18:1",908747,425975,77191,62460,40190,594278,86187,55382,911415,460532,650157,22588,32461,1093996,785186,17025,230309
"DG 42:2|DG 24:0_18:2",796028,104773,66407,829833,249568,4943830,1030222,199082,1884843,71413,4123160,35386,41830,2419018,2103514,6323,17844
"DG 44:2|DG 22:1_22:1",23573,3873,8401,66233,29548,4256508,45738,19489,1027916,5420,2548718,6661,22285,154598,141189,6524,11296
"DG 44:6|DG 18:0_26:6",27837,189301,12835,11427,16989,102456,457942,82033,13559,594914,123538,10085,13243,239986,1063050,4502,34895
"DG 46:6|DG 16:0_30:6",101076,506489,38353,11222,29098,69723,765359,153932,107263,351656,80344,17376,28348,202436,401923,24149,70317
"DG 46:7|DG 18:1_28:6",45937,1049804,19757,40370,26903,69340,18863,127140,29803,877798,125234,10748,23276,189433,916292,42425,20684
"DG 48:7|DG 18:1_30:6",17024,2594654,3704,14880,28458,7495,40299,89271,117533,690094,102155,2387,6435,120773,970498,16183,10166
"DG 50:6|DG 8:0_42:6",53757,3243,16155,1337068,45303,22600890,952168,34410,125007,4458,4715662,721,17223,1877656,3319052,2364,10668
"DG 50:8|DG 18:2_32:6",36042,85258,9687,449840,10274,1421727,489971,70551,299256,204171,814290,11851,17486,909542,868627,20296,30924
"DG 50:8|DG 20:2_30:6",5920,206524,36732,70893,54024,1020096,60626,152690,93627,112893,950220,15074,29503,24065,565337,19028,16469
"DG 52:6|DG 24:3_28:3",8234,19162,71,111625,1028,21231,96309,652723,60376,16858,19374,NA,292,89440,27992,672,818
"LPC 20:0",20452,88024,17375,25941,133679,45454,32152,22554,484678,12734,133533,813,2115,144116,43970,26968,18247
"LPC 20:1",13418,114720,16904,38648,108909,29221,133134,56412,331753,37830,111119,3181,16605,109745,75058,18612,18198
"LPC 22:3",1832044,14671034,2016612,11721836,5871913,681617,2472488,1274553,11948541,2068856,20082446,9141937,2805142,10973469,16080629,5833565,4872186
"LPC 26:0",43401,37605,20349,101746,527964,56715,136908,114651,440136,349889,253770,21534,237710,255741,150636,25309,8986
"LPC 26:1",62048,598486,23727,87891,627272,13737,344118,21632,1496032,51040,5363,20686,137765,46668,23361,5152,7162
"LPC 26:2",101440,72561,81915,111181,158370,6134,89278,177446,76947,122418,67316,31352,72103,131065,97508,94181,67268
"LPC 28:0",227345,50956,196284,327280,205161,199047,144645,185084,187018,49370,460461,182190,161926,295100,153609,131841,53266
"LPE 18:0",134369,46818,84327,10006,97844,236194,120043,17927,378856,57244,146365,9729,23782,163277,124783,54529,107418
"MG 14:0",16120,8798,927,14371,16314,4627,19043,27672,5804,17785,NA,5849,12687,12144,34840,7552,760
"MG 16:2",18,6024,616,62556,NA,62226,24235,21288,3452,2526,304710,656,1029,231,108228,326,21
"MG 18:0",851021,519911,976387,1724586,1294518,1672523,3096150,1522665,2259902,1010289,2773634,329438,408599,1304667,3194079,325478,765304
"MG 18:1",10933,500754,793,1456587,3702,1635437,2340333,241840,52495,499020,4840560,1118,2606,159001,3569970,48701,4190
"MG 20:0",109709,105884,119325,77929,261430,53162,127350,165578,99512,245961,2645,83914,110980,170951,238522,160210,157266
"MG 22:1",235405,102384,340902,230650,500883,15672,175497,307312,220838,127661,19929,254638,379482,324903,210777,375509,381382
"PC 28:0",242001,458676,114335,319683,347089,60018,684254,677743,1744399,279681,497668,133812,403963,1513388,177821,231779,197689
"PC 30:0",654453,351974,208607,529024,816122,22034,1132016,711916,584891,246516,212977,926780,1524959,878990,147578,737196,646928
"PC 30:0|PC 14:0_16:0",27480718,45116432,12621903,18390944,30601608,8020580,39621720,25955136,61705560,24205242,22582780,14253722,38650404,48152132,20786162,13508336,14957002
"PC 34:2|PC 16:0_18:2",119513920,568404480,32453304,67193488,109566840,14437413,220700352,124098744,1446351232,80452128,116997320,66661256,111679288,154853568,96213912,71644984,62876456
"PC 34:4",296745,774104,116695,196101,362817,35736,1057370,323046,3719966,264739,194985,122580,303375,634428,295090,124217,106205
"PC 36:0|PC 18:0_18:0",464039,201831,242342,307701,517009,61339,181988,975211,211615,257338,239148,61188,174562,1952020,152405,178467,374088
"PC 36:2|PC 16:0_20:2",75086,996264,46075,136108,173389,2813,110882,168780,1363526,409929,20582,58334,118229,115359,279561,103868,121503
"PC 36:3|PC 16:0_20:3",87352184,209574304,22458572,33092506,88064728,6712955,133962440,36896660,417042848,42022464,35362888,18374714,83839024,95408928,49555192,26905950,21466562
"PC 36:4|PC 18:2_18:2",8634403,15771651,1285285,1995078,9602718,522946,13373060,3650322,85435728,3033295,3509407,1931174,2047516,10136109,7338824,1789642,1761567
"PC 36:5|PC 16:0_20:5",4759936,10127686,639011,672410,2694552,162973,6672390,2809727,33713452,1728131,1840310,538234,2397551,5169358,2560512,1316559,1517456
"PC 36:6",62736,284234,21759,36235,38604,24990,296213,100126,1906707,62092,93408,24899,42772,96703,35037,28859,26531
"PC 38:1|PC 18:0_20:1",2084692,6954104,1556241,3526539,11309451,99911,3207342,2172588,8363704,2223532,470354,1032220,8168934,3413634,636379,1124557,1134959
"PC 38:2|PC 18:1_20:1",6883727,1446640,3284079,2574904,10599033,140088,7756094,4688904,10181033,4898367,1816644,2733993,8376670,9455621,3610046,1435030,3094613
"PC 38:3|PC 18:0_20:3",80679120,191295712,14368535,29370620,83243944,453890,93466112,20584868,295280256,32833294,20706054,9219542,63325220,77195040,34542916,13296685,14548809
"PC 38:4|PC 16:0_22:4",27071082,55434580,9607830,16896494,38517612,2749572,47054640,12949686,68366584,15891097,12816696,9774853,30021228,34285100,18935744,6368312,7272298
"PC 38:4|PC 18:1_20:3",12955231,27774414,4913502,5376684,16599942,640205,18997618,6223429,44244168,6117720,2874167,2046085,13199181,14041913,8078230,3808013,3320644
"PC 38:6",1574471,3774126,416067,580917,2470535,31059,2255998,652362,12406017,617041,369772,1392932,3312350,1339459,370657,1363061,813568
"PC 38:6|PC 16:0_22:6",75221784,234684080,24347528,21680798,71907576,10860801,94229344,53430816,690998080,37870032,47460460,19636820,55436120,101443552,50303460,17663820,22565708
"PC 38:6|PC 18:2_20:4",2565036,8624869,300928,670302,2304210,63732,6837561,1736767,28565642,1098624,868510,490457,1191739,4053666,2130844,737023,555965
"PC 40:7|PC 18:1_22:6",9582471,17226570,3197057,2841955,8309409,1163715,10547194,5011801,30042632,4373418,3479234,2718131,5294758,10123828,5159213,2086890,2350796
"PC 42:0",142656,80140,88980,229479,172266,1944,240677,248604,47298,138850,978,39150,46733,118689,66714,60009,79857
"PC 42:1",113965,928979,49710,45847,608746,188,144795,212920,175954,1075776,2623,66627,523583,752403,834170,135053,147344
"PC 42:10",354971,1122757,72366,85812,222317,42380,957092,161305,2495452,177282,52978,48559,244874,197422,148115,74417,53476
"PC 42:4|PC 14:0_28:4",99,1121616,NA,1205,2418,2111,5717,4427,7467,72081,3787,226,40,4217,47581,NA,534
"PC 42:8|PC 22:3_20:5",614343,1603704,184006,276782,649307,44283,1517010,268563,1218658,580544,178760,154431,686906,501086,315782,88289,66780
"PC 44:10",248544,407528,59738,87030,259693,2406,441891,80046,425029,253161,10747,49202,225686,141042,34139,9104,52146
"PC 44:11",30637,57533,10765,7071,11885,NA,59381,7342,73333,20666,NA,2696,15746,4519,4273,2704,2528
"PC 44:12|PC 22:6_22:6",131271,333569,26714,19323,69176,11777,185060,55093,266253,90719,17531,19346,56632,81483,94380,17138,27901
"PC 44:2",78986,238757,109602,71306,470457,92978,234016,128582,171542,113030,53382,80476,416125,207492,92158,115326,107812
"PC 44:7",20277,162846,15784,32207,76779,90784,56489,12663,35574,182711,16095,5617,100834,40627,89386,9509,12726
"PC 44:9",32284,114137,35764,27425,54427,14658,112122,67236,38837,3141,68238,38771,31937,26333,55900,17478,2417
"PC 46:10",50081,104707,4203,20393,49140,5629,131030,46562,65715,81430,3973,30548,77792,79655,174134,6441,8086
"PC 46:5",114599,234165,89629,76590,570785,15815,373190,99537,198312,407791,5788,117716,571960,187062,63689,61556,80540
"PC 46:8",73946,429126,64623,74666,226481,74347,324666,81184,158844,293275,59315,53235,121938,180927,93553,44556,52871
"PC 46:9",158326,143869,85534,124108,211086,7764,170339,210875,41434,90430,11590,89565,45875,313117,67541,45119,48861
"PC 48:7",23762,294861,14870,46393,100531,130742,70337,51822,103485,379087,64667,17641,117694,44167,121648,50096,13468
"PC 48:8",7123,160169,5450,30836,43031,689449,10553,27807,13637,101777,1547769,167,18356,16572,336038,12677,4899
"PC 48:9",27254,113473,31222,22995,37210,15767,26867,79143,4526,201132,7278,14348,5358,96174,157296,10192,28876
"PC 56:10",35717,37518,19210,13448,26052,4224,44095,6264,10932,34971,3207,41069,46568,36757,44856,30812,35182
"PC 62:9",8790,2839,3141,28,NA,1996,1869,5005,4159,4246,NA,1743,NA,1410,1351,1087,1559
"PE 32:0",412179,68109,34456,66118,36875,29896,67046,65796,46748,22618,8351,99322,47650,56678,17086,117428,16976
"PE 34:1|PE 16:0_18:1",1472959,1089640,384027,538730,718385,91686,1227295,500270,2375740,312410,117937,506029,706400,894749,309622,102476,354945
"PE 34:2|PE 16:0_18:2",386521,740439,30612,66900,87312,1598,388119,92224,2592092,35884,64573,40871,106954,152596,111494,75624,60694
"PE 36:3|PE 18:1_18:2",422155,471616,59654,80726,312627,639,453915,72095,2470447,46537,13192,96363,250133,247092,118961,54823,56930
"PE 36:4",83973,42115,3431,14962,14800,1980,44065,33993,493136,6438,11400,2492,8174,66822,38810,4454,7835
"PE 38:5",56560,83893,19947,13389,51914,4272,43896,40283,246867,15207,10466,37743,32821,34285,11267,90409,31364
"PE 38:6|PE 16:1_22:5",6365048,6272886,2399311,1077509,2450844,265416,4232275,1445734,8304938,1053880,489622,2579061,2887242,3955001,1521490,643966,1167660
"PE 40:4",4529608,1995154,1739720,993200,1499394,116697,3909662,982736,380398,968799,217711,2464313,2131884,1990825,1437209,177037,902024
"PE 40:7",2016915,1332151,853496,416569,814091,98030,1097763,477124,1568604,240070,130391,1015990,943170,868540,387377,197543,251129
"PI 36:1",253727,291620,85619,48837,234511,63,243938,139529,460198,48718,8887,67553,76761,291864,130627,11052,68719
"PI 38:2",18456,6199,17874,1433,28735,9954,20930,19954,13323,16475,21434,3653,5427,73074,19123,581,24981
"PI 40:4",7109,19092,2205,555,8769,68,7957,NA,28375,260,11207,7695,6713,49087,4832,NA,3775
"PI 40:7",9422,18900,9528,5519,35556,28,28488,5804,42774,6239,1862,11099,4700,26183,12314,248,6726
"PS 38:2",98427,61386,40652,25397,62671,3854,72823,14478,48440,38035,2398,48370,22453,43770,28360,7932,19739
"PS 40:6",42882,23298,15811,40459,36220,13755,56718,2094,37134,3462,54303,57619,36829,3580,22567,3379,26346
"SM 30:1;2O",130658,913450,54270,179347,99751,47240,521472,356653,1561988,179061,59953,140225,135726,606016,210052,113848,27161
"SM 32:0;2O",125613,279539,32029,137426,275345,8287,583570,519359,957121,166345,31316,59239,135708,1211638,166320,38801,100616
"SM 32:0;3O",157221,47137,61842,82715,284907,37300,35787,92771,41139,112848,22613,20145,329906,529652,112179,19131,97903
"SM 32:1;3O",179650,267244,75147,182392,189194,44121,228540,253835,94496,198903,421003,49561,476091,766117,85819,174636,165580
"SM 34:1;2O|SM 18:1;2O/16:0",215820032,530326176,99857496,172201120,468700224,46018248,394706592,190911344,682430976,142647184,226829328,69514480,189621312,482641952,151341120,67947024,86262032
"SM 34:2;2O|SM 18:2;2O/16:0",13558885,28741892,8000180,12576361,29152854,5785622,39244612,18520966,70168640,11795950,19966222,6634499,11445523,50993264,19594292,5723096,7132990
"SM 34:4;3O",25579,3810,7850,30369,21871,9513,18066,52806,20391,12725,60978,3036,5633,27646,38041,14824,22287
"SM 34:5;3O",139498,108198,214745,357055,379058,101796,191244,280555,69407,105819,335219,108528,65505,215091,381776,68990,269838
"SM 36:4;3O",40533,13661,58414,73289,250600,39376,134084,121292,39737,54068,178134,34242,379761,87132,27279,67954,46691
"SM 36:6;2O",2100,119,2603,50085,1474,769165,12502,7273,10148,2579,488055,2637,1766,80774,210243,2658,2419
"SM 36:7;3O",1700756,173212,674526,614491,671065,189609,443470,587354,214711,465475,506546,319660,229516,625553,368441,191744,603459
"SM 36:8;3O",80550,20053,210662,102820,87796,100384,54595,70995,47083,171378,192338,55524,54557,100568,167732,50607,164636
"SM 38:2;2O|SM 18:2;2O/20:0",12391623,5033232,5108804,5327994,11970106,1557216,16267531,10843321,27373436,5455860,9550383,4326368,6351445,23592818,10564800,3690206,6185238
"SM 38:4;2O|SM 18:1;2O/20:3",1200780,117353,3792699,2620118,412644,54495,1027819,3223342,1000957,1861536,869658,3686102,122817,3110278,1921160,3562478,3051654
"SM 38:6;3O",66627,349520,4412,38702,21684,8297,43859,86022,509901,36142,56189,6015,60997,101839,18801,14754,20989
"SM 38:7;2O",4784,19807,2180,70288,2336,386114,37212,50109,321188,13836,195611,1269,2410,30027,876520,5525,2758
"SM 38:8;3O",106117,134166,110503,115987,82466,46052,145742,116763,189198,184117,398785,95908,199049,79403,107797,49241,142190
"SM 40:1;3O",491731,1917639,350760,553744,2539075,6796,353987,831818,1811176,343658,248479,243782,1198410,1693149,164516,293753,446094
"SM 40:10;2O",300088,593197,112462,41310,132228,12919,327518,135324,315718,124037,36439,144885,247800,503238,248534,8884,74846
"SM 40:2;2O|SM 16:1;2O/24:1",2011540,12982719,814969,2939152,14675870,73203,11986956,1777233,35675756,5386942,747863,376711,1628722,4005354,1005763,3602182,922031
"SM 40:3;2O|SM 18:2;2O/22:1",3056375,7392340,1167278,2050736,4224018,61010,4590142,4764296,11108898,1599625,3722524,776514,1902466,8094402,1529667,1507836,1874922
"SM 40:5;2O",24515,1216448,2445,4344,7892,2757,102679,39116,473,311568,5818,529,8151,89827,1253302,3018,2187
"SM 40:6;3O",222538,9142299,166375,2402315,7238799,4764,2663587,476217,3899944,912373,997407,89075,2699201,1544268,465484,263032,170126
"SM 42:0;3O",170410,9485,330101,19460,333035,34663,358530,622593,124998,324155,14649,470170,613990,424200,126173,10559,176508
"SM 42:10;2O|SM 14:3;2O/28:7",731610,603545,71211,73183,112612,9994,202186,47610,40654,81233,14378,65676,116993,96478,63349,36341,20304
"SM 42:2;2O|SM 18:2;2O/24:0",19698534,65467036,14136265,13182162,39556148,226978,36280640,29587260,68089296,11555912,11764836,10988743,27653802,43289500,6251330,11932079,17511378
"SM 42:5;2O|SM 16:1;2O/26:4",161731,260945,264720,75644,665745,25803,285141,357428,399621,436708,147330,174697,477368,1026106,2506805,102487,310818
"SM 42:5;2O|SM 16:2;2O/26:3",379475,2645942,211719,256221,414962,70860,367479,517878,182515,1643948,56186,131023,263820,598264,1340088,248353,302884
"SM 42:7;2O",94647,130012,88076,60254,129272,8912,107147,131304,12654,205717,52231,41253,70876,46257,60763,53779,90066
"SM 42:7;3O",2125330,1900402,538049,2384688,6236838,426719,3634272,1311478,12196688,1427378,1412962,356084,3042843,3229728,1083325,688196,691166
"SM 42:8;3O",6939,715932,2901,40209,60371,4565,81757,48491,972968,39442,54161,3149,102298,109987,38194,1748,31387
"SM 44:10;3O",39283,3924,100059,17387,38417,22532,21740,25687,10220,8542,5746,86558,49147,18376,32576,136117,64765
"SM 44:2;2O|SM 18:1;2O/26:1",493535,465249,765477,185207,1276095,305660,1325121,1205860,851692,786055,353695,736547,1628944,1840773,296671,634041,818954
"SM 44:3;2O|SM 18:1;2O/26:2",661814,208712,104799,112373,1850752,14433,1878461,1654088,1399430,1280490,468185,88403,316530,2461911,668277,254071,148146
"SM 44:3;2O|SM 18:2;2O/26:1",665092,81750,584185,26527,1995442,75545,1892483,1952366,252267,1324241,394256,517369,1427860,2503192,672700,303415,1055972
"SM 44:4;2O",476524,1576354,52307,61587,659156,13201,634230,618979,1598070,815742,23837,31560,281551,1389305,108557,56590,62740
"SM 44:6;3O",407383,315230,80473,479611,488336,24307,832699,387560,3306872,308901,41632,101201,340616,1757258,233976,177649,113835
"SM 44:8;2O",8085,1957312,1938,2606,17757,6251,12634,69600,40037,2921254,37626,3402,9823,57976,1668519,8215,6477
"SM 44:9;2O",87771,150963,52867,64388,48814,143063,35732,120486,13554,2359714,250453,116417,62719,135312,1301356,202480,98835
"SM 46:10;3O",38174,16827,36420,26276,10021,35773,2043,11454,3141,14442,48537,12294,932,7425,50956,152203,38149
"SM 46:11;2O",1105,3067,540,14824,7850,72317,4276,15652,631,27446,510560,400,7978,10637,315992,3910,2411
"SM 46:7;3O",154271,256506,38575,105855,965471,88518,53897,89667,682046,81822,10454,34937,270992,497541,59439,9495,56948
"SM 46:8;3O",72400,108788,7273,46726,129061,5637,68296,40053,70490,100386,32079,4352,113487,194331,19227,6675,4795
"SM 46:9;3O",37849,18742,22950,2126,29607,2347,16155,28579,13404,42865,16029,9058,32309,38239,29631,8573,32192
"SM 48:11;2O",15623,9094,29911,47858,8876,24629,41098,27399,7704,20820,6071,35768,20450,33491,42256,91289,11638
"SM 48:5;2O|SM 18:2;2O/30:3",2628614,55149,769021,74562,1108867,184180,990875,2240419,19807,1320517,263828,380233,187948,2234076,206029,43738,811208
"SM 48:6;2O",82349,21033,39933,24915,80046,13806,44733,13573,62276,26966,27703,9718,68368,219160,63064,13038,13041
"SM 48:6;2O|SM 18:3;2O/30:3",101867,36293,394083,70895,243792,19081,110361,207849,28800,139805,10811,289446,234083,100257,52969,238667,338893
"SM 48:6;3O",41301,55230,11222,139980,503499,4191206,333508,113215,324330,114643,4208891,9080,120341,430503,1785088,18723,10475
"SM 48:8;3O",151931,66949,1103,50213,1324909,5583,167664,139714,426525,173212,82859,9692,35244,341841,46362,4895,25678
"SM 50:11;2O",193,15102,809,259354,807,1322530,67565,20777,2484,1892,7437507,NA,683,71440,1383172,312,852
"SM 50:13;2O",26472,18302,47437,43422,164458,10967,63842,59952,130890,18429,8431,22903,175782,128546,13495,145754,52984
"SM 52:12;2O",NA,NA,1265,NA,1441,2177684,4376,15204,NA,72003,5057704,753,9,6027,280770,NA,752
"SM 54:3;3O",146267,49634,196130,60167,114752,32602,62787,65123,17121,286545,9276,250373,241340,187395,92468,79466,113897
"TG 24:0|TG 8:0_8:0_8:0",497217,763396,580599,959513,578958,892261,590997,3328136,1570023,452140,1458144,380446,332869,252446,565755,545226,305230
"TG 26:0|TG 8:0_8:0_10:0",39326,15088,123007,99006,233949,2064133,121475,458661,108531,55482,1545083,28462,22416,284851,432604,24768,48579
"TG 28:0|TG 8:0_10:0_10:0",33237,19839,60714,226990,286936,888427,156963,199154,317950,13000,730902,9969,8518,414152,332043,14816,53351
"TG 28:0|TG 8:0_8:0_12:0",28773,10893,9629,35698,15894,105191,27909,1328199,47972,3540,83737,9159,30655,40732,29045,11382,6861
"TG 30:0|TG 8:0_10:0_12:0",6490,536,3904,13059,4099,33368,34894,2891512,44325,143,112521,11137,8542,23440,43647,601,450
"TG 30:0|TG 8:0_8:0_14:0",15372,10069,1976,239050,4781,188925,8926,1770980,151916,9500,407134,36373,7408,44959,134355,22977,16366
"TG 36:0|TG 10:0_12:0_14:0",14585,2574,36465,86249,719,233464,208905,1661067,21759,2266,524971,12461,14466,268389,302053,12218,5021
"TG 36:0|TG 12:0_12:0_12:0",154059,5695,200383,660749,296528,4463028,825294,26806682,732916,74220,4667826,213379,114430,1156923,1424660,67566,121461
"TG 38:0|TG 12:0_12:0_14:0",344356,50943,248988,611488,344120,4213192,1877841,27675790,753884,97859,3062166,311962,280331,1121228,593640,172490,176053
"TG 40:0|TG 8:0_16:0_16:0",836154,223547,440486,1512480,55191,1828669,6878737,20888450,458915,396514,1852362,470594,465032,1447292,1706729,286484,303568
"TG 40:1|TG 10:0_14:0_16:1",483269,34448,59816,2079024,60822,18704662,3481273,2109228,1758886,75036,17812346,25270,194607,4226705,3467034,50324,20961
"TG 42:0|TG 10:0_16:0_16:0",315693,314044,287427,33196,640537,41667,535728,256428,2786808,105693,14410,169809,246274,229724,52952,80629,122892
"TG 42:1|TG 8:0_16:0_18:1",1770964,937134,370442,276799,335918,594134,8960229,407338,355118,1401364,837972,403426,625522,630653,537722,397719,378671
"TG 44:0|TG 12:0_14:0_18:0",267399,68211,294018,222006,101220,318296,324132,9402423,460842,228796,253235,249539,221983,420439,220842,397694,337174
"TG 44:1|TG 12:0_16:0_16:1",1337579,199719,147691,225510,771812,62861,2957882,202776,2580028,102813,284618,180571,779606,126124,63836,1729980,738877
"TG 46:0|TG 10:0_18:0_18:0",71411,122268,33184,88239,112674,283162,127218,53582,138572,261061,342985,34926,21578,275089,400631,54820,44054
"TG 46:1|TG 12:0_16:0_18:1",114980,17801,5678,921974,50644,97907,491153,140852,587484,6190,349726,15029,22739,1554759,270946,32183,7015
"TG 46:2|TG 10:0_18:1_18:1",139051,765300,42333,159557,27793,101754,79222,247128,393064,646074,118089,27939,39499,502651,409009,105915,80669
"TG 46:2|TG 12:0_16:1_18:1",1821351,1879733,1229807,1802336,201157,339395,5920082,2994087,5979306,1177542,237645,1326854,1451008,1899407,2176756,1916809,978258
"TG 46:3|TG 10:0_18:1_18:2",53009,215553,2811,16741,7068,40640,25125,49405,24503,2251038,15261,734,8054,70106,454666,7869,1826
"TG 46:3|TG 12:0_16:1_18:2",248294,216067,44333,698926,246429,385217,2404375,993800,924236,172012,2257777,237257,308118,802234,929100,403200,173427
"TG 46:3|TG 14:1_14:1_18:1",87482136,62068672,88766680,79741656,102450880,78372944,82859048,91226456,55515928,93626880,99057512,71924128,82275984,94862752,82772024,94164496,81478504
"TG 46:3|TG 14:1_16:1_16:1",422020,217556,252448,816728,57788,2240536,2588274,922076,727230,171580,1910754,250438,70048,877917,822763,81401,191510
"TG 46:5|TG 8:0_16:0_22:5",27738,124,13427,20395,4062,92073,489083,34190,11122,37401,89324,3610,68438,141393,92934,3423,37982
"TG 46:6|TG 10:0_18:3_18:3",167355,208129,78324,126998,34840,100863,97775,138334,98059,1445942,182276,55645,83853,367407,351672,97195,57128
"TG 46:8|TG 10:0_18:4_18:4",5216,973241,40514,61482,106297,4573,124599,122932,10405,1290521,40769,14927,4242,65232,449988,17438,37880
"TG 48:3|TG 12:0_18:1_18:2",353791,237373,100287,104890,406164,735227,809961,1245528,825431,275617,587926,351465,104103,1076265,469395,142939,641050
"TG 48:3|TG 14:1_16:1_18:1",349713,434233,166290,239360,88359,3226162,1224921,637400,1348105,326355,3051978,152083,194010,1072102,386600,240371,118740
"TG 48:4|TG 12:0_18:2_18:2",469341,978586,114283,429019,335704,1001796,2573804,861573,2180826,83975,734126,105925,277826,651997,598012,336841,103786
"TG 50:1|TG 16:0_18:0_16:1",89113,188488,41598,110594,9953,2621420,371338,323270,760543,38649,2034679,20273,75705,72667,343721,126045,27396
"TG 50:3|TG 16:0_16:0_18:3",1186562,981781,105922,239184,53578,4001730,770233,1173371,6641835,116306,3038986,99296,196130,819620,288571,492366,114082
"TG 50:3|TG 16:1_16:1_18:1",9729773,44655524,3249994,9594385,1227194,26186778,37156268,29466584,75623832,3438874,14142157,1830648,8695335,6393664,7712313,28814884,2059629
"TG 50:5|TG 14:0_18:2_18:3",880535,1334836,85933,512246,61668,5294070,3665780,984109,4019357,53390,4851134,51328,81425,891789,1300190,600548,43401
"TG 50:6|TG 16:0_16:3_18:3",179314,166510,11495,183488,49272,404083,1262675,60853,358717,218687,72740,6324,65498,208743,332490,19978,9361
"TG 52:0|TG 16:0_16:0_20:0",29004,2861204,1853,8698,7575,45394,85444,633801,54368,6159164,19266,5807,7593,592914,1230978,593376,21461
"TG 52:1|TG 10:0_24:0_18:1",389425,280413,68136,138741,418757,141794,572347,72889,693459,95611,110369,86367,357856,566232,201391,285183,363383
"TG 52:2|TG 16:0_16:0_20:2",5916,320723,3178,5591,30853,564428,175505,108675,6359,2682810,767483,1223,10670,502776,2693707,6866,6980
"TG 52:2|TG 16:0_18:0_18:2",2174425,82314096,3312611,12970419,11674174,17087644,45159892,7628186,101458472,5903644,35541660,1668384,7673424,10198316,14573427,44086404,2563860
"TG 52:2|TG 18:0_16:1_18:1",1480,12407937,1633,2220,2190,NA,67173,155151,10689,11792226,12779,825,1427,1022428,8473014,19711,33483
"TG 52:2|TG 8:0_18:1_26:1",1747,23792260,4177,101915,3819,4075,123951,497085,34085,18001996,22079,2110,453,2275752,14542331,152908,67910
"TG 52:3|TG 16:1_18:1_18:1",3452,92546,1552,4018,723,11443,44968,60758,4115,977491,NA,68,675,20097,736812,1850,2066
"TG 52:4|TG 16:0_16:0_20:4",64024,757018,124419,416118,577638,189333,2354222,140478,926386,37156,218452,14202,251369,398609,1171926,1272173,7968
"TG 52:4|TG 16:0_18:1_18:3",29981,854925,7229,25305,19836,242006,11023,1479644,135662,2196036,69848,4230,17665,306563,1419080,278125,26481
"TG 52:5|TG 14:0_18:0_20:5",1224,124,1892,3347,8049,961786,74003,61956,1447,24162,3209576,3529,3460,14925,156268,169,5202
"TG 52:6|TG 14:0_16:0_22:6",74795,191078,16792,55918,18501,189020,179970,89216,438114,41948,61272,7400,75124,79193,12614,30646,7426
"TG 52:6|TG 16:0_18:2_18:4",879391,2296350,137667,234564,82985,118118,2996486,496901,3309693,2475946,85688,75026,309777,568448,3212848,346034,132010
"TG 52:6|TG 16:1_18:2_18:3",404206,1684552,168448,579890,195571,8069380,2533833,780435,2504838,73825,7526351,73758,212375,1033449,2328131,283861,33145
"TG 54:1|TG 16:0_20:0_18:1",1161309,23380876,401888,2602102,77176,15255561,5003992,680764,9919499,5556074,12479308,274191,886453,3973668,6536842,14380750,1015896
"TG 54:4|TG 16:0_18:2_20:2",4200,34760,16577,13250,99530,1745270,36310,70563,19255,57630,704191,829,4848,90876,235622,29843,139521
"TG 54:4|TG 18:0_18:1_18:3",30923,238230,11763,46595,18145,2660089,95850,348292,607655,23411,2797436,5047,16038,183227,562032,84497,9300
"TG 54:4|TG 18:0_18:2_18:2",2494906,16755849,584792,3831420,792328,69228552,6651126,17701326,18551900,1414591,117391376,314352,975422,13825358,9240881,4135424,360662
"TG 54:5|TG 16:0_20:2_18:3",15925,6079,2769,43102,10478,2558768,66775,13774,13721,13748,9594087,2096,686,121505,396936,386441,125964
"TG 54:5|TG 18:1_18:1_18:3",81638,361941,12033,15297,108522,55381,27446,235098,120322,902035,6594,17297,2077,187447,311753,78743,15493
"TG 54:6|TG 16:0_16:0_22:6",189223,1274506,73744,211811,21538,629688,706015,78005,2027666,118526,50879,71442,317431,143683,131425,222124,50989
"TG 54:6|TG 16:0_18:2_20:4",3327799,15904049,560943,1517293,368258,6461387,13431934,1695404,19136810,1242077,2908470,383654,1671950,1687599,2526268,1545681,289898
"TG 54:7|TG 16:0_18:2_20:5",908856,3730111,149453,332772,146647,342544,3502188,124179,3917774,1288284,327885,74256,651785,447879,2783463,252865,67967
"TG 54:8|TG 14:0_20:3_20:5",4151,135996,344,17792,3224,252076,29379,54882,10723,78955,3539742,1800,754,22260,487257,1028,477
"TG 54:9|TG 18:3_18:3_18:3",15601,45505,1003,43653,7044,562167,44210,23394,45778,81110,423974,4989,5288,39306,173112,4064,3303
"TG 56:1|TG 16:0_22:0_18:1",64534,5228901,45288,458773,73271,2975437,91531,41217,1015433,1515063,3245041,92438,87011,1133061,1908142,895272,164527
"TG 56:10|TG 18:2_18:3_20:5",2296,6390,7086,24211,29443,748998,12526,68371,38429,60751,2571803,1000,25609,85709,235236,1871,18763
"TG 56:2|TG 16:0_16:1_24:1",21894,1092561,41857,298795,7359,3407051,181746,27127,337238,244409,2827570,71290,31823,325587,590309,89276,70433
"TG 56:4|TG 18:0_18:0_20:4",108914,393802,12041,51981,186361,111907,340343,31520,326228,82253,15609,22140,55127,25506,34177,134051,19476
"TG 56:5|TG 16:0_18:1_22:4",833455,4696282,201258,617328,119200,1927411,4238178,802566,4675204,286205,448478,147960,706888,224178,86465,1948971,157986
"TG 56:5|TG 18:0_18:0_20:5",47138,16414,3649,35161,17979,3133794,121774,71439,13654,39795,11541755,1408,3478,140256,366990,221018,112623
"TG 56:5|TG 18:0_18:1_20:4",587993,7753750,277307,717906,159166,3523642,3921040,548065,5984738,139762,2610017,273917,597163,861571,936124,183192,96697
"TG 56:6|TG 16:0_18:0_22:6",2828,580163,3972,39,11992,2746352,19319,75778,NA,1425080,1356861,2160,18276,1076357,7805565,4839,30774
"TG 56:6|TG 16:0_18:1_22:5",5851,7846856,389,1465,NA,66241,119416,1513626,21388,4629524,52378,359,899,1104518,4983475,344708,16028
"TG 56:7|TG 16:0_18:2_22:5",1882,265032,903,4036,428,3921,10386,8372,12955,448599,13172,80,936,5791,750983,11448,1711
"TG 56:7|TG 18:0_18:2_20:5",14526,150367,5255,122557,6068,29816380,350505,29959,170461,48936,75559688,2534,5182,341992,4224313,168597,11393
"TG 56:7|TG 18:0_20:2_18:5",8119,6811,2043,19720,1875,9856629,69955,36287,64,115167,18467198,538,2959,63743,1764364,9725,21324
"TG 56:7|TG 18:2_18:2_20:3",5390,1309977,5571,51052,3143,17609754,39405,180297,47858,380977,22708752,1186,7494,46114,3289316,18663,9679
"TG 56:7|TG 18:2_20:2_18:3",33564,357208,6343,67729,46300,1694077,176901,111812,34664,123390,1052848,6881,1936,587886,210425,202309,13409
"TG 56:7|TG 20:1_18:3_18:3",9433,15881,9720,132953,8890,11087404,263239,62196,55457,81009,28008420,3828,4109,249228,1886177,41316,6134
"TG 56:8|TG 16:0_16:2_24:6",NA,11876,NA,3032,NA,978484,NA,190,NA,13172,21440908,NA,NA,NA,276353,NA,NA
"TG 56:8|TG 16:0_20:3_20:5",4536,7633,1647,45210,1869,28792904,227548,37683,4780,275997,79627936,3420,2647,161953,3998088,4953,4804
"TG 56:8|TG 18:0_18:3_20:5",2911,3276,820,48973,8658,4943196,78141,48356,971,216853,14906919,3540,3369,40412,935242,14015,1355
"TG 56:8|TG 18:1_18:2_20:5",239844,3192106,62037,488901,333708,153485,583937,622459,676019,622860,79903,21509,454135,125673,884594,115349,73172
"TG 56:8|TG 20:2_18:3_18:3",NA,21480,4190,7573,NA,1534711,15998,12581,NA,39368,4411248,NA,NA,2231,232869,NA,NA
"TG 56:9|TG 16:1_18:2_22:6",205060,441939,33155,31823,98386,228880,252376,172908,604639,63502,70497,8702,192952,91466,65425,24249,14486
"TG 56:9|TG 18:1_18:3_20:5",2403,16032,1697,13003,5360,1866418,49946,31107,10678,31443,1099739,67,4413,91554,380259,50384,4135
"TG 58:10|TG 18:2_18:2_22:6",51531,1055098,9384,108335,1100140,182711,1034916,22629,1241772,61259,76476,28090,305072,174758,163523,95985,2852
"TG 58:10|TG 18:2_20:4_20:4",199958,1090979,44301,108983,190632,22262,974792,239123,1292378,384316,50355,31529,302167,160885,122617,114172,23192
"TG 58:10|TG 20:2_20:3_18:5",1795,10685,4080,1976,894,2592010,14678,50406,2984,106302,2310177,636,1604,20238,211012,15191,35026
"TG 58:11|TG 22:3_18:4_18:4",830,147485,500,18635,1152,574299,3673,5849,9183,109217,8104041,150,NA,2882,423730,701,1209
"TG 58:2|TG 18:0_20:1_20:1",8487,238380,14315,13644,25475,19023,80492,60123,48237,655063,5154,2384,25767,167681,174056,665669,131580
"TG 58:2|TG 22:0_18:1_18:1",11300,14216251,41606,232702,10959,517861,114670,4718,635497,3993920,687274,35469,30142,1855758,4656224,375825,181495
"TG 58:3|TG 18:1_18:1_22:1",63695,552953,49341,185727,62567,1509962,253640,61151,734446,120446,381129,20569,24321,268734,192518,6821116,229123
"TG 58:3|TG 22:0_18:1_18:2",89081,2215885,11819,121607,5890,1108375,112805,39075,247253,598795,685795,3646,19506,404314,866363,75767,25063
"TG 58:4|TG 18:1_20:1_20:2",39883,589643,35504,162002,22565,203106,259217,361036,65541,19444,339591,14852,42436,150403,116245,1441688,74804
"TG 58:4|TG 18:1_22:1_18:2",58862,101251,1883,23669,11413,904020,24652,148491,438941,10872,55410,4068,8433,31955,9681,225311,10456
"TG 58:4|TG 22:0_18:2_18:2",23595,452833,8269,73475,14207,1330796,62369,28952,110583,185730,980423,4551,12952,116269,305359,42333,7063
"TG 58:5|TG 18:0_18:1_22:4",82846,471412,16101,100217,25844,267535,517666,49297,270033,59401,76211,31692,106275,96228,41704,76634,15965
"TG 58:5|TG 18:1_18:1_22:3",112797,280753,32828,158075,12102,1823687,263277,271034,385131,59496,128682,24391,82307,141931,86594,728446,161903
"TG 58:6|TG 16:0_18:1_24:5",157550,878838,65261,107617,175352,48296,631129,462143,741633,94646,9878,47787,132455,26357,102098,64396,44314
"TG 58:6|TG 18:0_18:0_22:6",9210,13651,5942,24903,29063,1582702,42956,95394,20203,46081,5131104,1798,6251,120083,418443,225591,43519
"TG 58:6|TG 18:1_18:1_22:4",193559,281774,45992,301814,235610,2104276,686114,82786,207291,88456,721371,48907,203518,265538,313063,349113,10589
"TG 58:7|TG 18:0_18:2_22:5",8177,64328,3374,25040,7211,635942,20751,11426,12223,212149,2875773,2225,4013,34283,205247,35127,11643
"TG 58:9|TG 18:1_16:2_24:6",5608,6488,NA,21461,NA,1763002,NA,169,NA,51421,18332644,NA,NA,11887,266361,NA,NA
"TG 58:9|TG 18:1_18:3_22:5",21878,46797,3165,9590,19012,8856463,21256,3896,85255,29988,3771495,1603,9675,12226,1067761,2920,2123
"TG 58:9|TG 18:3_20:3_20:3",NA,59495,318,47,677,379257,22289,13613,NA,539446,4121487,199,NA,24766,216220,16,2660
"TG 60:1|TG 18:0_24:0_18:1",68436,22389,568180,NA,27223,7240,2420,30932,22561,269629,NA,7445,50759,17462,1557,13634,25099
"TG 60:10|TG 18:0_20:5_22:5",3859,34308,4477,21742,1705,9259007,43912,11069,31415,21957,3267020,535,523,46162,979161,50114,6474
"TG 60:11|TG 20:3_20:3_20:5",1118,30775,707,2159,NA,443488,7406,20129,195,40085,213524,293,252,1412,245527,2440,2416
"TG 60:2|TG 18:0_24:0_18:2",59496,99613,571218,19115,12498,7114,40485,44165,73121,715978,NA,2936,16801,157373,232125,60411,78783
"TG 60:3|TG 24:0_18:1_18:2",13620,598662,9657,33972,37873,367355,53858,73108,117086,166513,227823,3346,1496,110836,196778,6250,13187
"TG 60:4|TG 24:0_18:2_18:2",7437,217326,2397,9928,11045,473372,12299,5858,60443,17880,457022,1917,3284,47536,26355,2244,4363
"TG 60:8|TG 20:2_20:3_20:3",2726,7222,953,8889,264,11092392,6937,27284,793,297414,18104448,2557,4431,13432,1677680,525,10928
"TG 60:9|TG 20:3_20:3_20:3",588,27197,1091,57640,4807,4263673,50059,38692,15273,23138,2744699,36,NA,16883,513123,973,1202
"TG 62:12|TG 18:1_22:5_22:6",6972,61431,2418,320402,2657,1294963,240163,31274,51300,83086,2405862,3229,3537,4456,1511023,709,1456
"FA 16:0",130546,131815,191043,193242,167912,226818,217487,219288,161505,160365,582002,178716,206356,222480,208540,111836,225491
"FA 16:1",19558,11968,20299,15283,16670,23240,23711,17424,14351,14135,30283,21675,23328,21130,21795,23002,13685
"FA 18:0",247252,214311,303890,209388,281549,284944,318906,294585,211905,227523,732619,275064,319032,310661,315208,203277,303866
"FA 18:1",146210,91798,147872,137414,139166,167997,151351,151358,105585,118349,220973,152776,163753,160991,156748,98482,169025
"FA 18:2",20239,12766,18361,15481,15618,28290,24920,17977,17999,16518,44147,20792,24498,22529,23163,20034,22902
"FA 26:2",60,31,339,47710,564,28303,5883,1203,5563,45,46912,2,22,6124,138714,54,156
"FA 28:2",2,43,105,13448,90,258665,10008,13361,8483,4,236520,4,45,5391,178884,30,33
"FA 28:3",NA,NA,37,15041,56,22184,12577,3450,12601,17,51476,36,NA,2073,18353,69,56
"FA 28:7",6863,6155,7316,5658,8364,7413,8109,6520,7025,6599,9338,7336,7841,8129,7103,7046,7206
"FA 30:1",594,5957,1584,13534,658,319460,16365,30724,56963,190,193368,85,337,20321,23954,2152,307
"FA 30:3",204,126,51,16678,6,112628,65915,3903,23600,13,75352,11,5,3798,13743,NA,274
"FA 32:2",196,283,165,27980,221,131892,30108,12318,4855,77,112676,19,163,7449,18265,272,63
"FA 38:5",44545,41359,49146,26644,49008,44815,36936,47771,47315,41032,38405,63902,54871,48213,43081,45489,57136
"FA 42:10",1313,2672,6676,748,1656,4217,1651,895,1311,1817,3415,2461,1436,4988,362,21522,14427
"FA 42:8",2556,11857,14286,1626,753,7076,14726,12529,16389,1812,8550,10661,12093,3647,842,12275,14598
"FA 44:10",30301,7845,2956,236,151,10386,10259,2641,6159,24109,1159,1136,4458,35290,490,4928,3451
"FA 44:7",316,3991,153,312,NA,305,32817,6815,10687,101,85,168,233,155,233,101,1853
"PE 36:2|PE 18:0_18:2",20203,70899,2177,1025,4906,2016,23726,8803,163304,1516,2998,2297,3265,16680,1685,10502,3916
"PE 38:3|PE 18:0_20:3",16271,18673,7225,6630,8529,5392,13427,7443,25760,5846,2185,7657,13078,3007,7051,8905,3649
"DG 16:0",46762,357188,30792,567771,38735,192958,212188,227436,42982,504267,123228,20464,65162,189776,392910,57441,36005
"DG 20:0",24751,10116,65210,1094047,84412,46808980,701224,489347,1383268,9234,62259944,44000,32501,1557952,25573486,36723,30605
"DG 22:1",40,8691,103,199689,440,280482,201686,19421,408,2675,2112450,210,NA,3055,4818,3623,1509
"DG 24:0",NA,25183,641,273,134,61783,41145,8106,NA,1403982,62499,681,253,86151,926147,15977,6945
"DG 24:1",811463,1014500,3094574,1772776,20108,1240336,2271018,1059698,1540435,1767691,1539415,665663,2757039,3356896,1269916,528462,1093061
"DG 24:2",605,NA,815,1298,499,48284,2428,126,7257,415,427641,417,675,9435,39774,69,294
"DG 24:3",NA,103777,21,87580,529,76707,393491,75814,2549,75590,974624,104,667,9828,106707,NA,1667
"DG 26:1",24244,11187,747104,590298,11011289,33760,2937766,1561952,67452,2108289,101897,695206,61107,3587260,1738884,8808,132626
"DG 26:3",18973,39315,543,26829,3431,16101,22213,30309,28104,6814,NA,357241,4854,6630,9503,4490,3855
"DG 26:5",143708,32380,87561,134841,101717,154754,205281,99431,218285,81416,306631,46849,34889,187045,269075,60285,85649
"DG 28:1",NA,496364,9,4363,922,35606,8009,20095,1116,124684,46232,NA,695,15135,248899,363,NA
"DG 28:2",371326,247058,180209,475833,139861,146769,898930,806744,742050,182228,359083,221259,185337,168651,178807,113039,419401
"DG 28:3",20033,1537011,1347697,157308,1240344,1465903,324691,27746,334200,20409,864356,1296990,36040,549785,6223,2894305,1617669
"DG 30:0",5136,NA,8693,3115,9670,1634397,31195,29855,28866,1776,9994340,2035,1577,78142,1814798,NA,1836
"DG 30:1",18492,3523,20793,128179,17427,29488958,170245,657678,311328,669,27654472,1745,2516,2940315,4069842,7502,11180
"DG 30:2",780,6133,3956,153851,3126,54372240,21655,313656,122326,1315,51481428,3969,1351,92075,3050167,1462,3681
"DG 30:3",2330,NA,2771,19898,971,419141,30329,3500,14597,321,609286,1503,914,56047,55270,417,3621
"DG 30:4",525341,178908,377209,262997,536409,182866,416081,344650,396072,301821,313651,239039,293557,501523,267914,280960,293130
"DG 32:0",1555578,174491,3680114,1138517,3597417,38113,4581994,3001188,744217,863460,179127,4611563,3498881,1112299,799612,1145291,3205388
"DG 32:0|DG 16:0_16:0",3949389,1819410,4819324,2257940,8064981,382251,8954780,9434820,1034216,6186018,3121444,4141047,2573394,2650095,2351936,801867,4808164
"DG 32:1",142161696,59545124,79061192,85912160,133709608,58171568,108796448,108366640,102091376,105622504,56304472,43225476,62364808,116356800,73687880,67549632,68039392
"DG 32:2",4325,NA,3494,15534,16728,1779136,35601,42278,280494,6180,881185,24180,13593,66724,1484621,4684,5157
"DG 32:3",33201,6190,11223,365165,29078,3243381,250955,32138,583162,14318,1841288,16931,14044,770064,920866,19805,21561
"DG 32:4",71161,109004,133989,391683,49515,40478,687227,201343,327181,102532,311568,32871,70510,67432,186420,33317,43913
"DG 32:5",57570,9845,50556,443799,93170,730374,727884,3026830,592816,48623,910311,38205,47222,939282,255481,53627,53691
"DG 32:6",1346,7544,10883,3948,1690632,5909,127858,165022,606,80834,15818,5059,1218,147213,43649,197,1162
"DG 34:0",NA,259064,3206,170254,1217,1567334,104867,71477,44885,313595,3194130,1116,NA,402803,1899944,6086,3821
"DG 34:0|DG 16:0_18:0",10826106,5174828,16957690,12170488,15240767,14802963,18829552,16173218,11170325,11198540,25773822,18126964,16135883,12621977,13076447,6268967,13559054
"DG 34:1",42181,705426,2868,1233179,45319,23312062,735132,262527,749044,291923,24450382,NA,909,2543058,14225542,3618,874
"DG 34:1|DG 16:0_18:1",4273574,12945743,782372,4074753,2130164,14182350,12348437,26539510,9564992,23843846,25433354,335677,963806,16934610,37988304,3366436,2905462
"DG 34:2",479157,2147243,368547,4104276,799051,20403262,3126024,1854990,3559494,851860,41612760,104328,82414,6121986,9704777,1477160,60546
"DG 34:2|DG 16:0_18:2",3158184,19107846,555047,14671990,2071026,132829224,14176496,8272370,22087218,4286638,197726608,131030,519668,42146548,96932536,1763302,494650
"DG 34:3",2017297,163511,1500831,962383,2334158,519139,941753,645689,993120,375684,373221,1896210,2123187,1187677,292410,1845251,2025565
"DG 34:3|DG 16:0_18:3",79042,207619,21415,1349757,27482,19415550,902321,348641,688534,4275,23732180,2447,1873,4455271,12189490,2493,8240
"DG 34:3|DG 16:1_18:2",5409,23193,591,75807,1692,9706214,35276,103513,72067,306,11746935,NA,544,189290,998755,18982,1053
"DG 34:6",547984,387350,310601,438370,635199,128470,707795,589396,518104,573926,660992,478754,595864,603424,428041,582124,457531
"DG 34:7",20969,823101,17156,321095,31585,229900,293290,381429,180748,54601,1093104,1153314,49753,80145,633136,15672,47248
"DG 34:8",NA,1918,NA,19283,NA,7111,21870,26237,84,42,1030158,NA,NA,652,3956,NA,1313
"DG 36:0",6680129,6081156,8328125,8932044,1624732,272935,11045575,7435129,7057287,4590170,983032,4031726,9229633,11147422,3249556,15516025,7761660
"DG 36:0|DG 18:0_18:0",6539218,3150016,10597413,6232060,9026535,11508269,12795064,8665446,6883900,8383944,18108712,11830170,10494167,9301444,10665397,6283908,8940234
"DG 36:1",5420,NA,6774,137394,5362,6072429,285598,127849,46181,1749,970160,2384,11845,409762,802208,262,6522
"DG 36:1|DG 18:0_18:1",541506,7685282,602066,3940045,506792,81889336,4645354,6911823,3045606,9690991,117285208,349529,562986,13995954,39881044,782913,852062
"DG 36:2",38130,15125,93465,2772674,32744,42093500,1624626,830651,1190841,36986,70760872,44068,48484,5981555,6746856,211727,45578
"DG 36:2|DG 18:0_18:2",155733,698251,85379,2842804,112274,243902848,2168237,1142282,9384914,326937,386835776,93984,129797,11080953,22086774,109836,62292
"DG 36:2|DG 18:1_18:1",2915342,59447052,797849,9452218,2364477,16777464,2746534,31029932,14277550,59753952,31933320,318126,840504,18545722,65055008,11842331,2646921
"DG 36:3",548872,656248,311834,2851127,773842,14562576,2651022,2990182,3202394,1117998,27433842,159687,117291,3821084,6658690,1703957,174193
"DG 36:3|DG 18:0_18:3",40761,50263,3454,204900,15048,17540738,150552,234933,471878,5481,29531658,3733,7208,1226553,2847306,11967,3161
"DG 36:3|DG 18:1_18:2",4684300,8890300,832748,15296198,1037207,108695984,16124588,14206863,29973828,2396590,134759568,207880,570211,31656912,80848496,2180604,524678
"DG 36:4",26782,47755,9374,1020720,12355,26725094,200409,117990,140452,59610,29714688,767,NA,861031,6081526,61285,4013
"DG 36:4|DG 18:1_18:3",429732,617304,51053,1589542,72288,17479036,1845940,1276574,1825151,7326,25579194,19950,36306,5343691,12358050,44674,38857
"DG 36:4|DG 18:2_18:2",703519,8317588,150907,11488527,889159,135847072,8133305,2818331,9486251,2037635,161232944,4101,18279,22131886,76516888,59284,30974
"DG 36:5",515,15111,5258,121163,1081,1243224,101922,5525,42966,NA,2973339,45,1908,192150,411532,3127,1313
"DG 36:5|DG 18:2_18:3",146248,445716,25867,1160169,76107,13989416,973974,125954,995439,32140,21177340,3935,13160,2108587,10646752,5293,16782
"DG 36:6",2022368,3577107,908904,4684424,1618091,1997745,8526659,7278071,4810008,1190917,14080088,1110954,4699451,949175,3099494,878055,2408501
"DG 36:7",721146,1009448,939417,1243686,1316605,1246786,2443464,1540357,1486211,625290,1830743,515811,621965,1349134,1619896,937796,719145
"DG 36:8",30700,165319,33722,134159,159214,54176,63183,168644,70481,124204,566822,182083,30679,54489,210063,25352,120977
"DG 38:0",50739,2255,52844,920936,10323,7090150,1081969,625270,820747,14765,7499026,16264,44641,1436312,1792717,25199,23076
"DG 38:1",4069,1480,14326,346373,13469,40507820,198765,72207,1434016,7528,34800612,29817,43464,3180635,1078396,18260,7863
"DG 38:2",6087,NA,11942,23106,13458,177856,69984,75006,19670,26234,958267,4290,21683,145331,162013,446628,37636
"DG 38:2|DG 18:1_20:1",19415,27761,65106,39056,111561,2851206,241399,891494,206827,343976,4744191,27416,106296,759792,1321714,1220531,321565
"DG 38:3",8616,NA,12232,13694,14734,580752,80550,71339,4862,7465,1182827,3381,25162,87061,160547,3490,17564
"DG 38:4|DG 18:0_20:4",252919,20317,142931,872,333946,37983,132384,535613,209244,128781,130825,79647,284876,677420,92304,6868,199948
"DG 38:4|DG 18:2_20:2",54394,60196,7458,8439652,22928,1683955,3344882,3579070,150540,6345,17349642,13203,7248,19331260,5517998,19797,86991
"DG 38:5",945,466147,9460,786669,19632,855304,1557986,784,6895,421101,7555283,NA,5374,10369,194668,1271,1050
"DG 38:6",1732585,2390971,1196738,1428638,1578324,923924,304028,1367579,1808414,487471,257327,1422129,794284,1477768,1157550,2039230,1661969
"DG 38:7",500,NA,484,17839,1046,1338549,8443,23022,8755,293,760780,1400,2320,19297,10340,1297,1012
"DG 38:8",904168,1032016,784873,1773527,2021205,2659289,1442325,1783695,1704112,602876,12894047,945702,517209,750718,2999056,464597,1392126
"DG 38:9",226631,128984,228358,191893,271126,241778,303525,322294,58889,238709,582603,122772,187846,217523,291911,183320,232046
"DG 40:0",2763,NA,9679,9111,2872,820603,18033,32796,1157,6619,555817,2315,8474,19072,292551,2545,7317
"DG 40:1",728723,1673159,361927,813746,1273812,367874,1461453,1052146,2155001,674060,901036,323519,371446,1724845,1070139,232267,347341
"DG 40:11",1672186,3289234,8248678,779411,8333650,1852419,8684261,4693248,6262526,2268402,21139258,1240366,10521499,11073860,12603726,4773350,1463248
"DG 40:2",3555,NA,1960,106985,674,30770,94229,616402,15018,NA,97102,233,NA,131376,54230,151,3728
"DG 40:3",14470,51701,12023,258695,116239,13259293,978406,17850,493886,9956,11262431,8696,36821,575221,400299,11573,8359
"DG 40:4",1378,5613,1463,59824,166,88274,102116,48290,3789,122,140015,NA,18,16739,295379,104,1757
"DG 40:5",321142,14936,419426,191521,390530,257966,310102,528283,180545,251926,256966,85857,165244,377146,209998,1631071,1012392
"DG 40:6",25081,71309,87059,604777,266947,418113,1049754,493666,208334,168203,873114,4611,29244,173698,779785,36649,157518
"DG 40:7",625,NA,760,11472,NA,458808,4961,22019,498,NA,1813994,234,1197,2316,24372,3839,2056
"DG 40:8",6021,1360776,3049,148334,1721,103006,68943,158225,15523,947833,2251969,NA,850,107451,1316226,7300,7487
"DG 40:9",8196,140347,2090,201340,2166,965689,179467,71650,42030,121993,1527513,946,41,523326,1543606,1964,NA
"DG 42:6|DG 16:0_26:6",745186,276761,269702,339825,559629,43552,178737,674230,389710,207954,103567,171270,260678,446361,67460,112870,313904
"DG 44:7|DG 18:1_26:6",36347,2523753,4809,66856,24596,90218,221646,519555,182953,1268473,44468,13313,11246,295500,1335459,381238,119386
"FA 22:0",11288,35994,10780,697,230,32931,42542,61193,18495,29591,5245,6699,6600,20875,277,10082,13070
"FA 24:0",16231,11734,15496,17247,19819,19460,13208,23722,17179,13450,22677,27580,31789,15067,11690,24962,21013
"FA 26:0",20522,20511,26104,714,3697,5797,39677,59166,15933,12401,5676,13941,14643,13419,253,7857,14125
"FA 26:1",NA,4,162,3589,28,3184,8055,3962,1275,18,3590,1,41,503,28607,32,45
"FA 28:0",13871,11145,14746,5825,2108,35131,33688,24325,23855,16180,50659,11029,15462,46304,9390,17464,15881
"FA 28:1",337,435,567,108760,442,200631,171048,7636,5543,18,227617,588,200,33455,19828,44,151
"FA 30:0",28654,11096,23187,66271,3260,10726,70604,23194,15990,25894,16481,15814,21423,71198,40571,18611,25028
"FA 30:2",27,669,358,13945,22,291236,6531,5266,45616,93,172017,38,4,24067,51122,140,318
"FA 30:5",65,258,14,7425,16,10717,21052,23233,2757,76,6689,39,NA,976,1924,10,1363
"FA 32:0",7472,20826,3093,1205,1987,304,2333,1010,18947,2057,403,1026,1209,2077,1294,9975,3637
"FA 32:1",150,171,316,8272,671,31679,39863,4032,4828,343,149836,260,88,30153,8469,353,309
"FA 40:5",706244,2942859,4147538,13675,13720,1284543,3526672,3048292,2444706,3738088,429905,2818246,3464311,3624810,6507,2662394,3839022
"FA 42:5",4349328,3312374,5414739,37582,52012,1051889,4233116,3524874,3161785,3799308,552857,4030651,3726884,4419174,17055,4154196,5547549
"FA 44:5",1548154,654479,1428702,16776,12809,214487,1110440,831671,787210,1076707,150036,988763,743057,1097681,4795,1255977,1587882
"LPC 16:0",359740,415315,45452,29755,7518,361,164168,237451,3272280,135699,NA,40030,24299,277804,34299,76818,182812
"LPC 18:0",5328420,9974309,2940279,1195133,6899888,3767525,6503430,1274245,30558694,2792644,7294866,262542,1017563,7614251,6137514,3248020,4471821
"LPC 18:1",404801,2036444,464021,724530,1773470,505909,1689130,553035,2120486,767358,1071546,468289,747258,1219569,1035182,442632,708670
"LPC 18:2",36049,478711,17338,75490,137847,29890,289925,116900,770176,180582,80423,40007,57675,158298,194287,43921,43117
"LPC 20:3",809349,975558,870079,783515,1343391,297898,874990,567368,701780,661732,244174,834043,901848,803351,867114,918797,910486
"LPC 24:0",49489,516117,14216,7314,76905,34673,336511,17202,1335982,121269,97536,18560,167630,222936,72312,20543,6439
"MG 16:0",6390795,7724388,708278,6186606,2678302,496892,4432708,9900489,30202516,4056456,10149266,14626329,2090238,1477377,4763206,1766189,1296369
"MG 18:2",15942,202772,109741,1903365,74978,4373429,1872332,180084,326128,220943,13741497,30664,31979,711317,4731800,97792,56218
"MG 18:3",804098,854726,699468,1133140,1048226,623488,1320250,2431097,1998492,838593,2211950,609967,674932,667652,781375,581477,1180561
"MG 20:3",35050,37051,22141,192358,4981,2312593,98283,41609,161940,5177,4366586,15258,23282,942964,1373743,31544,5306
"PC 30:1",48444,1101316,38898,304296,418863,106190,1225697,572314,3582056,126311,44996,119388,111945,637213,185874,69505,90502
"PC 32:0",335104,654165,69425,779187,210520,18727266,809613,148609,823084,242166,51474920,70512,303850,660312,4741224,51563,63695
"PC 32:0|PC 16:0_16:0",256109376,391136096,128081472,185168800,288843360,8567852,393910592,204633136,462874400,237733760,124162752,160992992,329171904,310414112,185505424,97084336,119736680
"PC 32:1",1492224,6780416,504719,3012847,4196438,43615,5327918,932112,4631954,2704682,71690,1382847,6623968,4066999,317616,256274,60877
"PC 32:1|PC 16:0_16:1",37598460,87961392,14970154,57585812,57745228,2348256,44539772,25363462,142072960,8264203,17013786,18954562,54632564,15252058,30448454,4662319,5058464
"PC 32:2",1030564,3770144,315958,766769,1169602,76646,2166411,1206681,17713086,549926,405101,470949,720024,2507526,810891,486553,249885
"PC 34:0",551223,57705,776613,144360,1056346,33567,1763473,543781,856323,509745,142252,1252226,2084957,937761,323066,285615,541241
"PC 34:0|PC 16:0_18:0",47775252,45971660,18180404,16457255,39955868,930985,58607020,23295766,69475688,32042764,11618750,21846616,47751256,49061276,25754396,8628813,17254200
"PC 34:1",8360538,68039368,2881758,5270323,11994460,881292,24354378,12140929,146857904,6267132,14729068,3868824,12576235,22423540,11433278,6908922,4682072
"PC 34:1|PC 16:0_18:1",1341714816,2172340480,785224256,978446336,1575121792,59864296,1713384448,1169368064,2105769984,1121064704,695694464,879561408,1362996992,1707273600,1067363520,545733824,740878592
"PC 34:2",336408,7973124,268749,401451,2061974,47728,4630488,2035787,18603666,643736,403484,112174,2186436,681764,1990789,1103918,743237
"PC 34:3",2410929,842762,296980,47922,1262845,5741,3287939,567336,29312800,771556,67805,396516,106019,1689725,1431540,461277,590079
"PC 36:0",4031797,4067014,2011444,1718855,2824062,1052279,2403431,2365138,782974,6289826,1248286,945331,966951,3738259,4559340,1437642,1611657
"PC 36:1",4638936,242876,4381398,1611336,10777087,121547,9778362,3816749,5550070,3324644,1065383,6166738,12028102,6810434,1977576,1802853,3288345
"PC 36:1|PC 18:0_18:1",242379184,38096028,100630624,65018708,315976480,3896020,302804928,128845288,357746592,162679184,58802128,103637808,267048992,291131168,126680144,47811220,94928712
"PC 36:2",4627644,7896612,308977,1399211,8227086,8804,11509359,3512707,20723352,1673090,378653,430906,7363128,6219586,2361579,569764,344290
"PC 36:2|PC 18:0_18:2",246616800,524770272,41061204,61681860,220233136,16638690,358642400,134467680,1296041216,91336600,103519200,43859924,143472512,304414880,166798944,53296508,63643808
"PC 36:2|PC 18:1_18:1",70664944,151734256,40098944,56244444,101919848,2748512,100024480,58144740,163450224,53900532,6863130,41597780,79331560,98122568,59426536,26368028,31415922
"PC 36:3",26011054,70010864,11292274,16183716,35250292,4967137,54021156,22802252,125360112,18452564,16581604,13010742,32437988,36433272,18156524,13661117,12513295
"PC 36:3|PC 18:1_18:2",8455941,58988544,2579481,5434714,7594976,1806045,32528338,9208370,130932800,2970880,18089024,5517858,14960853,19668484,16366721,3471952,4306606
"PC 36:4",4243892,6632331,1917233,3375287,8959296,72711,10264909,4668868,15291928,2003555,1957079,4181368,9388435,6608410,1615243,3965658,2878234
"PC 36:4|PC 16:0_20:4",202664480,560171008,82814144,125536800,285248896,38213820,436749408,184221792,1104869760,138503344,135389616,99642400,270893568,301627904,146696624,102952432,92936944
"PC 36:5",895965,1740609,493035,440675,1410050,89930,1862817,534829,7310529,437042,188960,486262,751634,1239864,477679,465520,437812
"PC 36:7|PC 14:1_22:6",4083488,835403,1988130,1210512,1810348,375257,2526202,1250928,980642,1114758,850156,1019571,2689309,4236159,109474,526749,1308151
"PC 38:0",11138,46993,5721,535538,10853,2259224,79347,19836,258324,22809,6810595,1821,4808,382224,1350088,3176,6311
"PC 38:1",315200,195373,846878,257652,1073079,151480,514834,1185415,414964,385751,395300,798213,795328,2285998,269702,79327,410236
"PC 38:2",105391,169154,80140,40406,240427,NA,185302,62258,465983,182276,1078,64523,442021,174188,33811,117904,83924
"PC 38:3",13753499,24331110,15274272,4910806,13209310,2679015,15136573,3676952,45072396,5044756,20789052,9931465,11929202,13036730,6179662,2452283,15134349
"PC 38:4",4889444,8745804,3311831,4318395,8665204,79425,9800060,4193940,6083326,2759042,2795258,4565833,9320488,6711072,3154988,4271474,3395749
"PC 38:4|PC 18:0_20:4",232379376,678785216,75161824,146877888,306429216,7558508,405986784,162576848,851672640,141339280,149719744,79268072,244166496,312759520,161688288,69095392,79090448
"PC 38:5",428023,954182,206308,324606,872547,56213,1306049,574028,2253486,187067,371674,498869,1021575,943173,221025,464855,216525
"PC 38:5|PC 16:0_22:5",15920514,46303372,5853168,6431374,15130116,1031535,27724104,9611072,78824336,6502658,1528699,5189393,12991728,21092026,11011440,5375780,1005926
"PC 38:5|PC 18:1_20:4",30449562,114255472,15199235,18364888,41413912,4944368,68261392,28387266,175254928,20641562,24237732,17497764,39236636,52060244,25214120,19535154,12785046
"PC 38:7",246351,459951,71703,78677,220321,20667,643586,128484,3442461,195047,38337,32490,154421,120714,207821,63636,67766
"PC 40:1",78983,126154,81617,89445,491435,35970,279428,253803,293649,106037,64951,26044,125901,747758,150869,121566,94776
"PC 40:2",58866,3083413,4580,50831,6694,13617,168783,320016,5819,2623236,21555,6570,11473,304517,1779280,7175,21258
"PC 40:3",650412,1545500,13986,418543,1052779,7487,757252,435531,716736,605032,4109,145890,138844,723087,14568,90215,143406
"PC 40:4",1326978,3267565,432335,1387744,4019044,NA,2078510,547008,4094769,1016453,35748,393942,1461464,1926275,183831,237773,404357
"PC 40:4|PC 18:0_22:4",16985620,41696116,944516,11000071,28672022,120759,27885790,6254486,43653512,13677225,669229,766525,22351410,19153690,9333210,2520226,691276
"PC 40:5",1079756,4599715,1338306,2285130,2072622,158531,1847718,814233,3863483,881099,416040,875791,1268740,1583826,838449,335521,805555
"PC 40:5|PC 18:0_22:5",12261408,46275020,2185021,4531575,16355651,481323,19411028,6940512,51460884,8015563,6509324,2537712,13575938,17864504,9118883,2782964,3200669
"PC 40:6",2080763,312476,909695,722824,1437329,154329,1510413,968732,3735072,961515,597997,569775,1145344,2834213,899645,122626,1052898
"PC 40:6|PC 18:0_22:6",56138396,167808080,15893996,20371680,55030504,5282458,61431656,31957958,290941760,30875788,23500046,16116508,42059620,66171340,31514760,13338024,17769784
"PC 40:7",768744,1885944,80072,113174,546270,6671,1299323,81600,3480839,362791,18124,64139,576967,618564,153871,141971,133021
"PC 40:8",317034,2965513,78938,121008,702722,37574,3097246,396774,9625561,483625,255442,123550,227534,647471,324950,222442,133027
"PC 42:2",233306,358959,312471,83903,942426,51377,491352,369306,503724,497864,143562,228282,814810,459119,95205,162512,267080
"PC 42:3",42277,51291,90742,70052,878863,8816,798784,206314,101951,202168,44794,63718,728757,427989,95308,24328,162107
"PC 42:4",698146,542768,175349,515889,3094578,16569,2378114,452168,3162689,1536537,99774,196836,2160038,1360848,390142,66928,261977
"PC 42:5",429881,919696,281096,549232,1180869,2809,759873,512089,626536,321759,128150,283623,687280,971095,153063,58539,127271
"PC 42:6",78148,68892,83175,144141,428987,4875808,108445,271527,743353,247419,5684491,111782,354084,685064,1683233,31199,93595
"PC 42:7",1066336,1741454,478781,438168,1374621,33797,903570,302869,1659934,697105,183087,339926,896403,964658,584812,169000,320241
"PC 42:8",301502,639676,31991,56255,459796,8799,328753,210938,989787,222574,82718,26607,243364,244940,124692,21948,19971
"PC 42:9",198434,336469,53868,52460,141938,9993,283755,72325,531436,88294,64535,30503,136480,116510,85592,21957,25614
"PC 44:0",91805,1057646,91399,120353,184169,38908,117758,243388,39720,1232824,259139,44638,87784,224305,412182,87586,114020
"PC 44:4",1613,147232,4631,38252,3833,562069,46389,53724,28349,470133,979382,444,1692,57188,461996,4720,6474
"PC 44:5",247783,182347,88216,151355,740498,35861,677862,145515,1136715,300671,58726,111115,900157,346008,94646,72907,100414
"PC 44:8",425683,700186,188300,102295,617619,36798,1338973,336906,407196,434441,218626,263491,851691,525246,306532,200907,163146
"PC 46:7",84954,206323,12860,32240,231613,2946,57602,39553,255795,97895,48057,17180,196142,91822,45714,15326,14370
"PE 36:1|PE 18:0_18:1",1752773,1802091,513631,435896,1116823,NA,1888435,616264,3406786,375465,5277,704554,1052750,1266247,381047,201781,359700
"PE 36:2|PE 18:1_18:1",2130653,895522,562720,237826,747790,27753,1017633,119921,1794810,131598,22967,440704,732859,1038829,212582,163492,182390
"PE 38:4|PE 18:0_20:4",9296790,8517466,2446948,2190893,5001138,323780,8561718,2673905,13975556,2257117,717342,3320803,4359428,9247924,2978576,782687,1826466
"PE 40:4|PE 18:0_22:4",7930,10211,31481,926,2067,20649,45420,25530,39279,21179,4140,43884,40459,4966,1220,17049,13301
"PE 40:5|PE 18:0_22:5",29788,33675,22953,2391,2051,21237,31167,18860,54889,9399,4929,24549,21499,20161,1434,14248,7967
"PE 40:6|PE 18:0_22:6",21903800,12349665,6844902,7461134,7814178,1261530,15355387,6026219,9194146,4601764,1663817,11422841,11027841,11518809,7073100,1972900,4254901
"PI 34:2",263460,216787,36417,55707,267577,6870,204585,102077,1011833,66877,77058,18648,49404,378620,121259,23023,80230
"PI 36:2",19090,84979,1234,770,NA,1449,52,11625,658890,108,3244,NA,10208,2524,7283,1902,573
"PI 36:3",115906,103440,29350,26304,173391,3051,96791,63016,365879,25456,24957,18526,22366,203237,58896,14993,47174
"PI 36:4",626348,660970,232189,145907,901818,67399,978478,320445,1240726,280987,79521,266184,299249,1009165,475153,74017,315305
"PI 38:3",673648,709434,258068,107644,697033,9413,566755,305009,1408167,201658,94576,158229,309242,1069211,316551,54228,186747
"PI 38:4",2717315,2810602,2329412,2210330,4208524,385324,2566470,3829516,6420632,1967614,1194098,4018754,2620509,6405852,3087202,906892,2178872
"PI 38:5",678259,448400,308304,223047,864737,60471,722875,262299,765781,202011,135303,298672,284855,997144,462515,33121,283802
"PI 38:6",158645,129661,78298,52932,242079,16940,159526,70848,377138,75107,18613,48593,36341,212443,85197,10459,71459
"PI 40:6",291034,256624,222394,140519,328449,37244,264721,241269,274158,235024,69499,289806,230047,438211,160438,39020,132427
"PS 36:1",125945,23188,303242,75330,1347742,38174,1605175,536999,240119,1271767,108399,319538,892586,1884754,384728,6549,589433
"PS 38:4",180462,74283,75090,63883,414897,40680,323370,117636,601050,62556,89488,198861,383554,592059,218161,61898,193709
"PS 40:4",428832,415386,366972,287433,481006,536037,507785,465978,285094,495221,564698,144684,204117,592955,813846,146473,252815
"SM 32:1;2O",1999727,2682837,202824,132770,10284,39148,21447,1599514,20336668,90991,212181,6533,2056870,3738593,6525,234733,9047
"SM 32:1;2O|SM 18:1;2O/14:0",5598442,11883697,3054848,8532443,12858943,3037399,22196776,13367301,38076036,6142500,13871041,3049116,5687712,28995976,10254797,2457376,3728718
"SM 34:0;2O",21609526,53572584,10077680,17968944,41011092,1007719,37940456,19698256,72557936,14085544,21606218,7105616,19868426,46782512,15434256,7524394,8734945
"SM 34:0;3O",63510,228392,14222,20440,78293,65842,100104,97889,655542,57261,95581,19757,53003,144674,198166,15882,15276
"SM 34:1;2O",2982488,45686704,615277,86846,276839,1507,151171,661108,142655616,41330,325841,51275,3987853,385493,27505,1023764,123979
"SM 34:1;3O",6077338,1543596,2066025,994173,1939708,353344,1350822,5277829,3365328,1039104,5498398,1226113,9843871,2548686,2224426,2162735,3102074
"SM 34:2;2O",711700,2348560,111983,99866,10581,14263,50995,954680,34095916,13875,102016,2309,1699388,814468,24991,72144,4061
"SM 34:2;3O",74091,99988,129702,93656,297669,22865,368431,914891,117185,125226,213704,54625,357835,2245181,164110,378169,311776
"SM 34:7;3O",15484379,11083262,15484287,15639693,10531941,3589714,14375156,15895069,8397142,12645027,2858934,16267201,14489940,14511827,12956102,7107642,15997053
"SM 36:0;2O",4033619,3696235,1358311,226682,7967800,644118,5080362,3419009,6926560,2617974,2766611,1378663,3462651,8104068,2641300,169953,1832576
"SM 36:0;3O",1486620,2217513,673046,931082,2794178,22055,2244668,1235411,2898131,718181,46945,614001,2356248,2152136,707165,236448,673980
"SM 36:1;2O",1608012,531470,697588,488635,2257818,393496,1417489,534151,859039,268085,423455,1578754,965752,1336632,231235,605853,748286
"SM 36:1;2O|SM 18:1;2O/18:0",152357456,228260448,87665240,97633800,152179856,8508967,165773424,128638408,219630976,95304584,94596856,85083192,105198056,197381376,128599248,50340268,70581192
"SM 36:1;3O",24338476,7357584,1488771,17237338,44000888,1160371,23211858,20750602,56074796,14369028,2688640,6495942,22185662,49107676,11878039,9199356,12687019
"SM 36:2;2O",720715,4521578,34379,25192,2875,7685,58194,132564,13249204,16166,31290,4123,330513,25412,138666,275194,7360
"SM 36:2;2O|SM 18:2;2O/18:0",27435160,99524544,19380770,24192210,44590496,12963659,53452752,35944220,74133648,22641852,38864332,22485342,27717956,59261092,32941068,17831952,17961354
"SM 36:2;3O",2864,328680,2894,26193,4754,1188,72985,85788,8038,810506,22439,1146,NA,28198,512187,3389,1234
"SM 36:3;2O",47402,176198,11378,42854,76060,5044,46099,152267,854174,12892,11651,1455,32511,298694,9819,7193,26268
"SM 36:3;3O",2167548,1525032,548272,1678589,3940263,454938,5556880,4114540,21747330,1367613,4833039,440280,1649319,7756624,1536805,1139288,1242806
"SM 36:7;2O",247743,86621,151697,135060,304433,46642,323128,317004,245598,266318,154272,49720,99833,275204,181622,88845,110596
"SM 38:0;2O",581585,742462,1430565,108531,607699,59041,715825,509403,5013036,259844,623498,1414384,1955075,8476103,806662,82014,1150103
"SM 38:0;3O",4352,11148,4308,722021,4261,2091719,481072,311573,548242,20319,2233790,347,3389,888168,694464,5004,449
"SM 38:1;2O",2876800,30273158,1261358,3986708,8657851,77752,12407660,2392670,38351400,4154260,273514,909516,1786421,6142242,5062407,3531020,5706271
"SM 38:1;2O|SM 18:1;2O/20:0",32508308,4050446,11015165,1281500,23173810,1248791,28610238,25249098,47690968,15194625,8431812,11797486,20154292,43266768,15916854,3033625,10027042
"SM 38:1;3O",1902303,4010209,653427,1264579,3636731,58071,1528850,883907,4793550,1183128,295357,510681,902182,2096542,144252,226731,384824
"SM 38:2;2O",12567785,21878382,1046341,6077269,13078388,1558681,17962178,11232437,27115180,5110479,10572646,4545670,7508978,5387042,10915547,4018696,6204314
"SM 38:2;3O",3066182,1121473,1117404,2728667,7154780,42998,2863430,2560456,8150568,336103,1675390,142372,2481246,5977076,1346356,1210893,1357880
"SM 38:3;3O",4549801,6202458,297686,2951970,6160835,77644,3942585,3390813,5780602,2125878,290384,1142842,444401,6784824,1716939,1393268,289294
"SM 38:4;3O",309167,989156,66535,447848,561802,70316,863760,187914,3085309,181884,179487,52335,806126,388491,98661,96140,194966
"SM 38:6;2O",76830,112987,38874,1718344,121107,4396529,1507809,168089,280520,68319,3602143,123402,106683,4857164,5381888,7746,94745
"SM 40:0;2O",803159,2575551,593763,295628,1400573,30044,999131,1176849,2957034,366622,49339,494453,1421946,1727655,104436,565465,790293
"SM 40:0;3O",982433,146573,381620,305706,625354,12189,1026674,934163,570620,999439,63909,91746,700225,1259472,141018,117728,281755
"SM 40:1;2O",5339808,37425576,15907052,3360700,10809251,1492553,8836043,6848620,16716317,3206768,22952420,12800819,7346071,11970306,2341035,2028168,20636550
"SM 40:1;2O|SM 18:1;2O/22:0",37256464,13595923,20430232,18937672,69909920,332995,69319736,45536124,132914816,19456532,22840492,16110660,41524056,78039744,13261669,8225299,26853098
"SM 40:2;2O",3881200,8339478,1501028,1932816,4591428,1557538,4611862,3798326,12924262,1443038,7213243,1164380,2456972,8850850,2509320,1062348,2331858
"SM 40:2;2O|SM 18:1;2O/22:1",9404690,2015875,4951112,3021726,13814026,145768,9827903,9145852,35816988,4504359,5084872,2342830,8275454,22163280,5331264,3491760,6751496
"SM 40:2;2O|SM 18:2;2O/22:0",26218302,17408710,8641312,11790119,33137474,309600,40489536,22158098,97152160,10453207,11269185,6309824,15722199,53958040,14490935,6572501,11805203
"SM 40:3;2O",3062132,7249010,222349,2011398,4657687,36226,4618397,4543864,12207475,1681964,561831,134247,1766448,1605403,492977,1673502,349638
"SM 40:3;3O",394849,430288,81964,829247,3320081,1803,147797,122130,2362316,262802,34289,9266,1551035,459780,73313,66321,53980
"SM 40:4;3O",2134964,8000676,728699,4946518,13234376,27581,5926018,1721295,8284928,2187556,1306552,434110,4332420,5983694,1165109,544966,650730
"SM 40:5;3O",1157654,3764187,147446,329370,4271456,17429,2510132,1297235,4933516,1346781,85622,28329,423914,640408,198115,79412,79069
"SM 40:6;2O",2306759,2140054,1519549,1204848,2269683,884177,2346909,1950558,2601092,2791222,1730754,615182,1124680,2662298,2474960,909714,1081842
"SM 40:7;2O",1571746,805372,422558,1288748,1779144,42542,1434366,388296,1678186,1266573,436276,204714,1954610,2644330,1341889,395588,448323
"SM 40:7;3O",284793,5040610,184898,397175,1336826,84759,279854,481748,5973082,201480,877002,50658,1966912,720587,225447,116975,110426
"SM 40:8;2O",2524,282636,9738,5695,6194,846,38946,8726,3518,946498,5729,3381,4845,23703,203990,26550,2480
"SM 42:0;2O",2502744,1540038,1798533,306584,6906161,198401,1388866,3490200,2429406,1903232,834028,1536375,4989962,7570374,1484558,2031951,1948638
"SM 42:1;2O",311234,2291345,263181,305172,1290090,63783,1911558,852544,2982012,307453,113891,277698,1298874,1827448,650875,472371,373120
"SM 42:1;2O|SM 18:1;2O/24:0",19458218,63313872,13336258,8549552,46942356,1001918,42178052,24327788,81161464,15168440,16919528,11960121,32596022,54202916,10251936,17965272,14987677
"SM 42:1;3O",1651093,2302242,894641,842393,1957332,48953,1907770,1624961,3793011,1013469,107469,671367,1365237,3107424,1246904,410345,189859
"SM 42:2;2O",9921758,4169170,4010515,4569340,15923415,147656,2913147,10615984,32376828,6737932,2295052,2378685,7603698,23922452,6690730,3620716,5510284
"SM 42:2;2O|SM 18:1;2O/24:1",115439152,222537488,70205448,73947296,259797856,1386312,172467216,134606896,422504544,64312264,57238936,38415456,150172048,223778992,37029844,75690656,83409344
"SM 42:2;3O",243314,1070993,80820,21849,676027,1256,116508,186600,596245,69402,29519,33442,221513,519920,229729,6999,67048
"SM 42:3;2O",57897580,10781164,20759614,4506028,14817956,1826691,11323153,55478840,33317062,4024042,13450656,11920755,38304904,25870522,3744324,21107968,28164806
"SM 42:3;2O|SM 18:1;2O/24:2",73311776,127347136,28516226,34902120,119454352,563884,95553384,71262552,237073328,33893648,28665874,16852196,56037304,170356816,34943948,27510590,40215592
"SM 42:3;3O",34101,1091514,10496,122974,34437,20501,333321,92537,266601,592159,8187,5392,15327,224297,142431,3594,19165
"SM 42:4;2O",1270144,2618794,269227,607136,543227,10965,1736976,450149,5378152,368046,371052,247911,228397,1154463,371792,292295,207516
"SM 42:4;2O|SM 18:2;2O/24:2",5068211,12778830,380722,2583094,11648929,105147,7990703,8360834,18890026,7894710,5496455,281663,5240874,14932262,6165802,1772059,568781
"SM 42:4;3O",305078,401728,63577,443912,937804,9953,374989,382078,1191053,348912,5362,63414,612457,1046140,275510,152814,155199
"SM 42:5;2O",146447,374794,294066,276360,668667,NA,1293911,1858714,617035,1180773,481910,285596,346052,2697532,1432035,38204,248755
"SM 42:5;2O|SM 18:2;2O/24:3",175452,1298237,179176,106930,850022,4582,1019919,386143,534154,38345,62290,24572,380006,711531,20541,100365,33761
"SM 42:5;3O",508292,2488508,148018,996965,3291534,6182,1333567,200627,899609,838227,57130,93652,910773,1796230,512860,81304,110312
"SM 42:6;2O",23017,3200980,19376,42947,55989,27954,21094,93167,58142,8220937,12894,5057,24046,225174,3886905,34538,3549
"SM 42:6;3O",2067234,1654887,552529,3183855,7086672,70848,3619442,1519252,10637119,2816775,614446,324230,4099432,4770938,397394,532647,694896
"SM 42:9;3O",286888,557929,424142,294371,238791,488828,511733,538574,187725,539878,530405,638461,494831,313050,175280,383962,403656
"SM 44:3;3O",30511,155135,74298,4821036,89882,4911900,6062696,621763,825762,53730,14118135,11192,88871,2762876,9007491,23699,39052
"SM 44:4;3O",35589,164498,6145,124930,488466,283933,764046,132013,118297,1389606,325320,6215,82019,738023,1239000,12816,11214
"SM 44:5;2O",489020,553790,150286,176234,258930,8337,754233,879483,397295,495711,269135,103400,392162,1650196,105053,151884,325717
"SM 44:5;3O",328298,1899545,100678,1279921,4442621,4122,1005818,260956,3876593,637698,10479,251103,1266128,2859156,125228,207280,101746
"SM 44:6;2O",398119,129591,240986,193329,674802,21375,213572,248193,70879,278903,19346,343010,291312,245264,102613,246970,460423
"SM 46:4;3O",42834,282584,3414,48095,540206,4996338,135265,276259,91069,70748,13234225,5747,300673,373799,129899,74941,40763
"SM 46:5;3O",2107375,864220,1236260,779448,12504607,194430,3337583,495247,2605323,2396856,2820289,1293678,5740213,1754897,235527,1793444,1172629
"SM 46:6;3O",1749421,4062200,70671,1951482,7568913,73548,2846518,1181517,8169195,1022893,166659,72608,420414,4383418,244525,703079,107562
"SM 48:7;3O",371816,1171848,205697,620532,3160667,21400,813177,691208,2137468,829229,108009,180223,1610441,1528404,149099,285450,269693
"TG 32:0|TG 8:0_12:0_12:0",55452,46098,69581,88230,26273,477126,156754,18146850,414414,48872,731741,76227,44895,314236,160521,43648,42895
"TG 34:0|TG 10:0_12:0_12:0",63240,7329,39757,46297,116742,101340,204470,11191737,332850,11543,242587,69158,46467,84784,94212,2946,13932
"TG 42:0|TG 12:0_14:0_16:0",648044,190765,958134,358001,61326,368636,740748,13747891,389195,329135,401815,131597,107540,1375764,894849,938300,832718
"TG 42:2|TG 8:0_16:0_18:2",1332017,307178,141067,98868,163059,572919,5479261,204074,87517,447777,385722,79787,465344,101159,531812,24868,47627
"TG 44:0|TG 14:0_14:0_16:0",2110760,965180,2240528,3444516,173467,2749234,5443254,1251832,3662308,2150326,1832869,2315573,1430318,3555338,2455920,2266034,2428158
"TG 44:1|TG 10:0_16:0_18:1",977790,1155053,999540,1519705,495722,83472,4770896,1865967,2965566,1238773,163276,1124940,1073889,973840,322886,1526899,738017
"TG 44:2|TG 8:0_18:1_18:1",1237034,1364709,362846,468362,239631,1727258,4312908,1506396,1341015,1758327,1481740,394572,464398,1368234,2465247,530404,326472
"TG 44:3|TG 8:0_18:1_18:2",17798,94485,7616,50105,6833,412215,511261,227278,45401,430535,1532454,56104,26592,766183,1064699,148479,39978
"TG 46:0|TG 14:0_16:0_16:0",4756706,3801089,3830182,5435117,319212,10633453,9545523,10326689,6916403,3855131,10114558,4217605,3884644,4603867,5480468,3477203,3660974
"TG 46:1|TG 10:0_18:0_18:1",179190,735411,139453,84237,228794,40829,195061,222430,438628,998239,47121,78524,153201,463721,149134,188880,157939
"TG 46:1|TG 14:0_16:0_16:1",2262356,3586177,2315097,2954031,428417,7324621,8416099,1003622,8947612,1935778,5327306,2568991,2684154,2071271,3365531,3717013,450762
"TG 48:0|TG 14:0_16:0_18:0",1281097,365403,163664,288879,175585,6494538,557430,3948996,6650848,152417,4509428,616909,235843,1601999,385173,496423,844250
"TG 48:0|TG 16:0_16:0_16:0",6484662,11715031,5027770,7892370,451686,20439208,24174856,18890968,21435412,4905398,16074082,5061736,5585924,6390036,5837621,6384244,5371562
"TG 48:1|TG 14:0_16:0_18:1",6802790,17201100,3344316,7068550,690728,30857428,24531718,19695020,37280764,3248610,22671042,3103660,6177512,5420041,6608326,13780516,3492610
"TG 48:2|TG 14:0_16:0_18:2",5216242,14788611,2616518,4455244,501635,11834555,20244758,12956354,29736394,2625794,6555943,2626357,4991500,4533540,4247920,11157884,2217004
"TG 48:3|TG 14:0_16:1_18:2",2148369,3834637,786235,1860070,290347,304404,8982247,3666526,9928619,261401,245131,816696,1540237,607606,1743089,2683496,169344
"TG 48:3|TG 16:1_16:1_16:1",739021,1239438,1879416,1689020,341769,529600,95999,1898506,358861,2125898,364880,1475276,913592,543255,2748625,1089480,811428
"TG 50:0|TG 16:0_16:0_18:0",3198561,15505676,918598,910304,124710,44545820,2310629,15136153,28010932,2869705,27315516,783380,2168070,5408686,5729084,11306304,1891638
"TG 50:1|TG 16:0_16:0_18:1",2294,720510,255,57785,414,88021,44004,1912539,163921,442891,44537,NA,1342,108822,460819,1041,1651
"TG 50:2|TG 16:0_16:0_18:2",5485200,57887008,1052076,26138076,956525,182911152,34056416,80244856,87254288,10688310,104348184,3687782,3285940,5955437,22410292,13816647,1392477
"TG 50:2|TG 16:0_16:1_18:1",20713392,32666052,5852490,27507540,7459394,161651328,38885124,82850616,81793040,9446695,18768296,3476945,18030070,22637852,4706038,108688280,8854302
"TG 50:3|TG 16:0_16:1_18:2",903166,4164512,334740,1881347,8202502,5829454,36289884,1492632,7337632,374059,3047696,129747,1268513,910598,1201876,4814385,330583
"TG 50:4|TG 14:0_18:2_18:2",1996577,9022302,588041,2239350,279542,14811545,10903882,1406391,15738262,564425,15011351,289286,1518912,2042952,5118501,2467010,220714
"TG 52:0|TG 16:0_18:0_18:0",145644,849481,7728,861,96750,31891,25903,218406,61702,2593778,NA,1465,3682,319220,1591217,178665,54526
"TG 52:1|TG 16:0_18:0_18:1",8243996,69272336,2765752,11804761,456789,104186920,33476178,39703620,78715968,15597220,55184088,1151656,6837499,15902706,17933514,81608904,7145869
"TG 52:1|TG 18:0_18:0_16:1",31267,11593266,19632,42139,60974,89535,557223,4623414,62550,49295564,63372,29029,35789,12538456,55714936,6371318,662030
"TG 52:2|TG 16:0_18:1_18:1",41088464,372882336,13986940,58137660,3004170,529313024,170399984,206312560,461975200,77146424,286859872,6166604,34719416,77979616,82773304,492961664,38039968
"TG 52:3|TG 16:0_18:1_18:2",50945780,456796224,17034188,63010104,3506678,368020960,237864368,187906672,541810432,32896470,236952192,8089972,38592816,51683676,76009936,222283056,11880183
"TG 52:4|TG 16:0_18:2_18:2",26070768,244556096,7846164,30610158,3710431,41337604,101039720,65259200,271829280,11472641,60377300,4410460,16011667,27552710,46851704,49962304,3017414
"TG 52:5|TG 16:0_18:2_18:3",7119272,22605904,1427075,4345600,715935,63915452,25790256,4331187,31354786,1512000,52589948,818236,2434980,5130718,14133770,3661152,618927
"TG 52:5|TG 16:1_18:2_18:2",871642,11136116,364128,2845678,798696,5230701,5258426,6914684,18775440,461663,5385971,844530,1430809,2989538,5597566,3698852,408155
"TG 54:0|TG 18:0_18:0_18:0",102840,979212,884728,1418805,54617,3943520,376033,20372,1774971,822856,4823588,1086194,754198,533863,982866,670443,744412
"TG 54:1|TG 18:0_18:0_18:1",139465,10556684,392379,2160262,45613,20582958,3271388,130611,6601948,2731298,15964540,252813,532849,2576307,4153392,5533188,679783
"TG 54:2|TG 18:0_18:0_18:2",20872,1550677,2301,50272,11825,843581,4121795,717112,79009,822241,1023422,1673,7217,302108,1271436,313827,6655
"TG 54:2|TG 18:0_18:1_18:1",4533252,121005616,2142192,11505280,402623,99782320,21848968,3791503,38070188,30341400,53736384,1043214,4293276,17802464,36063276,71366496,5275588
"TG 54:3|TG 18:0_18:1_18:2",5391708,33660388,628351,3735376,506779,114431752,6472424,9625996,50821140,3684058,109813176,1093816,1556898,5392062,9118508,9687726,475991
"TG 54:3|TG 18:1_18:1_18:1",9561025,394243136,7232384,28932058,5368742,223683184,46445288,145376128,78207608,162130880,107768808,2192213,14293014,75724648,164683776,280523968,20703630
"TG 54:4|TG 18:1_18:1_18:2",20327030,183235216,8953822,47991072,4429673,268328112,86819208,129327936,137723520,35841208,230519216,4075983,15100371,31663904,89890464,73503632,4710740
"TG 54:5|TG 18:1_18:2_18:2",12370572,103161808,5278773,29620444,3467004,105236384,63064696,7684086,84382344,16758561,90374992,3094320,7430949,32211934,68396824,25960476,2249845
"TG 54:6|TG 18:1_18:2_18:3",5420940,30673262,2172104,18246562,2025742,401590112,34683292,17371726,40094000,5333710,363843264,1277177,2257514,33772264,87244872,6906483,866419
"TG 54:6|TG 18:2_18:2_18:2",787382,29916348,330517,17197998,10218543,44011652,36128556,732923,6321142,4608150,64033980,1200705,405730,33361458,86622656,1320816,151221
"TG 54:7|TG 18:1_18:2_18:4",20034,56027,5826,36788,18344,17177028,195679,75992,6675,111915,49689788,3211,10682,265031,2986454,1698,7821
"TG 54:7|TG 18:2_18:2_18:3",1409283,6375809,511225,3243952,589383,65615912,8278892,2033963,10042666,233413,56809832,293409,531668,6485620,18635610,1134525,196971
"TG 54:8|TG 18:2_18:3_18:3",178863,459951,38085,409488,279534,9195644,1406362,265680,921512,38078,7611514,26287,28629,1040047,1518614,93776,20764
"TG 56:0|TG 16:0_16:0_24:0",127969,168672,26266,48226,641130,32517,119971,255478,47540,146089,30545,11724,8302,253247,15875,7340,47798
"TG 56:0|TG 16:0_18:0_22:0",175150,32586,1586195,13381,107076,NA,144977,8153,178910,15138,30482,36520,134454,132577,3861,22020,222126
"TG 56:2|TG 18:0_18:1_20:1",184664,3410854,45588,553854,57790,8418536,787883,205990,2779662,557843,3591074,28269,161684,634357,1071971,8260497,399786
"TG 56:2|TG 20:0_18:1_18:1",36678,6919276,20735,138597,25833,8618895,162096,129664,2587590,1756522,4821326,17121,25029,1316086,2221993,12000193,78929
"TG 56:3|TG 18:1_18:1_20:1",568641,7072008,327794,1417119,301191,23427744,2135560,1244538,7271970,1484780,6622434,89948,659200,2223146,1729263,51710664,2610334
"TG 56:4|TG 18:1_20:1_18:2",986360,6133846,403207,1875239,119082,14869008,900025,7030543,4774304,298266,9082836,152177,460487,1236695,1154720,10621481,720046
"TG 56:4|TG 20:0_18:1_18:3",197529,2099526,38020,623183,64027,1663979,1517493,454897,1680124,192762,1083191,33863,224074,123069,230539,691318,47086
"TG 56:5|TG 18:1_18:2_20:2",1133756,6209158,589491,2121870,297649,16452393,3305652,5022674,4353382,420730,8019280,354021,826601,1656570,1791102,3525936,545426
"TG 56:6|TG 18:0_18:1_20:5",12067,70826,2693,243171,11393,22225844,467914,88391,130488,12544,66129336,1047,5749,366132,3382070,888620,131771
"TG 56:6|TG 18:1_18:1_20:4",3650840,23748012,1014111,2923058,1638601,10130890,15917606,2657553,19085856,1243710,4092573,483631,2287715,2463849,3136429,2970953,345135
"TG 56:7|TG 16:0_18:1_22:6",NA,3070935,1365,11472,NA,140802,7787,45118,14684,2806678,525930,NA,683,259113,1358381,18148,2150
"TG 56:7|TG 18:1_18:2_20:4",2262058,15358452,668267,1576747,560758,3549329,9282783,1987699,15522973,830511,1887328,369215,1546405,1686943,2968854,1349276,146141
"TG 56:8|TG 16:0_18:2_22:6",720890,7355005,179072,290759,183886,1892916,2886062,888305,8252868,380432,730469,109987,953543,736951,791320,463963,58946
"TG 56:8|TG 18:2_18:2_20:4",884803,3501094,197863,522901,328199,164836,3818412,544413,4394992,615023,18137,120296,462092,528700,885647,519034,15280
"TG 56:9|TG 18:2_18:3_20:4",284954,572953,36803,197877,187681,118876,1201214,26906,370460,88610,92104,11742,53348,120496,278026,78778,11222
"TG 58:1|TG 16:0_24:0_18:1",118168,38634,3069428,5761,330817,33318,63400,61691,299841,24644,20970,8594,86481,1455058,9154,12682,9279
"TG 58:10|TG 18:0_20:5_20:5",16181,134480,5887,781050,9168,32725046,943790,46672,143326,269434,54927988,3746,3578,2023073,5999790,45457,11017
"TG 58:10|TG 18:2_18:3_22:5",NA,10590,312,1641,NA,5030480,16913,25558,4874,109846,5328380,483,898,16069,649578,992,1430
"TG 58:11|TG 18:1_20:5_20:5",911,2042,3692,102461,1847,20932144,776172,93160,1026,104393,16174436,2479,3601,1216576,4615322,2717,12948
"TG 58:2|TG 20:0_18:1_20:1",95116,899259,71328,194373,179345,519317,322080,67634,344144,301333,143967,24820,22808,192748,1374394,883117,156969
"TG 58:3|TG 18:1_20:1_20:1",102289,151884,20307,98847,33841,98368,146579,47528,350975,57949,8202,31224,26639,70514,49425,1238188,80379
"TG 58:7|TG 18:1_18:2_22:4",63609,3277168,96805,223537,164805,66992,2002446,77910,2390409,109016,42241,21055,487524,49430,153479,304266,24959
"TG 58:8|TG 18:1_18:1_22:6",469205,2215456,134655,168676,314630,52517,566534,288749,2180151,176983,23104,81911,529690,97299,19750,339599,28052
"TG 58:8|TG 18:1_18:2_22:5",109373,1242114,26682,86704,155457,206682,1024409,106066,672491,111707,61893,30195,118504,62659,217568,93365,5322
"TG 58:9|TG 18:1_18:2_22:6",526381,3034629,146720,335590,176109,431861,2713416,616422,2972528,425525,360177,80648,618702,310199,341956,236852,32682
"TG 60:11|TG 20:3_20:4_20:4",199,5180,3006,909,1212,3447883,13599,14531,385,15306,993197,37,2206,2029,378108,4232,5249
"TG 60:2|TG 24:0_18:1_18:1",134487,20730,1347760,1610,587532,41668,41828,552634,95499,25878,9265,2837,152422,324349,4442,6153,20906
"TG 60:3|TG 18:1_20:1_22:1",65964,56120,10418,46817,65698,744546,26115,28083,146281,5144,314346,5136,16546,84726,120689,844965,35924
