"","Sample270","Sample429","Sample430","Sample439","Sample191","Sample197","Sample428","Sample433","Sample464"
"DG 18:0",1347026,481655,169292,3049,21578,2392,92848,74713,22417
"DG 24:2|DG 8:0_16:2",352414,287999,120137,12804,7842,7521,610615,26741,4976
"DG 26:2",6013222,10122259,11410475,2264968,4450572,4255544,2202846,9950663,1726833
"DG 26:4",27255,40151,23425,5586,956,4083,407611,34763,3555
"DG 28:1|DG 10:0_18:1",232714,116683,474548,8623,998,5490,74968,120288,381
"DG 30:0|DG 14:0_16:0",501294,1003418,771672,142099,517653,501528,276525,774591,60029
"DG 32:1|DG 14:0_18:1",1158943,1637430,3226180,361242,558389,1565751,6131950,3482054,512825
"DG 32:1|DG 16:0_16:1",234731,345969,3359209,73639,126019,322825,6870200,3304108,465190
"DG 32:2|DG 14:0_18:2",536301,523826,636403,7750,160132,295991,5115664,850080,46497
"DG 32:3|DG 14:0_18:3",17102,5167,7834,26,849,4423,1013478,16150,2979
"DG 32:8",411585,543458,118177,90524,76826,148003,260963,115000,92710
"DG 34:2|DG 16:1_18:1",1779653,2043989,4856264,330213,430971,731515,1181192,3379393,1555466
"DG 34:4|DG 16:2_18:2",11168,19604,43440,1026.2,1026.2,5131,936903,30342,1026.2
"DG 34:5",118680,141841,414048,55377,38257,121397,69120,102335,33639
"DG 34:9",158372,253331,11643,328,1761,1230,4531506,185699,28
"DG 36:10",678641,509526,283332,96886,1509906,94242,1003855,1056533,1840771
"DG 36:6|DG 18:3_18:3",106943,116703,24577,8111,5854,13050,963992,90419,3591
"DG 36:9",187745,1202802,75634,41680,71539,76961,16854,407216,25833
"DG 38:0|DG 18:0_20:0",232627,681461,330081,436446,687506,204697,1045230,2207210,141568
"DG 38:1|DG 18:0_20:1",6636,475880,483914,585676,22474,131,2789909,59672,17723
"DG 38:1|DG 20:0_18:1",318003,467999,301655,625662,201245,361610,10519888,1873652,435484
"DG 38:10",112099,184583,222684,122213,109783,109386,124789,30486,78879
"DG 38:2|DG 20:0_18:2",549536,645327,223580,105661,348899,72003,23924646,1929511,40883
"DG 38:3|DG 20:0_18:3",86159,94677,39871,3948,36528,7123,1563612,246726,5571
"DG 38:3|DG 20:1_18:2",616552,551655,624423,30249,173755,342853,6479681,1055567,132517
"DG 38:4",74979,81026,152762,98054,64904,40584,86988,134918,95570
"DG 38:5|DG 16:0_22:5",22312,395732,221262,1279002,5120,883185,10723,16066,4104
"DG 38:5|DG 18:1_20:4",291104,690442,216002,43344,579769,1774382,201272,2241042,39273
"DG 40:0|DG 20:0_20:0",1446169,2358039,1446221,137601,713717,189247,1702624,2264406,111283
"DG 40:1|DG 22:0_18:1",180738,130059,150856,1493969,134854,946611,2610610,322429,61661
"DG 40:10",179527,308415,30355,22397,14553,11932,1713377,180020,7642
"DG 40:2|DG 18:1_22:1",78056,89838,106734,25990,432351,36196,280014,3148231,314546
"DG 40:2|DG 22:0_18:2",222212,282704,45852,254198,111652,129670,8782600,473754,13260
"DG 40:4|DG 20:2_20:2",438942,207172,1680932,267,2258,1794,353666,442441,932
"DG 40:6|DG 16:0_24:6",71055,272776,434270,129061,300029,6204,72335,90689,4089
"DG 42:1|DG 24:0_18:1",62460,86187,55382,460532,908747,425975,594278,911415,17025
"DG 42:2|DG 24:0_18:2",829833,1030222,199082,71413,796028,104773,4943830,1884843,6323
"DG 44:2|DG 22:1_22:1",66233,45738,19489,5420,23573,3873,4256508,1027916,6524
"DG 44:6|DG 18:0_26:6",11427,457942,82033,594914,27837,189301,102456,13559,4502
"DG 46:6|DG 16:0_30:6",11222,765359,153932,351656,101076,506489,69723,107263,24149
"DG 46:7|DG 18:1_28:6",40370,18863,127140,877798,45937,1049804,69340,29803,42425
"DG 48:7|DG 18:1_30:6",14880,40299,89271,690094,17024,2594654,7495,117533,16183
"DG 50:6|DG 8:0_42:6",1337068,952168,34410,4458,53757,3243,22600890,125007,2364
"DG 50:8|DG 18:2_32:6",449840,489971,70551,204171,36042,85258,1421727,299256,20296
"DG 50:8|DG 20:2_30:6",70893,60626,152690,112893,5920,206524,1020096,93627,19028
"DG 52:6|DG 24:3_28:3",111625,96309,652723,16858,8234,19162,21231,60376,672
"LPC 20:0",25941,32152,22554,12734,20452,88024,45454,484678,26968
"LPC 20:1",38648,133134,56412,37830,13418,114720,29221,331753,18612
"LPC 22:3",11721836,2472488,1274553,2068856,1832044,14671034,681617,11948541,5833565
"LPC 26:0",101746,136908,114651,349889,43401,37605,56715,440136,25309
"LPC 26:1",87891,344118,21632,51040,62048,598486,13737,1496032,5152
"LPC 26:2",111181,89278,177446,122418,101440,72561,6134,76947,94181
"LPC 28:0",327280,144645,185084,49370,227345,50956,199047,187018,131841
"LPE 18:0",10006,120043,17927,57244,134369,46818,236194,378856,54529
"MG 14:0",14371,19043,27672,17785,16120,8798,4627,5804,7552
"MG 16:2",62556,24235,21288,2526,18,6024,62226,3452,326
"MG 18:0",1724586,3096150,1522665,1010289,851021,519911,1672523,2259902,325478
"MG 18:1",1456587,2340333,241840,499020,10933,500754,1635437,52495,48701
"MG 20:0",77929,127350,165578,245961,109709,105884,53162,99512,160210
"MG 22:1",230650,175497,307312,127661,235405,102384,15672,220838,375509
"PC 28:0",319683,684254,677743,279681,242001,458676,60018,1744399,231779
"PC 30:0",529024,1132016,711916,246516,654453,351974,22034,584891,737196
"PC 30:0|PC 14:0_16:0",18390944,39621720,25955136,24205242,27480718,45116432,8020580,61705560,13508336
"PC 34:2|PC 16:0_18:2",67193488,220700352,124098744,80452128,119513920,568404480,14437413,1446351232,71644984
"PC 34:4",196101,1057370,323046,264739,296745,774104,35736,3719966,124217
"PC 36:0|PC 18:0_18:0",307701,181988,975211,257338,464039,201831,61339,211615,178467
"PC 36:2|PC 16:0_20:2",136108,110882,168780,409929,75086,996264,2813,1363526,103868
"PC 36:3|PC 16:0_20:3",33092506,133962440,36896660,42022464,87352184,209574304,6712955,417042848,26905950
"PC 36:4|PC 18:2_18:2",1995078,13373060,3650322,3033295,8634403,15771651,522946,85435728,1789642
"PC 36:5|PC 16:0_20:5",672410,6672390,2809727,1728131,4759936,10127686,162973,33713452,1316559
"PC 36:6",36235,296213,100126,62092,62736,284234,24990,1906707,28859
"PC 38:1|PC 18:0_20:1",3526539,3207342,2172588,2223532,2084692,6954104,99911,8363704,1124557
"PC 38:2|PC 18:1_20:1",2574904,7756094,4688904,4898367,6883727,1446640,140088,10181033,1435030
"PC 38:3|PC 18:0_20:3",29370620,93466112,20584868,32833294,80679120,191295712,453890,295280256,13296685
"PC 38:4|PC 16:0_22:4",16896494,47054640,12949686,15891097,27071082,55434580,2749572,68366584,6368312
"PC 38:4|PC 18:1_20:3",5376684,18997618,6223429,6117720,12955231,27774414,640205,44244168,3808013
"PC 38:6",580917,2255998,652362,617041,1574471,3774126,31059,12406017,1363061
"PC 38:6|PC 16:0_22:6",21680798,94229344,53430816,37870032,75221784,234684080,10860801,690998080,17663820
"PC 38:6|PC 18:2_20:4",670302,6837561,1736767,1098624,2565036,8624869,63732,28565642,737023
"PC 40:7|PC 18:1_22:6",2841955,10547194,5011801,4373418,9582471,17226570,1163715,30042632,2086890
"PC 42:0",229479,240677,248604,138850,142656,80140,1944,47298,60009
"PC 42:1",45847,144795,212920,1075776,113965,928979,188,175954,135053
"PC 42:10",85812,957092,161305,177282,354971,1122757,42380,2495452,74417
"PC 42:4|PC 14:0_28:4",1205,5717,4427,72081,99,1121616,2111,7467,19.8
"PC 42:8|PC 22:3_20:5",276782,1517010,268563,580544,614343,1603704,44283,1218658,88289
"PC 44:10",87030,441891,80046,253161,248544,407528,2406,425029,9104
"PC 44:11",7071,59381,7342,20666,30637,57533,540.8,73333,2704
"PC 44:12|PC 22:6_22:6",19323,185060,55093,90719,131271,333569,11777,266253,17138
"PC 44:2",71306,234016,128582,113030,78986,238757,92978,171542,115326
"PC 44:7",32207,56489,12663,182711,20277,162846,90784,35574,9509
"PC 44:9",27425,112122,67236,3141,32284,114137,14658,38837,17478
"PC 46:10",20393,131030,46562,81430,50081,104707,5629,65715,6441
"PC 46:5",76590,373190,99537,407791,114599,234165,15815,198312,61556
"PC 46:8",74666,324666,81184,293275,73946,429126,74347,158844,44556
"PC 46:9",124108,170339,210875,90430,158326,143869,7764,41434,45119
"PC 48:7",46393,70337,51822,379087,23762,294861,130742,103485,50096
"PC 48:8",30836,10553,27807,101777,7123,160169,689449,13637,12677
"PC 48:9",22995,26867,79143,201132,27254,113473,15767,4526,10192
"PC 56:10",13448,44095,6264,34971,35717,37518,4224,10932,30812
"PC 62:9",28,1869,5005,4246,8790,2839,1996,4159,1087
"PE 32:0",66118,67046,65796,22618,412179,68109,29896,46748,117428
"PE 34:1|PE 16:0_18:1",538730,1227295,500270,312410,1472959,1089640,91686,2375740,102476
"PE 34:2|PE 16:0_18:2",66900,388119,92224,35884,386521,740439,1598,2592092,75624
"PE 36:3|PE 18:1_18:2",80726,453915,72095,46537,422155,471616,639,2470447,54823
"PE 36:4",14962,44065,33993,6438,83973,42115,1980,493136,4454
"PE 38:5",13389,43896,40283,15207,56560,83893,4272,246867,90409
"PE 38:6|PE 16:1_22:5",1077509,4232275,1445734,1053880,6365048,6272886,265416,8304938,643966
"PE 40:4",993200,3909662,982736,968799,4529608,1995154,116697,380398,177037
"PE 40:7",416569,1097763,477124,240070,2016915,1332151,98030,1568604,197543
"PI 36:1",48837,243938,139529,48718,253727,291620,63,460198,11052
"PI 38:2",1433,20930,19954,16475,18456,6199,9954,13323,581
"PI 40:4",555,7957,13.6,260,7109,19092,68,28375,13.6
"PI 40:7",5519,28488,5804,6239,9422,18900,28,42774,248
"PS 38:2",25397,72823,14478,38035,98427,61386,3854,48440,7932
"PS 40:6",40459,56718,2094,3462,42882,23298,13755,37134,3379
"SM 30:1;2O",179347,521472,356653,179061,130658,913450,47240,1561988,113848
"SM 32:0;2O",137426,583570,519359,166345,125613,279539,8287,957121,38801
"SM 32:0;3O",82715,35787,92771,112848,157221,47137,37300,41139,19131
"SM 32:1;3O",182392,228540,253835,198903,179650,267244,44121,94496,174636
"SM 34:1;2O|SM 18:1;2O/16:0",172201120,394706592,190911344,142647184,215820032,530326176,46018248,682430976,67947024
"SM 34:2;2O|SM 18:2;2O/16:0",12576361,39244612,18520966,11795950,13558885,28741892,5785622,70168640,5723096
"SM 34:4;3O",30369,18066,52806,12725,25579,3810,9513,20391,14824
"SM 34:5;3O",357055,191244,280555,105819,139498,108198,101796,69407,68990
"SM 36:4;3O",73289,134084,121292,54068,40533,13661,39376,39737,67954
"SM 36:6;2O",50085,12502,7273,2579,2100,119,769165,10148,2658
"SM 36:7;3O",614491,443470,587354,465475,1700756,173212,189609,214711,191744
"SM 36:8;3O",102820,54595,70995,171378,80550,20053,100384,47083,50607
"SM 38:2;2O|SM 18:2;2O/20:0",5327994,16267531,10843321,5455860,12391623,5033232,1557216,27373436,3690206
"SM 38:4;2O|SM 18:1;2O/20:3",2620118,1027819,3223342,1861536,1200780,117353,54495,1000957,3562478
"SM 38:6;3O",38702,43859,86022,36142,66627,349520,8297,509901,14754
"SM 38:7;2O",70288,37212,50109,13836,4784,19807,386114,321188,5525
"SM 38:8;3O",115987,145742,116763,184117,106117,134166,46052,189198,49241
"SM 40:1;3O",553744,353987,831818,343658,491731,1917639,6796,1811176,293753
"SM 40:10;2O",41310,327518,135324,124037,300088,593197,12919,315718,8884
"SM 40:2;2O|SM 16:1;2O/24:1",2939152,11986956,1777233,5386942,2011540,12982719,73203,35675756,3602182
"SM 40:3;2O|SM 18:2;2O/22:1",2050736,4590142,4764296,1599625,3056375,7392340,61010,11108898,1507836
"SM 40:5;2O",4344,102679,39116,311568,24515,1216448,2757,473,3018
"SM 40:6;3O",2402315,2663587,476217,912373,222538,9142299,4764,3899944,263032
"SM 42:0;3O",19460,358530,622593,324155,170410,9485,34663,124998,10559
"SM 42:10;2O|SM 14:3;2O/28:7",73183,202186,47610,81233,731610,603545,9994,40654,36341
"SM 42:2;2O|SM 18:2;2O/24:0",13182162,36280640,29587260,11555912,19698534,65467036,226978,68089296,11932079
"SM 42:5;2O|SM 16:1;2O/26:4",75644,285141,357428,436708,161731,260945,25803,399621,102487
"SM 42:5;2O|SM 16:2;2O/26:3",256221,367479,517878,1643948,379475,2645942,70860,182515,248353
"SM 42:7;2O",60254,107147,131304,205717,94647,130012,8912,12654,53779
"SM 42:7;3O",2384688,3634272,1311478,1427378,2125330,1900402,426719,12196688,688196
"SM 42:8;3O",40209,81757,48491,39442,6939,715932,4565,972968,1748
"SM 44:10;3O",17387,21740,25687,8542,39283,3924,22532,10220,136117
"SM 44:2;2O|SM 18:1;2O/26:1",185207,1325121,1205860,786055,493535,465249,305660,851692,634041
"SM 44:3;2O|SM 18:1;2O/26:2",112373,1878461,1654088,1280490,661814,208712,14433,1399430,254071
"SM 44:3;2O|SM 18:2;2O/26:1",26527,1892483,1952366,1324241,665092,81750,75545,252267,303415
"SM 44:4;2O",61587,634230,618979,815742,476524,1576354,13201,1598070,56590
"SM 44:6;3O",479611,832699,387560,308901,407383,315230,24307,3306872,177649
"SM 44:8;2O",2606,12634,69600,2921254,8085,1957312,6251,40037,8215
"SM 44:9;2O",64388,35732,120486,2359714,87771,150963,143063,13554,202480
"SM 46:10;3O",26276,2043,11454,14442,38174,16827,35773,3141,152203
"SM 46:11;2O",14824,4276,15652,27446,1105,3067,72317,631,3910
"SM 46:7;3O",105855,53897,89667,81822,154271,256506,88518,682046,9495
"SM 46:8;3O",46726,68296,40053,100386,72400,108788,5637,70490,6675
"SM 46:9;3O",2126,16155,28579,42865,37849,18742,2347,13404,8573
"SM 48:11;2O",47858,41098,27399,20820,15623,9094,24629,7704,91289
"SM 48:5;2O|SM 18:2;2O/30:3",74562,990875,2240419,1320517,2628614,55149,184180,19807,43738
"SM 48:6;2O",24915,44733,13573,26966,82349,21033,13806,62276,13038
"SM 48:6;2O|SM 18:3;2O/30:3",70895,110361,207849,139805,101867,36293,19081,28800,238667
"SM 48:6;3O",139980,333508,113215,114643,41301,55230,4191206,324330,18723
"SM 48:8;3O",50213,167664,139714,173212,151931,66949,5583,426525,4895
"SM 50:11;2O",259354,67565,20777,1892,193,15102,1322530,2484,312
"SM 50:13;2O",43422,63842,59952,18429,26472,18302,10967,130890,145754
"SM 52:12;2O",875.2,4376,15204,72003,875.2,875.2,2177684,875.2,875.2
"SM 54:3;3O",60167,62787,65123,286545,146267,49634,32602,17121,79466
"TG 24:0|TG 8:0_8:0_8:0",959513,590997,3328136,452140,497217,763396,892261,1570023,545226
"TG 26:0|TG 8:0_8:0_10:0",99006,121475,458661,55482,39326,15088,2064133,108531,24768
"TG 28:0|TG 8:0_10:0_10:0",226990,156963,199154,13000,33237,19839,888427,317950,14816
"TG 28:0|TG 8:0_8:0_12:0",35698,27909,1328199,3540,28773,10893,105191,47972,11382
"TG 30:0|TG 8:0_10:0_12:0",13059,34894,2891512,143,6490,536,33368,44325,601
"TG 30:0|TG 8:0_8:0_14:0",239050,8926,1770980,9500,15372,10069,188925,151916,22977
"TG 36:0|TG 10:0_12:0_14:0",86249,208905,1661067,2266,14585,2574,233464,21759,12218
"TG 36:0|TG 12:0_12:0_12:0",660749,825294,26806682,74220,154059,5695,4463028,732916,67566
"TG 38:0|TG 12:0_12:0_14:0",611488,1877841,27675790,97859,344356,50943,4213192,753884,172490
"TG 40:0|TG 8:0_16:0_16:0",1512480,6878737,20888450,396514,836154,223547,1828669,458915,286484
"TG 40:1|TG 10:0_14:0_16:1",2079024,3481273,2109228,75036,483269,34448,18704662,1758886,50324
"TG 42:0|TG 10:0_16:0_16:0",33196,535728,256428,105693,315693,314044,41667,2786808,80629
"TG 42:1|TG 8:0_16:0_18:1",276799,8960229,407338,1401364,1770964,937134,594134,355118,397719
"TG 44:0|TG 12:0_14:0_18:0",222006,324132,9402423,228796,267399,68211,318296,460842,397694
"TG 44:1|TG 12:0_16:0_16:1",225510,2957882,202776,102813,1337579,199719,62861,2580028,1729980
"TG 46:0|TG 10:0_18:0_18:0",88239,127218,53582,261061,71411,122268,283162,138572,54820
"TG 46:1|TG 12:0_16:0_18:1",921974,491153,140852,6190,114980,17801,97907,587484,32183
"TG 46:2|TG 10:0_18:1_18:1",159557,79222,247128,646074,139051,765300,101754,393064,105915
"TG 46:2|TG 12:0_16:1_18:1",1802336,5920082,2994087,1177542,1821351,1879733,339395,5979306,1916809
"TG 46:3|TG 10:0_18:1_18:2",16741,25125,49405,2251038,53009,215553,40640,24503,7869
"TG 46:3|TG 12:0_16:1_18:2",698926,2404375,993800,172012,248294,216067,385217,924236,403200
"TG 46:3|TG 14:1_14:1_18:1",79741656,82859048,91226456,93626880,87482136,62068672,78372944,55515928,94164496
"TG 46:3|TG 14:1_16:1_16:1",816728,2588274,922076,171580,422020,217556,2240536,727230,81401
"TG 46:5|TG 8:0_16:0_22:5",20395,489083,34190,37401,27738,124,92073,11122,3423
"TG 46:6|TG 10:0_18:3_18:3",126998,97775,138334,1445942,167355,208129,100863,98059,97195
"TG 46:8|TG 10:0_18:4_18:4",61482,124599,122932,1290521,5216,973241,4573,10405,17438
"TG 48:3|TG 12:0_18:1_18:2",104890,809961,1245528,275617,353791,237373,735227,825431,142939
"TG 48:3|TG 14:1_16:1_18:1",239360,1224921,637400,326355,349713,434233,3226162,1348105,240371
"TG 48:4|TG 12:0_18:2_18:2",429019,2573804,861573,83975,469341,978586,1001796,2180826,336841
"TG 50:1|TG 16:0_18:0_16:1",110594,371338,323270,38649,89113,188488,2621420,760543,126045
"TG 50:3|TG 16:0_16:0_18:3",239184,770233,1173371,116306,1186562,981781,4001730,6641835,492366
"TG 50:3|TG 16:1_16:1_18:1",9594385,37156268,29466584,3438874,9729773,44655524,26186778,75623832,28814884
"TG 50:5|TG 14:0_18:2_18:3",512246,3665780,984109,53390,880535,1334836,5294070,4019357,600548
"TG 50:6|TG 16:0_16:3_18:3",183488,1262675,60853,218687,179314,166510,404083,358717,19978
"TG 52:0|TG 16:0_16:0_20:0",8698,85444,633801,6159164,29004,2861204,45394,54368,593376
"TG 52:1|TG 10:0_24:0_18:1",138741,572347,72889,95611,389425,280413,141794,693459,285183
"TG 52:2|TG 16:0_16:0_20:2",5591,175505,108675,2682810,5916,320723,564428,6359,6866
"TG 52:2|TG 16:0_18:0_18:2",12970419,45159892,7628186,5903644,2174425,82314096,17087644,101458472,44086404
"TG 52:2|TG 18:0_16:1_18:1",2220,67173,155151,11792226,1480,12407937,296,10689,19711
"TG 52:2|TG 8:0_18:1_26:1",101915,123951,497085,18001996,1747,23792260,4075,34085,152908
"TG 52:3|TG 16:1_18:1_18:1",4018,44968,60758,977491,3452,92546,11443,4115,1850
"TG 52:4|TG 16:0_16:0_20:4",416118,2354222,140478,37156,64024,757018,189333,926386,1272173
"TG 52:4|TG 16:0_18:1_18:3",25305,11023,1479644,2196036,29981,854925,242006,135662,278125
"TG 52:5|TG 14:0_18:0_20:5",3347,74003,61956,24162,1224,124,961786,1447,169
"TG 52:6|TG 14:0_16:0_22:6",55918,179970,89216,41948,74795,191078,189020,438114,30646
"TG 52:6|TG 16:0_18:2_18:4",234564,2996486,496901,2475946,879391,2296350,118118,3309693,346034
"TG 52:6|TG 16:1_18:2_18:3",579890,2533833,780435,73825,404206,1684552,8069380,2504838,283861
"TG 54:1|TG 16:0_20:0_18:1",2602102,5003992,680764,5556074,1161309,23380876,15255561,9919499,14380750
"TG 54:4|TG 16:0_18:2_20:2",13250,36310,70563,57630,4200,34760,1745270,19255,29843
"TG 54:4|TG 18:0_18:1_18:3",46595,95850,348292,23411,30923,238230,2660089,607655,84497
"TG 54:4|TG 18:0_18:2_18:2",3831420,6651126,17701326,1414591,2494906,16755849,69228552,18551900,4135424
"TG 54:5|TG 16:0_20:2_18:3",43102,66775,13774,13748,15925,6079,2558768,13721,386441
"TG 54:5|TG 18:1_18:1_18:3",15297,27446,235098,902035,81638,361941,55381,120322,78743
"TG 54:6|TG 16:0_16:0_22:6",211811,706015,78005,118526,189223,1274506,629688,2027666,222124
"TG 54:6|TG 16:0_18:2_20:4",1517293,13431934,1695404,1242077,3327799,15904049,6461387,19136810,1545681
"TG 54:7|TG 16:0_18:2_20:5",332772,3502188,124179,1288284,908856,3730111,342544,3917774,252865
"TG 54:8|TG 14:0_20:3_20:5",17792,29379,54882,78955,4151,135996,252076,10723,1028
"TG 54:9|TG 18:3_18:3_18:3",43653,44210,23394,81110,15601,45505,562167,45778,4064
"TG 56:1|TG 16:0_22:0_18:1",458773,91531,41217,1515063,64534,5228901,2975437,1015433,895272
"TG 56:10|TG 18:2_18:3_20:5",24211,12526,68371,60751,2296,6390,748998,38429,1871
"TG 56:2|TG 16:0_16:1_24:1",298795,181746,27127,244409,21894,1092561,3407051,337238,89276
"TG 56:4|TG 18:0_18:0_20:4",51981,340343,31520,82253,108914,393802,111907,326228,134051
"TG 56:5|TG 16:0_18:1_22:4",617328,4238178,802566,286205,833455,4696282,1927411,4675204,1948971
"TG 56:5|TG 18:0_18:0_20:5",35161,121774,71439,39795,47138,16414,3133794,13654,221018
"TG 56:5|TG 18:0_18:1_20:4",717906,3921040,548065,139762,587993,7753750,3523642,5984738,183192
"TG 56:6|TG 16:0_18:0_22:6",39,19319,75778,1425080,2828,580163,2746352,7.8,4839
"TG 56:6|TG 16:0_18:1_22:5",1465,119416,1513626,4629524,5851,7846856,66241,21388,344708
"TG 56:7|TG 16:0_18:2_22:5",4036,10386,8372,448599,1882,265032,3921,12955,11448
"TG 56:7|TG 18:0_18:2_20:5",122557,350505,29959,48936,14526,150367,29816380,170461,168597
"TG 56:7|TG 18:0_20:2_18:5",19720,69955,36287,115167,8119,6811,9856629,64,9725
"TG 56:7|TG 18:2_18:2_20:3",51052,39405,180297,380977,5390,1309977,17609754,47858,18663
"TG 56:7|TG 18:2_20:2_18:3",67729,176901,111812,123390,33564,357208,1694077,34664,202309
"TG 56:7|TG 20:1_18:3_18:3",132953,263239,62196,81009,9433,15881,11087404,55457,41316
"TG 56:8|TG 16:0_16:2_24:6",3032,38,190,13172,38,11876,978484,38,38
"TG 56:8|TG 16:0_20:3_20:5",45210,227548,37683,275997,4536,7633,28792904,4780,4953
"TG 56:8|TG 18:0_18:3_20:5",48973,78141,48356,216853,2911,3276,4943196,971,14015
"TG 56:8|TG 18:1_18:2_20:5",488901,583937,622459,622860,239844,3192106,153485,676019,115349
"TG 56:8|TG 20:2_18:3_18:3",7573,15998,12581,39368,1514.6,21480,1534711,1514.6,1514.6
"TG 56:9|TG 16:1_18:2_22:6",31823,252376,172908,63502,205060,441939,228880,604639,24249
"TG 56:9|TG 18:1_18:3_20:5",13003,49946,31107,31443,2403,16032,1866418,10678,50384
"TG 58:10|TG 18:2_18:2_22:6",108335,1034916,22629,61259,51531,1055098,182711,1241772,95985
"TG 58:10|TG 18:2_20:4_20:4",108983,974792,239123,384316,199958,1090979,22262,1292378,114172
"TG 58:10|TG 20:2_20:3_18:5",1976,14678,50406,106302,1795,10685,2592010,2984,15191
"TG 58:11|TG 22:3_18:4_18:4",18635,3673,5849,109217,830,147485,574299,9183,701
"TG 58:2|TG 18:0_20:1_20:1",13644,80492,60123,655063,8487,238380,19023,48237,665669
"TG 58:2|TG 22:0_18:1_18:1",232702,114670,4718,3993920,11300,14216251,517861,635497,375825
"TG 58:3|TG 18:1_18:1_22:1",185727,253640,61151,120446,63695,552953,1509962,734446,6821116
"TG 58:3|TG 22:0_18:1_18:2",121607,112805,39075,598795,89081,2215885,1108375,247253,75767
"TG 58:4|TG 18:1_20:1_20:2",162002,259217,361036,19444,39883,589643,203106,65541,1441688
"TG 58:4|TG 18:1_22:1_18:2",23669,24652,148491,10872,58862,101251,904020,438941,225311
"TG 58:4|TG 22:0_18:2_18:2",73475,62369,28952,185730,23595,452833,1330796,110583,42333
"TG 58:5|TG 18:0_18:1_22:4",100217,517666,49297,59401,82846,471412,267535,270033,76634
"TG 58:5|TG 18:1_18:1_22:3",158075,263277,271034,59496,112797,280753,1823687,385131,728446
"TG 58:6|TG 16:0_18:1_24:5",107617,631129,462143,94646,157550,878838,48296,741633,64396
"TG 58:6|TG 18:0_18:0_22:6",24903,42956,95394,46081,9210,13651,1582702,20203,225591
"TG 58:6|TG 18:1_18:1_22:4",301814,686114,82786,88456,193559,281774,2104276,207291,349113
"TG 58:7|TG 18:0_18:2_22:5",25040,20751,11426,212149,8177,64328,635942,12223,35127
"TG 58:9|TG 18:1_16:2_24:6",21461,33.8,169,51421,5608,6488,1763002,33.8,33.8
"TG 58:9|TG 18:1_18:3_22:5",9590,21256,3896,29988,21878,46797,8856463,85255,2920
"TG 58:9|TG 18:3_20:3_20:3",47,22289,13613,539446,3.2,59495,379257,3.2,16
"TG 60:1|TG 18:0_24:0_18:1",484,2420,30932,269629,68436,22389,7240,22561,13634
"TG 60:10|TG 18:0_20:5_22:5",21742,43912,11069,21957,3859,34308,9259007,31415,50114
"TG 60:11|TG 20:3_20:3_20:5",2159,7406,20129,40085,1118,30775,443488,195,2440
"TG 60:2|TG 18:0_24:0_18:2",19115,40485,44165,715978,59496,99613,7114,73121,60411
"TG 60:3|TG 24:0_18:1_18:2",33972,53858,73108,166513,13620,598662,367355,117086,6250
"TG 60:4|TG 24:0_18:2_18:2",9928,12299,5858,17880,7437,217326,473372,60443,2244
"TG 60:8|TG 20:2_20:3_20:3",8889,6937,27284,297414,2726,7222,11092392,793,525
"TG 60:9|TG 20:3_20:3_20:3",57640,50059,38692,23138,588,27197,4263673,15273,973
"TG 62:12|TG 18:1_22:5_22:6",320402,240163,31274,83086,6972,61431,1294963,51300,709
"FA 16:0",193242,217487,219288,160365,130546,131815,226818,161505,111836
"FA 16:1",15283,23711,17424,14135,19558,11968,23240,14351,23002
"FA 18:0",209388,318906,294585,227523,247252,214311,284944,211905,203277
"FA 18:1",137414,151351,151358,118349,146210,91798,167997,105585,98482
"FA 18:2",15481,24920,17977,16518,20239,12766,28290,17999,20034
"FA 26:2",47710,5883,1203,45,60,31,28303,5563,54
"FA 28:2",13448,10008,13361,4,2,43,258665,8483,30
"FA 28:3",15041,12577,3450,17,3.4,3.4,22184,12601,69
"FA 28:7",5658,8109,6520,6599,6863,6155,7413,7025,7046
"FA 30:1",13534,16365,30724,190,594,5957,319460,56963,2152
"FA 30:3",16678,65915,3903,13,204,126,112628,23600,2.6
"FA 32:2",27980,30108,12318,77,196,283,131892,4855,272
"FA 38:5",26644,36936,47771,41032,44545,41359,44815,47315,45489
"FA 42:10",748,1651,895,1817,1313,2672,4217,1311,21522
"FA 42:8",1626,14726,12529,1812,2556,11857,7076,16389,12275
"FA 44:10",236,10259,2641,24109,30301,7845,10386,6159,4928
"FA 44:7",312,32817,6815,101,316,3991,305,10687,101
"PE 36:2|PE 18:0_18:2",1025,23726,8803,1516,20203,70899,2016,163304,10502
"PE 38:3|PE 18:0_20:3",6630,13427,7443,5846,16271,18673,5392,25760,8905
"DG 16:0",567771,212188,227436,504267,46762,357188,192958,42982,57441
"DG 20:0",1094047,701224,489347,9234,24751,10116,46808980,1383268,36723
"DG 22:1",199689,201686,19421,2675,40,8691,280482,408,3623
"DG 24:0",273,41145,8106,1403982,54.6,25183,61783,54.6,15977
"DG 24:1",1772776,2271018,1059698,1767691,811463,1014500,1240336,1540435,528462
"DG 24:2",1298,2428,126,415,605,13.8,48284,7257,69
"DG 24:3",87580,393491,75814,75590,509.8,103777,76707,2549,509.8
"DG 26:1",590298,2937766,1561952,2108289,24244,11187,33760,67452,8808
"DG 26:3",26829,22213,30309,6814,18973,39315,16101,28104,4490
"DG 26:5",134841,205281,99431,81416,143708,32380,154754,218285,60285
"DG 28:1",4363,8009,20095,124684,72.6,496364,35606,1116,363
"DG 28:2",475833,898930,806744,182228,371326,247058,146769,742050,113039
"DG 28:3",157308,324691,27746,20409,20033,1537011,1465903,334200,2894305
"DG 30:0",3115,31195,29855,1776,5136,355.2,1634397,28866,355.2
"DG 30:1",128179,170245,657678,669,18492,3523,29488958,311328,7502
"DG 30:2",153851,21655,313656,1315,780,6133,54372240,122326,1462
"DG 30:3",19898,30329,3500,321,2330,64.2,419141,14597,417
"DG 30:4",262997,416081,344650,301821,525341,178908,182866,396072,280960
"DG 32:0",1138517,4581994,3001188,863460,1555578,174491,38113,744217,1145291
"DG 32:0|DG 16:0_16:0",2257940,8954780,9434820,6186018,3949389,1819410,382251,1034216,801867
"DG 32:1",85912160,108796448,108366640,105622504,142161696,59545124,58171568,102091376,67549632
"DG 32:2",15534,35601,42278,6180,4325,865,1779136,280494,4684
"DG 32:3",365165,250955,32138,14318,33201,6190,3243381,583162,19805
"DG 32:4",391683,687227,201343,102532,71161,109004,40478,327181,33317
"DG 32:5",443799,727884,3026830,48623,57570,9845,730374,592816,53627
"DG 32:6",3948,127858,165022,80834,1346,7544,5909,606,197
"DG 34:0",170254,104867,71477,313595,1217.2,259064,1567334,44885,6086
"DG 34:0|DG 16:0_18:0",12170488,18829552,16173218,11198540,10826106,5174828,14802963,11170325,6268967
"DG 34:1",1233179,735132,262527,291923,42181,705426,23312062,749044,3618
"DG 34:1|DG 16:0_18:1",4074753,12348437,26539510,23843846,4273574,12945743,14182350,9564992,3366436
"DG 34:2",4104276,3126024,1854990,851860,479157,2147243,20403262,3559494,1477160
"DG 34:2|DG 16:0_18:2",14671990,14176496,8272370,4286638,3158184,19107846,132829224,22087218,1763302
"DG 34:3",962383,941753,645689,375684,2017297,163511,519139,993120,1845251
"DG 34:3|DG 16:0_18:3",1349757,902321,348641,4275,79042,207619,19415550,688534,2493
"DG 34:3|DG 16:1_18:2",75807,35276,103513,306,5409,23193,9706214,72067,18982
"DG 34:6",438370,707795,589396,573926,547984,387350,128470,518104,582124
"DG 34:7",321095,293290,381429,54601,20969,823101,229900,180748,15672
"DG 34:8",19283,21870,26237,42,8.4,1918,7111,84,8.4
"DG 36:0",8932044,11045575,7435129,4590170,6680129,6081156,272935,7057287,15516025
"DG 36:0|DG 18:0_18:0",6232060,12795064,8665446,8383944,6539218,3150016,11508269,6883900,6283908
"DG 36:1",137394,285598,127849,1749,5420,52.4,6072429,46181,262
"DG 36:1|DG 18:0_18:1",3940045,4645354,6911823,9690991,541506,7685282,81889336,3045606,782913
"DG 36:2",2772674,1624626,830651,36986,38130,15125,42093500,1190841,211727
"DG 36:2|DG 18:0_18:2",2842804,2168237,1142282,326937,155733,698251,243902848,9384914,109836
"DG 36:2|DG 18:1_18:1",9452218,2746534,31029932,59753952,2915342,59447052,16777464,14277550,11842331
"DG 36:3",2851127,2651022,2990182,1117998,548872,656248,14562576,3202394,1703957
"DG 36:3|DG 18:0_18:3",204900,150552,234933,5481,40761,50263,17540738,471878,11967
"DG 36:3|DG 18:1_18:2",15296198,16124588,14206863,2396590,4684300,8890300,108695984,29973828,2180604
"DG 36:4",1020720,200409,117990,59610,26782,47755,26725094,140452,61285
"DG 36:4|DG 18:1_18:3",1589542,1845940,1276574,7326,429732,617304,17479036,1825151,44674
"DG 36:4|DG 18:2_18:2",11488527,8133305,2818331,2037635,703519,8317588,135847072,9486251,59284
"DG 36:5",121163,101922,5525,103,515,15111,1243224,42966,3127
"DG 36:5|DG 18:2_18:3",1160169,973974,125954,32140,146248,445716,13989416,995439,5293
"DG 36:6",4684424,8526659,7278071,1190917,2022368,3577107,1997745,4810008,878055
"DG 36:7",1243686,2443464,1540357,625290,721146,1009448,1246786,1486211,937796
"DG 36:8",134159,63183,168644,124204,30700,165319,54176,70481,25352
"DG 38:0",920936,1081969,625270,14765,50739,2255,7090150,820747,25199
"DG 38:1",346373,198765,72207,7528,4069,1480,40507820,1434016,18260
"DG 38:2",23106,69984,75006,26234,6087,1217.4,177856,19670,446628
"DG 38:2|DG 18:1_20:1",39056,241399,891494,343976,19415,27761,2851206,206827,1220531
"DG 38:3",13694,80550,71339,7465,8616,698,580752,4862,3490
"DG 38:4|DG 18:0_20:4",872,132384,535613,128781,252919,20317,37983,209244,6868
"DG 38:4|DG 18:2_20:2",8439652,3344882,3579070,6345,54394,60196,1683955,150540,19797
"DG 38:5",786669,1557986,784,421101,945,466147,855304,6895,1271
"DG 38:6",1428638,304028,1367579,487471,1732585,2390971,923924,1808414,2039230
"DG 38:7",17839,8443,23022,293,500,58.6,1338549,8755,1297
"DG 38:8",1773527,1442325,1783695,602876,904168,1032016,2659289,1704112,464597
"DG 38:9",191893,303525,322294,238709,226631,128984,241778,58889,183320
"DG 40:0",9111,18033,32796,6619,2763,231.4,820603,1157,2545
"DG 40:1",813746,1461453,1052146,674060,728723,1673159,367874,2155001,232267
"DG 40:11",779411,8684261,4693248,2268402,1672186,3289234,1852419,6262526,4773350
"DG 40:2",106985,94229,616402,30.2,3555,30.2,30770,15018,151
"DG 40:3",258695,978406,17850,9956,14470,51701,13259293,493886,11573
"DG 40:4",59824,102116,48290,122,1378,5613,88274,3789,104
"DG 40:5",191521,310102,528283,251926,321142,14936,257966,180545,1631071
"DG 40:6",604777,1049754,493666,168203,25081,71309,418113,208334,36649
"DG 40:7",11472,4961,22019,99.6,625,99.6,458808,498,3839
"DG 40:8",148334,68943,158225,947833,6021,1360776,103006,15523,7300
"DG 40:9",201340,179467,71650,121993,8196,140347,965689,42030,1964
"DG 42:6|DG 16:0_26:6",339825,178737,674230,207954,745186,276761,43552,389710,112870
"DG 44:7|DG 18:1_26:6",66856,221646,519555,1268473,36347,2523753,90218,182953,381238
"FA 22:0",697,42542,61193,29591,11288,35994,32931,18495,10082
"FA 24:0",17247,13208,23722,13450,16231,11734,19460,17179,24962
"FA 26:0",714,39677,59166,12401,20522,20511,5797,15933,7857
"FA 26:1",3589,8055,3962,18,0.8,4,3184,1275,32
"FA 28:0",5825,33688,24325,16180,13871,11145,35131,23855,17464
"FA 28:1",108760,171048,7636,18,337,435,200631,5543,44
"FA 30:0",66271,70604,23194,25894,28654,11096,10726,15990,18611
"FA 30:2",13945,6531,5266,93,27,669,291236,45616,140
"FA 30:5",7425,21052,23233,76,65,258,10717,2757,10
"FA 32:0",1205,2333,1010,2057,7472,20826,304,18947,9975
"FA 32:1",8272,39863,4032,343,150,171,31679,4828,353
"FA 40:5",13675,3526672,3048292,3738088,706244,2942859,1284543,2444706,2662394
"FA 42:5",37582,4233116,3524874,3799308,4349328,3312374,1051889,3161785,4154196
"FA 44:5",16776,1110440,831671,1076707,1548154,654479,214487,787210,1255977
"LPC 16:0",29755,164168,237451,135699,359740,415315,361,3272280,76818
"LPC 18:0",1195133,6503430,1274245,2792644,5328420,9974309,3767525,30558694,3248020
"LPC 18:1",724530,1689130,553035,767358,404801,2036444,505909,2120486,442632
"LPC 18:2",75490,289925,116900,180582,36049,478711,29890,770176,43921
"LPC 20:3",783515,874990,567368,661732,809349,975558,297898,701780,918797
"LPC 24:0",7314,336511,17202,121269,49489,516117,34673,1335982,20543
"MG 16:0",6186606,4432708,9900489,4056456,6390795,7724388,496892,30202516,1766189
"MG 18:2",1903365,1872332,180084,220943,15942,202772,4373429,326128,97792
"MG 18:3",1133140,1320250,2431097,838593,804098,854726,623488,1998492,581477
"MG 20:3",192358,98283,41609,5177,35050,37051,2312593,161940,31544
"PC 30:1",304296,1225697,572314,126311,48444,1101316,106190,3582056,69505
"PC 32:0",779187,809613,148609,242166,335104,654165,18727266,823084,51563
"PC 32:0|PC 16:0_16:0",185168800,393910592,204633136,237733760,256109376,391136096,8567852,462874400,97084336
"PC 32:1",3012847,5327918,932112,2704682,1492224,6780416,43615,4631954,256274
"PC 32:1|PC 16:0_16:1",57585812,44539772,25363462,8264203,37598460,87961392,2348256,142072960,4662319
"PC 32:2",766769,2166411,1206681,549926,1030564,3770144,76646,17713086,486553
"PC 34:0",144360,1763473,543781,509745,551223,57705,33567,856323,285615
"PC 34:0|PC 16:0_18:0",16457255,58607020,23295766,32042764,47775252,45971660,930985,69475688,8628813
"PC 34:1",5270323,24354378,12140929,6267132,8360538,68039368,881292,146857904,6908922
"PC 34:1|PC 16:0_18:1",978446336,1713384448,1169368064,1121064704,1341714816,2172340480,59864296,2105769984,545733824
"PC 34:2",401451,4630488,2035787,643736,336408,7973124,47728,18603666,1103918
"PC 34:3",47922,3287939,567336,771556,2410929,842762,5741,29312800,461277
"PC 36:0",1718855,2403431,2365138,6289826,4031797,4067014,1052279,782974,1437642
"PC 36:1",1611336,9778362,3816749,3324644,4638936,242876,121547,5550070,1802853
"PC 36:1|PC 18:0_18:1",65018708,302804928,128845288,162679184,242379184,38096028,3896020,357746592,47811220
"PC 36:2",1399211,11509359,3512707,1673090,4627644,7896612,8804,20723352,569764
"PC 36:2|PC 18:0_18:2",61681860,358642400,134467680,91336600,246616800,524770272,16638690,1296041216,53296508
"PC 36:2|PC 18:1_18:1",56244444,100024480,58144740,53900532,70664944,151734256,2748512,163450224,26368028
"PC 36:3",16183716,54021156,22802252,18452564,26011054,70010864,4967137,125360112,13661117
"PC 36:3|PC 18:1_18:2",5434714,32528338,9208370,2970880,8455941,58988544,1806045,130932800,3471952
"PC 36:4",3375287,10264909,4668868,2003555,4243892,6632331,72711,15291928,3965658
"PC 36:4|PC 16:0_20:4",125536800,436749408,184221792,138503344,202664480,560171008,38213820,1104869760,102952432
"PC 36:5",440675,1862817,534829,437042,895965,1740609,89930,7310529,465520
"PC 36:7|PC 14:1_22:6",1210512,2526202,1250928,1114758,4083488,835403,375257,980642,526749
"PC 38:0",535538,79347,19836,22809,11138,46993,2259224,258324,3176
"PC 38:1",257652,514834,1185415,385751,315200,195373,151480,414964,79327
"PC 38:2",40406,185302,62258,182276,105391,169154,8081.2,465983,117904
"PC 38:3",4910806,15136573,3676952,5044756,13753499,24331110,2679015,45072396,2452283
"PC 38:4",4318395,9800060,4193940,2759042,4889444,8745804,79425,6083326,4271474
"PC 38:4|PC 18:0_20:4",146877888,405986784,162576848,141339280,232379376,678785216,7558508,851672640,69095392
"PC 38:5",324606,1306049,574028,187067,428023,954182,56213,2253486,464855
"PC 38:5|PC 16:0_22:5",6431374,27724104,9611072,6502658,15920514,46303372,1031535,78824336,5375780
"PC 38:5|PC 18:1_20:4",18364888,68261392,28387266,20641562,30449562,114255472,4944368,175254928,19535154
"PC 38:7",78677,643586,128484,195047,246351,459951,20667,3442461,63636
"PC 40:1",89445,279428,253803,106037,78983,126154,35970,293649,121566
"PC 40:2",50831,168783,320016,2623236,58866,3083413,13617,5819,7175
"PC 40:3",418543,757252,435531,605032,650412,1545500,7487,716736,90215
"PC 40:4",1387744,2078510,547008,1016453,1326978,3267565,47554.6,4094769,237773
"PC 40:4|PC 18:0_22:4",11000071,27885790,6254486,13677225,16985620,41696116,120759,43653512,2520226
"PC 40:5",2285130,1847718,814233,881099,1079756,4599715,158531,3863483,335521
"PC 40:5|PC 18:0_22:5",4531575,19411028,6940512,8015563,12261408,46275020,481323,51460884,2782964
"PC 40:6",722824,1510413,968732,961515,2080763,312476,154329,3735072,122626
"PC 40:6|PC 18:0_22:6",20371680,61431656,31957958,30875788,56138396,167808080,5282458,290941760,13338024
"PC 40:7",113174,1299323,81600,362791,768744,1885944,6671,3480839,141971
"PC 40:8",121008,3097246,396774,483625,317034,2965513,37574,9625561,222442
"PC 42:2",83903,491352,369306,497864,233306,358959,51377,503724,162512
"PC 42:3",70052,798784,206314,202168,42277,51291,8816,101951,24328
"PC 42:4",515889,2378114,452168,1536537,698146,542768,16569,3162689,66928
"PC 42:5",549232,759873,512089,321759,429881,919696,2809,626536,58539
"PC 42:6",144141,108445,271527,247419,78148,68892,4875808,743353,31199
"PC 42:7",438168,903570,302869,697105,1066336,1741454,33797,1659934,169000
"PC 42:8",56255,328753,210938,222574,301502,639676,8799,989787,21948
"PC 42:9",52460,283755,72325,88294,198434,336469,9993,531436,21957
"PC 44:0",120353,117758,243388,1232824,91805,1057646,38908,39720,87586
"PC 44:4",38252,46389,53724,470133,1613,147232,562069,28349,4720
"PC 44:5",151355,677862,145515,300671,247783,182347,35861,1136715,72907
"PC 44:8",102295,1338973,336906,434441,425683,700186,36798,407196,200907
"PC 46:7",32240,57602,39553,97895,84954,206323,2946,255795,15326
"PE 36:1|PE 18:0_18:1",435896,1888435,616264,375465,1752773,1802091,40356.2,3406786,201781
"PE 36:2|PE 18:1_18:1",237826,1017633,119921,131598,2130653,895522,27753,1794810,163492
"PE 38:4|PE 18:0_20:4",2190893,8561718,2673905,2257117,9296790,8517466,323780,13975556,782687
"PE 40:4|PE 18:0_22:4",926,45420,25530,21179,7930,10211,20649,39279,17049
"PE 40:5|PE 18:0_22:5",2391,31167,18860,9399,29788,33675,21237,54889,14248
"PE 40:6|PE 18:0_22:6",7461134,15355387,6026219,4601764,21903800,12349665,1261530,9194146,1972900
"PI 34:2",55707,204585,102077,66877,263460,216787,6870,1011833,23023
"PI 36:2",770,52,11625,108,19090,84979,1449,658890,1902
"PI 36:3",26304,96791,63016,25456,115906,103440,3051,365879,14993
"PI 36:4",145907,978478,320445,280987,626348,660970,67399,1240726,74017
"PI 38:3",107644,566755,305009,201658,673648,709434,9413,1408167,54228
"PI 38:4",2210330,2566470,3829516,1967614,2717315,2810602,385324,6420632,906892
"PI 38:5",223047,722875,262299,202011,678259,448400,60471,765781,33121
"PI 38:6",52932,159526,70848,75107,158645,129661,16940,377138,10459
"PI 40:6",140519,264721,241269,235024,291034,256624,37244,274158,39020
"PS 36:1",75330,1605175,536999,1271767,125945,23188,38174,240119,6549
"PS 38:4",63883,323370,117636,62556,180462,74283,40680,601050,61898
"PS 40:4",287433,507785,465978,495221,428832,415386,536037,285094,146473
"SM 32:1;2O",132770,21447,1599514,90991,1999727,2682837,39148,20336668,234733
"SM 32:1;2O|SM 18:1;2O/14:0",8532443,22196776,13367301,6142500,5598442,11883697,3037399,38076036,2457376
"SM 34:0;2O",17968944,37940456,19698256,14085544,21609526,53572584,1007719,72557936,7524394
"SM 34:0;3O",20440,100104,97889,57261,63510,228392,65842,655542,15882
"SM 34:1;2O",86846,151171,661108,41330,2982488,45686704,1507,142655616,1023764
"SM 34:1;3O",994173,1350822,5277829,1039104,6077338,1543596,353344,3365328,2162735
"SM 34:2;2O",99866,50995,954680,13875,711700,2348560,14263,34095916,72144
"SM 34:2;3O",93656,368431,914891,125226,74091,99988,22865,117185,378169
"SM 34:7;3O",15639693,14375156,15895069,12645027,15484379,11083262,3589714,8397142,7107642
"SM 36:0;2O",226682,5080362,3419009,2617974,4033619,3696235,644118,6926560,169953
"SM 36:0;3O",931082,2244668,1235411,718181,1486620,2217513,22055,2898131,236448
"SM 36:1;2O",488635,1417489,534151,268085,1608012,531470,393496,859039,605853
"SM 36:1;2O|SM 18:1;2O/18:0",97633800,165773424,128638408,95304584,152357456,228260448,8508967,219630976,50340268
"SM 36:1;3O",17237338,23211858,20750602,14369028,24338476,7357584,1160371,56074796,9199356
"SM 36:2;2O",25192,58194,132564,16166,720715,4521578,7685,13249204,275194
"SM 36:2;2O|SM 18:2;2O/18:0",24192210,53452752,35944220,22641852,27435160,99524544,12963659,74133648,17831952
"SM 36:2;3O",26193,72985,85788,810506,2864,328680,1188,8038,3389
"SM 36:3;2O",42854,46099,152267,12892,47402,176198,5044,854174,7193
"SM 36:3;3O",1678589,5556880,4114540,1367613,2167548,1525032,454938,21747330,1139288
"SM 36:7;2O",135060,323128,317004,266318,247743,86621,46642,245598,88845
"SM 38:0;2O",108531,715825,509403,259844,581585,742462,59041,5013036,82014
"SM 38:0;3O",722021,481072,311573,20319,4352,11148,2091719,548242,5004
"SM 38:1;2O",3986708,12407660,2392670,4154260,2876800,30273158,77752,38351400,3531020
"SM 38:1;2O|SM 18:1;2O/20:0",1281500,28610238,25249098,15194625,32508308,4050446,1248791,47690968,3033625
"SM 38:1;3O",1264579,1528850,883907,1183128,1902303,4010209,58071,4793550,226731
"SM 38:2;2O",6077269,17962178,11232437,5110479,12567785,21878382,1558681,27115180,4018696
"SM 38:2;3O",2728667,2863430,2560456,336103,3066182,1121473,42998,8150568,1210893
"SM 38:3;3O",2951970,3942585,3390813,2125878,4549801,6202458,77644,5780602,1393268
"SM 38:4;3O",447848,863760,187914,181884,309167,989156,70316,3085309,96140
"SM 38:6;2O",1718344,1507809,168089,68319,76830,112987,4396529,280520,7746
"SM 40:0;2O",295628,999131,1176849,366622,803159,2575551,30044,2957034,565465
"SM 40:0;3O",305706,1026674,934163,999439,982433,146573,12189,570620,117728
"SM 40:1;2O",3360700,8836043,6848620,3206768,5339808,37425576,1492553,16716317,2028168
"SM 40:1;2O|SM 18:1;2O/22:0",18937672,69319736,45536124,19456532,37256464,13595923,332995,132914816,8225299
"SM 40:2;2O",1932816,4611862,3798326,1443038,3881200,8339478,1557538,12924262,1062348
"SM 40:2;2O|SM 18:1;2O/22:1",3021726,9827903,9145852,4504359,9404690,2015875,145768,35816988,3491760
"SM 40:2;2O|SM 18:2;2O/22:0",11790119,40489536,22158098,10453207,26218302,17408710,309600,97152160,6572501
"SM 40:3;2O",2011398,4618397,4543864,1681964,3062132,7249010,36226,12207475,1673502
"SM 40:3;3O",829247,147797,122130,262802,394849,430288,1803,2362316,66321
"SM 40:4;3O",4946518,5926018,1721295,2187556,2134964,8000676,27581,8284928,544966
"SM 40:5;3O",329370,2510132,1297235,1346781,1157654,3764187,17429,4933516,79412
"SM 40:6;2O",1204848,2346909,1950558,2791222,2306759,2140054,884177,2601092,909714
"SM 40:7;2O",1288748,1434366,388296,1266573,1571746,805372,42542,1678186,395588
"SM 40:7;3O",397175,279854,481748,201480,284793,5040610,84759,5973082,116975
"SM 40:8;2O",5695,38946,8726,946498,2524,282636,846,3518,26550
"SM 42:0;2O",306584,1388866,3490200,1903232,2502744,1540038,198401,2429406,2031951
"SM 42:1;2O",305172,1911558,852544,307453,311234,2291345,63783,2982012,472371
"SM 42:1;2O|SM 18:1;2O/24:0",8549552,42178052,24327788,15168440,19458218,63313872,1001918,81161464,17965272
"SM 42:1;3O",842393,1907770,1624961,1013469,1651093,2302242,48953,3793011,410345
"SM 42:2;2O",4569340,2913147,10615984,6737932,9921758,4169170,147656,32376828,3620716
"SM 42:2;2O|SM 18:1;2O/24:1",73947296,172467216,134606896,64312264,115439152,222537488,1386312,422504544,75690656
"SM 42:2;3O",21849,116508,186600,69402,243314,1070993,1256,596245,6999
"SM 42:3;2O",4506028,11323153,55478840,4024042,57897580,10781164,1826691,33317062,21107968
"SM 42:3;2O|SM 18:1;2O/24:2",34902120,95553384,71262552,33893648,73311776,127347136,563884,237073328,27510590
"SM 42:3;3O",122974,333321,92537,592159,34101,1091514,20501,266601,3594
"SM 42:4;2O",607136,1736976,450149,368046,1270144,2618794,10965,5378152,292295
"SM 42:4;2O|SM 18:2;2O/24:2",2583094,7990703,8360834,7894710,5068211,12778830,105147,18890026,1772059
"SM 42:4;3O",443912,374989,382078,348912,305078,401728,9953,1191053,152814
"SM 42:5;2O",276360,1293911,1858714,1180773,146447,374794,7640.8,617035,38204
"SM 42:5;2O|SM 18:2;2O/24:3",106930,1019919,386143,38345,175452,1298237,4582,534154,100365
"SM 42:5;3O",996965,1333567,200627,838227,508292,2488508,6182,899609,81304
"SM 42:6;2O",42947,21094,93167,8220937,23017,3200980,27954,58142,34538
"SM 42:6;3O",3183855,3619442,1519252,2816775,2067234,1654887,70848,10637119,532647
"SM 42:9;3O",294371,511733,538574,539878,286888,557929,488828,187725,383962
"SM 44:3;3O",4821036,6062696,621763,53730,30511,155135,4911900,825762,23699
"SM 44:4;3O",124930,764046,132013,1389606,35589,164498,283933,118297,12816
"SM 44:5;2O",176234,754233,879483,495711,489020,553790,8337,397295,151884
"SM 44:5;3O",1279921,1005818,260956,637698,328298,1899545,4122,3876593,207280
"SM 44:6;2O",193329,213572,248193,278903,398119,129591,21375,70879,246970
"SM 46:4;3O",48095,135265,276259,70748,42834,282584,4996338,91069,74941
"SM 46:5;3O",779448,3337583,495247,2396856,2107375,864220,194430,2605323,1793444
"SM 46:6;3O",1951482,2846518,1181517,1022893,1749421,4062200,73548,8169195,703079
"SM 48:7;3O",620532,813177,691208,829229,371816,1171848,21400,2137468,285450
"TG 32:0|TG 8:0_12:0_12:0",88230,156754,18146850,48872,55452,46098,477126,414414,43648
"TG 34:0|TG 10:0_12:0_12:0",46297,204470,11191737,11543,63240,7329,101340,332850,2946
"TG 42:0|TG 12:0_14:0_16:0",358001,740748,13747891,329135,648044,190765,368636,389195,938300
"TG 42:2|TG 8:0_16:0_18:2",98868,5479261,204074,447777,1332017,307178,572919,87517,24868
"TG 44:0|TG 14:0_14:0_16:0",3444516,5443254,1251832,2150326,2110760,965180,2749234,3662308,2266034
"TG 44:1|TG 10:0_16:0_18:1",1519705,4770896,1865967,1238773,977790,1155053,83472,2965566,1526899
"TG 44:2|TG 8:0_18:1_18:1",468362,4312908,1506396,1758327,1237034,1364709,1727258,1341015,530404
"TG 44:3|TG 8:0_18:1_18:2",50105,511261,227278,430535,17798,94485,412215,45401,148479
"TG 46:0|TG 14:0_16:0_16:0",5435117,9545523,10326689,3855131,4756706,3801089,10633453,6916403,3477203
"TG 46:1|TG 10:0_18:0_18:1",84237,195061,222430,998239,179190,735411,40829,438628,188880
"TG 46:1|TG 14:0_16:0_16:1",2954031,8416099,1003622,1935778,2262356,3586177,7324621,8947612,3717013
"TG 48:0|TG 14:0_16:0_18:0",288879,557430,3948996,152417,1281097,365403,6494538,6650848,496423
"TG 48:0|TG 16:0_16:0_16:0",7892370,24174856,18890968,4905398,6484662,11715031,20439208,21435412,6384244
"TG 48:1|TG 14:0_16:0_18:1",7068550,24531718,19695020,3248610,6802790,17201100,30857428,37280764,13780516
"TG 48:2|TG 14:0_16:0_18:2",4455244,20244758,12956354,2625794,5216242,14788611,11834555,29736394,11157884
"TG 48:3|TG 14:0_16:1_18:2",1860070,8982247,3666526,261401,2148369,3834637,304404,9928619,2683496
"TG 48:3|TG 16:1_16:1_16:1",1689020,95999,1898506,2125898,739021,1239438,529600,358861,1089480
"TG 50:0|TG 16:0_16:0_18:0",910304,2310629,15136153,2869705,3198561,15505676,44545820,28010932,11306304
"TG 50:1|TG 16:0_16:0_18:1",57785,44004,1912539,442891,2294,720510,88021,163921,1041
"TG 50:2|TG 16:0_16:0_18:2",26138076,34056416,80244856,10688310,5485200,57887008,182911152,87254288,13816647
"TG 50:2|TG 16:0_16:1_18:1",27507540,38885124,82850616,9446695,20713392,32666052,161651328,81793040,108688280
"TG 50:3|TG 16:0_16:1_18:2",1881347,36289884,1492632,374059,903166,4164512,5829454,7337632,4814385
"TG 50:4|TG 14:0_18:2_18:2",2239350,10903882,1406391,564425,1996577,9022302,14811545,15738262,2467010
"TG 52:0|TG 16:0_18:0_18:0",861,25903,218406,2593778,145644,849481,31891,61702,178665
"TG 52:1|TG 16:0_18:0_18:1",11804761,33476178,39703620,15597220,8243996,69272336,104186920,78715968,81608904
"TG 52:1|TG 18:0_18:0_16:1",42139,557223,4623414,49295564,31267,11593266,89535,62550,6371318
"TG 52:2|TG 16:0_18:1_18:1",58137660,170399984,206312560,77146424,41088464,372882336,529313024,461975200,492961664
"TG 52:3|TG 16:0_18:1_18:2",63010104,237864368,187906672,32896470,50945780,456796224,368020960,541810432,222283056
"TG 52:4|TG 16:0_18:2_18:2",30610158,101039720,65259200,11472641,26070768,244556096,41337604,271829280,49962304
"TG 52:5|TG 16:0_18:2_18:3",4345600,25790256,4331187,1512000,7119272,22605904,63915452,31354786,3661152
"TG 52:5|TG 16:1_18:2_18:2",2845678,5258426,6914684,461663,871642,11136116,5230701,18775440,3698852
"TG 54:0|TG 18:0_18:0_18:0",1418805,376033,20372,822856,102840,979212,3943520,1774971,670443
"TG 54:1|TG 18:0_18:0_18:1",2160262,3271388,130611,2731298,139465,10556684,20582958,6601948,5533188
"TG 54:2|TG 18:0_18:0_18:2",50272,4121795,717112,822241,20872,1550677,843581,79009,313827
"TG 54:2|TG 18:0_18:1_18:1",11505280,21848968,3791503,30341400,4533252,121005616,99782320,38070188,71366496
"TG 54:3|TG 18:0_18:1_18:2",3735376,6472424,9625996,3684058,5391708,33660388,114431752,50821140,9687726
"TG 54:3|TG 18:1_18:1_18:1",28932058,46445288,145376128,162130880,9561025,394243136,223683184,78207608,280523968
"TG 54:4|TG 18:1_18:1_18:2",47991072,86819208,129327936,35841208,20327030,183235216,268328112,137723520,73503632
"TG 54:5|TG 18:1_18:2_18:2",29620444,63064696,7684086,16758561,12370572,103161808,105236384,84382344,25960476
"TG 54:6|TG 18:1_18:2_18:3",18246562,34683292,17371726,5333710,5420940,30673262,401590112,40094000,6906483
"TG 54:6|TG 18:2_18:2_18:2",17197998,36128556,732923,4608150,787382,29916348,44011652,6321142,1320816
"TG 54:7|TG 18:1_18:2_18:4",36788,195679,75992,111915,20034,56027,17177028,6675,1698
"TG 54:7|TG 18:2_18:2_18:3",3243952,8278892,2033963,233413,1409283,6375809,65615912,10042666,1134525
"TG 54:8|TG 18:2_18:3_18:3",409488,1406362,265680,38078,178863,459951,9195644,921512,93776
"TG 56:0|TG 16:0_16:0_24:0",48226,119971,255478,146089,127969,168672,32517,47540,7340
"TG 56:0|TG 16:0_18:0_22:0",13381,144977,8153,15138,175150,32586,1630.6,178910,22020
"TG 56:2|TG 18:0_18:1_20:1",553854,787883,205990,557843,184664,3410854,8418536,2779662,8260497
"TG 56:2|TG 20:0_18:1_18:1",138597,162096,129664,1756522,36678,6919276,8618895,2587590,12000193
"TG 56:3|TG 18:1_18:1_20:1",1417119,2135560,1244538,1484780,568641,7072008,23427744,7271970,51710664
"TG 56:4|TG 18:1_20:1_18:2",1875239,900025,7030543,298266,986360,6133846,14869008,4774304,10621481
"TG 56:4|TG 20:0_18:1_18:3",623183,1517493,454897,192762,197529,2099526,1663979,1680124,691318
"TG 56:5|TG 18:1_18:2_20:2",2121870,3305652,5022674,420730,1133756,6209158,16452393,4353382,3525936
"TG 56:6|TG 18:0_18:1_20:5",243171,467914,88391,12544,12067,70826,22225844,130488,888620
"TG 56:6|TG 18:1_18:1_20:4",2923058,15917606,2657553,1243710,3650840,23748012,10130890,19085856,2970953
"TG 56:7|TG 16:0_18:1_22:6",11472,7787,45118,2806678,1557.4,3070935,140802,14684,18148
"TG 56:7|TG 18:1_18:2_20:4",1576747,9282783,1987699,830511,2262058,15358452,3549329,15522973,1349276
"TG 56:8|TG 16:0_18:2_22:6",290759,2886062,888305,380432,720890,7355005,1892916,8252868,463963
"TG 56:8|TG 18:2_18:2_20:4",522901,3818412,544413,615023,884803,3501094,164836,4394992,519034
"TG 56:9|TG 18:2_18:3_20:4",197877,1201214,26906,88610,284954,572953,118876,370460,78778
"TG 58:1|TG 16:0_24:0_18:1",5761,63400,61691,24644,118168,38634,33318,299841,12682
"TG 58:10|TG 18:0_20:5_20:5",781050,943790,46672,269434,16181,134480,32725046,143326,45457
"TG 58:10|TG 18:2_18:3_22:5",1641,16913,25558,109846,198.4,10590,5030480,4874,992
"TG 58:11|TG 18:1_20:5_20:5",102461,776172,93160,104393,911,2042,20932144,1026,2717
"TG 58:2|TG 20:0_18:1_20:1",194373,322080,67634,301333,95116,899259,519317,344144,883117
"TG 58:3|TG 18:1_20:1_20:1",98847,146579,47528,57949,102289,151884,98368,350975,1238188
"TG 58:7|TG 18:1_18:2_22:4",223537,2002446,77910,109016,63609,3277168,66992,2390409,304266
"TG 58:8|TG 18:1_18:1_22:6",168676,566534,288749,176983,469205,2215456,52517,2180151,339599
"TG 58:8|TG 18:1_18:2_22:5",86704,1024409,106066,111707,109373,1242114,206682,672491,93365
"TG 58:9|TG 18:1_18:2_22:6",335590,2713416,616422,425525,526381,3034629,431861,2972528,236852
"TG 60:11|TG 20:3_20:4_20:4",909,13599,14531,15306,199,5180,3447883,385,4232
"TG 60:2|TG 24:0_18:1_18:1",1610,41828,552634,25878,134487,20730,41668,95499,6153
"TG 60:3|TG 18:1_20:1_22:1",46817,26115,28083,5144,65964,56120,744546,146281,844965
